磁芯损耗，w/m3,频率，Hz,温度，oC,励磁波形,均值,中位数,总和,标准差,最小值,最大值,极差,变异系数,Q1,Q3,偏度,峰度,主频
1997.955250,50030,25,1,-0.000000,-0.000000,-0.000000,0.020400,-0.028840,0.028849,0.057689,-509506994.680052,-0.020325,0.020328,-0.000628,-1.497894,0.000976
2427.749830,50020,25,1,-0.000000,0.000020,-0.000000,0.022223,-0.031427,0.031419,0.062846,-875257321.976021,-0.022168,0.022127,-0.001225,-1.497873,0.000976
3332.725760,50020,25,1,-0.000000,-0.000000,-0.000000,0.025107,-0.035513,0.035535,0.071047,-25709019368.877937,-0.025043,0.025061,-0.000495,-1.496364,0.000976
4502.908007,50020,25,1,-0.000000,-0.000000,-0.000000,0.028263,-0.040025,0.040015,0.080041,-482350667.146284,-0.028196,0.028138,-0.001534,-1.494870,0.000976
6063.023248,50030,25,1,0.000000,0.000000,0.000000,0.031812,-0.045085,0.045028,0.090113,775614455.950028,-0.031703,0.031631,-0.002513,-1.495099,0.000976
14273.854210,50020,25,1,0.000000,0.000020,0.000000,0.044811,-0.063457,0.063309,0.126766,2549228366.389731,-0.044654,0.044634,-0.003596,-1.497608,0.000976
56401.529520,50020,25,1,-0.000000,0.000195,-0.000000,0.079141,-0.112064,0.111447,0.223511,-16208300320.930374,-0.078971,0.079003,-0.006878,-1.500067,0.000976
73651.317280,50020,25,1,-0.000000,0.000442,-0.000000,0.088715,-0.125600,0.124867,0.250467,-7570376271.469981,-0.088508,0.088598,-0.007506,-1.501537,0.000976
125047.812200,50020,25,1,-0.000000,0.000261,-0.000000,0.111470,-0.157896,0.156656,0.314552,-12682691950.114637,-0.111495,0.111392,-0.009520,-1.503379,0.000976
161776.605900,50020,25,1,-0.000000,0.000668,-0.000000,0.124452,-0.176390,0.174815,0.351204,-2831983690.085815,-0.124609,0.124240,-0.010766,-1.503391,0.000976
352985.627200,50020,25,1,0.000000,0.001409,0.000000,0.175052,-0.247595,0.244365,0.491960,16295706206.017469,-0.175761,0.175647,-0.014811,-1.511471,0.000976
441717.962400,50030,25,1,0.000000,0.002207,0.000000,0.193139,-0.273151,0.268992,0.542143,19777514636.802711,-0.194384,0.194005,-0.016950,-1.513706,0.000976
1759.006565,56320,25,1,0.000000,0.000000,0.000000,0.017575,-0.024866,0.024829,0.049694,1636043632.057214,-0.017533,0.017515,-0.001737,-1.498423,0.000976
2364.873224,56310,25,1,-0.000000,0.000005,-0.000000,0.019690,-0.027876,0.027813,0.055688,-3360413997.913759,-0.019667,0.019629,-0.002628,-1.498274,0.000976
3132.233226,56320,25,1,0.000000,0.000000,0.000000,0.022049,-0.031246,0.031157,0.062403,2822284877.792886,-0.021990,0.022002,-0.002897,-1.497236,0.000976
4363.429973,56320,25,1,0.000000,0.000000,0.000000,0.025039,-0.035525,0.035421,0.070946,1424459372.843695,-0.024938,0.024950,-0.003200,-1.494856,0.000976
5773.018252,56320,25,1,-0.000000,0.000024,-0.000000,0.028085,-0.039867,0.039719,0.079586,-1027105556.889879,-0.027985,0.027929,-0.003813,-1.494869,0.000976
9988.187279,56320,25,1,-0.000000,0.000078,-0.000000,0.034927,-0.049525,0.049291,0.098816,-760973136.744494,-0.034803,0.034851,-0.005083,-1.497138,0.000976
13463.780920,56310,25,1,-0.000000,0.000095,-0.000000,0.039611,-0.056190,0.055899,0.112089,-2385970720.486799,-0.039478,0.039539,-0.005508,-1.497361,0.000976
23248.314100,56310,25,1,0.000000,0.000035,0.000000,0.050090,-0.071156,0.070738,0.141894,625518204.829661,-0.049969,0.049906,-0.006422,-1.495215,0.000976
39002.198590,56320,25,1,-0.000000,0.000238,-0.000000,0.062267,-0.088251,0.087618,0.175869,-5796530990.689107,-0.062139,0.062079,-0.007600,-1.499338,0.000976
50069.234310,56320,25,1,-0.000000,0.000323,-0.000000,0.069347,-0.098323,0.097541,0.195863,-4177129605.072508,-0.069321,0.069299,-0.008569,-1.500145,0.000976
66762.876370,56320,25,1,-0.000000,0.000223,-0.000000,0.078510,-0.111342,0.110359,0.221701,-2115638220.657154,-0.078271,0.078294,-0.009445,-1.501717,0.000976
113796.113400,56310,25,1,-0.000000,0.000449,-0.000000,0.098314,-0.139395,0.137948,0.277343,-50336594962.930809,-0.098252,0.098405,-0.011173,-1.504323,0.000976
148257.112900,56310,25,1,0.000000,0.000621,0.000000,0.110001,-0.156059,0.154214,0.310273,4505661008.952851,-0.110020,0.109933,-0.012437,-1.504776,0.000976
198685.054500,56320,25,1,0.000000,0.000599,0.000000,0.123879,-0.175767,0.173504,0.349272,18121662338.390903,-0.123823,0.124140,-0.013502,-1.505784,0.000976
255933.267800,56320,25,1,-0.000000,0.000916,-0.000000,0.137800,-0.195473,0.192730,0.388203,-141095961514.386353,-0.137935,0.138117,-0.014711,-1.508217,0.000976
331623.217100,56320,25,1,-0.000000,0.001139,-0.000000,0.154309,-0.218360,0.214929,0.433289,-52671165531.408806,-0.154843,0.154771,-0.016272,-1.513722,0.000976
416358.316800,56320,25,1,-0.000000,0.001634,-0.000000,0.170012,-0.240404,0.236343,0.476747,-24870250342.838436,-0.171218,0.171185,-0.017359,-1.516513,0.000976
534557.298600,56310,25,1,-0.000000,0.001803,-0.000000,0.190305,-0.268948,0.263948,0.532896,-7495122796.870688,-0.191940,0.191726,-0.019260,-1.519911,0.000976
1507.127686,63010,25,1,-0.000000,0.000010,-0.000000,0.015650,-0.022159,0.022059,0.044218,-2003250099.517344,-0.015632,0.015646,-0.003968,-1.499802,0.000976
1987.499520,63020,25,1,0.000000,0.000021,0.000000,0.017533,-0.024833,0.024726,0.049559,448840908.168800,-0.017523,0.017503,-0.004102,-1.499028,0.000976
2690.828365,63020,25,1,-0.000000,0.000003,-0.000000,0.019783,-0.028038,0.027911,0.055950,-547513440.034240,-0.019752,0.019773,-0.004290,-1.497961,0.000976
4918.264521,63020,25,1,-0.000000,-0.000000,-0.000000,0.025074,-0.035575,0.035428,0.071003,-466826263.497408,-0.024950,0.025025,-0.004049,-1.495949,0.000976
6538.643558,63020,25,1,-0.000000,-0.000000,-0.000000,0.027954,-0.039632,0.039389,0.079021,-8651472430191206.000000,-0.027858,0.027894,-0.006017,-1.498584,0.000976
11504.916560,63020,25,1,-0.000000,0.000078,-0.000000,0.035342,-0.050163,0.049814,0.099977,-1340393292.823661,-0.035296,0.035277,-0.006947,-1.497664,0.000976
14827.082940,63020,25,1,0.000000,0.000054,0.000000,0.039632,-0.056285,0.055886,0.112170,541104681.402140,-0.039502,0.039462,-0.007046,-1.496569,0.000976
19682.181680,63020,25,1,0.000000,0.000105,0.000000,0.044614,-0.063400,0.062966,0.126366,45685906876.117416,-0.044375,0.044394,-0.006736,-1.495083,0.000976
26015.313620,63020,25,1,-0.000000,0.000118,-0.000000,0.050161,-0.071324,0.070768,0.142092,-1467572082.368077,-0.049996,0.049929,-0.007854,-1.495387,0.000976
33431.108900,63020,25,1,-0.000000,0.000184,-0.000000,0.055774,-0.079125,0.078459,0.157584,-1842324654.763736,-0.055631,0.055617,-0.008307,-1.497941,0.000976
43311.217060,63020,25,1,0.000000,0.000364,0.000000,0.062461,-0.088691,0.087841,0.176531,6396031821.710522,-0.062272,0.062352,-0.009644,-1.498362,0.000976
56888.046490,63020,25,1,0.000000,0.000397,0.000000,0.070288,-0.099795,0.098823,0.198618,1673841872.060261,-0.070094,0.070182,-0.010032,-1.499592,0.000976
73132.612120,63020,25,1,0.000000,0.000461,0.000000,0.078411,-0.111380,0.110218,0.221599,1911737992.955328,-0.078320,0.078259,-0.010567,-1.499538,0.000976
96561.454890,63020,25,1,-0.000000,0.000418,-0.000000,0.088519,-0.125783,0.124336,0.250119,-30214330233.022312,-0.088386,0.088353,-0.011788,-1.500564,0.000976
124836.890700,63020,25,1,-0.000000,0.000449,-0.000000,0.098998,-0.140773,0.138987,0.279760,-5631888222.251212,-0.098706,0.098891,-0.012919,-1.500264,0.000976
164156.680800,63020,25,1,0.000000,0.000927,0.000000,0.111458,-0.158574,0.156474,0.315048,57066035003.669548,-0.111425,0.111157,-0.013655,-1.499974,0.000976
213181.992400,63020,25,1,-0.000000,0.001061,-0.000000,0.124858,-0.177671,0.175147,0.352818,-3652977932.354592,-0.124616,0.124859,-0.014667,-1.501266,0.000976
272698.868300,63020,25,1,0.000000,0.001193,0.000000,0.139313,-0.197857,0.194790,0.392647,20379308271.827518,-0.139516,0.139527,-0.015942,-1.505519,0.000976
345321.440200,63020,25,1,-0.000000,0.001194,-0.000000,0.154553,-0.219521,0.215860,0.435382,-19782741407.507591,-0.154935,0.154954,-0.017075,-1.506709,0.000976
450682.327600,63030,25,1,-0.000000,0.002059,-0.000000,0.174231,-0.247350,0.242998,0.490348,-6152159168.227621,-0.174473,0.174898,-0.018090,-1.509106,0.000976
568872.009900,63030,25,1,-0.000000,0.001860,-0.000000,0.193217,-0.274316,0.268988,0.543303,-17986815918.330570,-0.193603,0.194244,-0.019711,-1.511011,0.000976
2225.097322,70840,25,1,0.000000,0.000000,0.000000,0.017482,-0.024754,0.024688,0.049442,319672374.652788,-0.017432,0.017464,-0.002904,-1.498308,0.000976
3024.184603,70840,25,1,0.000000,0.000019,0.000000,0.019796,-0.028060,0.027983,0.056043,1266913892.805891,-0.019751,0.019732,-0.002779,-1.496183,0.000976
4089.657062,70840,25,1,-0.000000,0.000000,-0.000000,0.022268,-0.031578,0.031476,0.063054,-2280233098.841107,-0.022184,0.022202,-0.003633,-1.496243,0.000976
5561.224672,70840,25,1,0.000000,0.000000,0.000000,0.024837,-0.035157,0.035053,0.070210,12716398487.035269,-0.024796,0.024807,-0.003117,-1.498765,0.000976
7428.611375,70840,25,1,-0.000000,-0.000000,-0.000000,0.027898,-0.039528,0.039365,0.078893,-1098751310.076182,-0.027809,0.027851,-0.004600,-1.497959,0.000976
9781.334899,70840,25,1,0.000000,0.000060,0.000000,0.031272,-0.044336,0.044129,0.088464,941835151.064930,-0.031227,0.031172,-0.005056,-1.497744,0.000976
13030.140140,70830,25,1,0.000000,0.000001,0.000000,0.035238,-0.049984,0.049744,0.099728,1640150640.749943,-0.035142,0.035086,-0.005060,-1.496874,0.000976
17428.607150,70840,25,1,0.000000,0.000124,0.000000,0.039705,-0.056385,0.056075,0.112460,3388163355.583073,-0.039618,0.039604,-0.005790,-1.495219,0.000976
38034.451680,70840,25,1,0.000000,0.000154,0.000000,0.055704,-0.078999,0.078503,0.157502,19013602879.887539,-0.055461,0.055509,-0.006826,-1.497861,0.000976
64866.789040,70840,25,1,0.000000,0.000181,0.000000,0.070189,-0.099630,0.098839,0.198469,11978872466.398851,-0.070045,0.070053,-0.008490,-1.498597,0.000976
84929.729440,70840,25,1,0.000000,0.000400,0.000000,0.078901,-0.112003,0.111065,0.223068,80797550883.576950,-0.078695,0.078843,-0.008996,-1.499395,0.000976
109923.077000,70840,25,1,-0.000000,0.000550,-0.000000,0.088177,-0.125261,0.124095,0.249356,-5643340088.398753,-0.087865,0.088075,-0.009989,-1.498882,0.000976
144795.596300,70840,25,1,0.000000,0.000423,0.000000,0.099310,-0.141205,0.139764,0.280968,16948968423.242741,-0.099162,0.098932,-0.010840,-1.498192,0.000976
398991.665900,70840,25,1,0.000000,0.001332,0.000000,0.154810,-0.219944,0.216688,0.436632,4171715116.597685,-0.154732,0.154990,-0.015469,-1.504880,0.000976
677349.197100,70840,25,1,-0.000000,0.002315,-0.000000,0.195666,-0.278164,0.273112,0.551276,-66783207157.986076,-0.196237,0.196019,-0.018952,-1.507016,0.000976
1351.668508,79470,25,1,-0.000000,-0.000000,-0.000000,0.013842,-0.019575,0.019528,0.039103,-329641285.176756,-0.013819,0.013836,-0.002697,-1.500087,0.000976
2547.825849,79460,25,1,-0.000000,-0.000000,-0.000000,0.017619,-0.024960,0.024901,0.049861,-440034273.347334,-0.017556,0.017579,-0.002675,-1.496769,0.000976
3427.227242,79460,25,1,0.000000,0.000017,0.000000,0.019874,-0.028169,0.028096,0.056266,415329592.437373,-0.019834,0.019784,-0.002713,-1.496859,0.000976
4655.897506,79470,25,1,-0.000000,-0.000000,-0.000000,0.022117,-0.031297,0.031205,0.062502,-539228075.324209,-0.022044,0.022095,-0.003119,-1.499401,0.000976
6205.058112,79460,25,1,0.000000,0.000000,0.000000,0.024803,-0.035118,0.034995,0.070113,3628284392.833179,-0.024746,0.024751,-0.003593,-1.498688,0.000976
8367.055189,79460,25,1,0.000000,0.000064,0.000000,0.027970,-0.039609,0.039477,0.079085,2045782035.428889,-0.027938,0.027901,-0.003646,-1.498672,0.000976
11089.487720,79470,25,1,0.000000,0.000054,0.000000,0.031400,-0.044510,0.044324,0.088834,4593349132.683982,-0.031364,0.031289,-0.004490,-1.497566,0.000976
14658.562850,79470,25,1,0.000000,0.000064,0.000000,0.035173,-0.049916,0.049694,0.099610,1385287989.108631,-0.035055,0.035076,-0.004834,-1.495494,0.000976
19233.502710,79470,25,1,-0.000000,-0.000000,-0.000000,0.039715,-0.056381,0.056103,0.112484,-462143875.069888,-0.039539,0.039563,-0.005307,-1.495774,0.000976
32688.692280,79460,25,1,-0.000000,0.000051,-0.000000,0.049501,-0.070193,0.069754,0.139947,-2413752087.146663,-0.049323,0.049298,-0.006814,-1.497981,0.000976
55945.836780,79460,25,1,0.000000,0.000239,0.000000,0.062289,-0.088388,0.087733,0.176121,15945858695.448185,-0.062058,0.062069,-0.007834,-1.498440,0.000976
74362.246120,79460,25,1,-0.000000,0.000261,-0.000000,0.070349,-0.099862,0.099049,0.198911,-3791432758.578517,-0.070278,0.070199,-0.008702,-1.498923,0.000976
128576.416200,79460,25,1,-0.000000,0.000462,-0.000000,0.088838,-0.126312,0.125062,0.251374,-2165945019.548209,-0.088644,0.088487,-0.010469,-1.497550,0.000976
166639.673600,79460,25,1,-0.000000,0.000737,-0.000000,0.099402,-0.141386,0.139882,0.281268,-5987490050.587562,-0.099002,0.099218,-0.011399,-1.498189,0.000976
218449.896500,79470,25,1,0.000000,0.000592,0.000000,0.111630,-0.158497,0.156669,0.315167,22861809347.436970,-0.111487,0.111329,-0.012233,-1.501684,0.000976
273541.545000,79460,25,1,0.000000,0.001093,0.000000,0.123059,-0.174851,0.172642,0.347493,5040481625.508535,-0.122843,0.122988,-0.013557,-1.501692,0.000976
360199.272100,79460,25,1,0.000000,0.001011,0.000000,0.138789,-0.197246,0.194522,0.391768,23686405909.227291,-0.138779,0.138740,-0.014752,-1.502830,0.000976
461810.566700,79460,25,1,-0.000000,0.001199,-0.000000,0.154816,-0.220195,0.216796,0.436991,-52844147808.279938,-0.154774,0.154813,-0.016424,-1.503202,0.000976
613904.336200,79460,25,1,0.000000,0.001400,0.000000,0.175360,-0.249594,0.245326,0.494921,179558278585.464050,-0.175412,0.175179,-0.017883,-1.503399,0.000976
1129.391913,89080,25,1,-0.000000,-0.000000,-0.000000,0.012379,-0.017506,0.017465,0.034971,-905472118.173814,-0.012356,0.012380,-0.002472,-1.500615,0.000976
1532.851361,89080,25,1,-0.000000,0.000022,-0.000000,0.013960,-0.019750,0.019692,0.039442,-680728683.175048,-0.013951,0.013955,-0.003256,-1.500150,0.000976
2119.668152,89080,25,1,-0.000000,-0.000000,-0.000000,0.015683,-0.022222,0.022148,0.044370,-3211972909.952055,-0.015625,0.015658,-0.003592,-1.497563,0.000976
5166.874084,89090,25,1,0.000000,0.000000,0.000000,0.022020,-0.031176,0.031061,0.062238,524382197.194025,-0.021959,0.022000,-0.004023,-1.499033,0.000976
7061.093869,89080,25,1,-0.000000,0.000028,-0.000000,0.024844,-0.035191,0.035041,0.070231,-2120025164.658251,-0.024835,0.024786,-0.004519,-1.499264,0.000976
9430.124430,89080,25,1,0.000000,0.000000,0.000000,0.027880,-0.039513,0.039327,0.078840,320776552.176285,-0.027807,0.027860,-0.005046,-1.498524,0.000976
12766.462460,89080,25,1,0.000000,0.000019,0.000000,0.031483,-0.044664,0.044448,0.089112,16119095859.782511,-0.031410,0.031426,-0.005209,-1.496565,0.000976
21893.480220,89090,25,1,-0.000000,0.000108,-0.000000,0.039308,-0.055684,0.055365,0.111049,-2983657483302294.000000,-0.039296,0.039299,-0.006029,-1.498399,0.000976
28291.141840,89080,25,1,-0.000000,0.000167,-0.000000,0.044093,-0.062499,0.062112,0.124612,-22575611621.018826,-0.044014,0.044021,-0.006697,-1.498368,0.000976
49708.073260,89090,25,1,0.000000,0.000267,0.000000,0.055834,-0.079221,0.078637,0.157858,5717386144.324511,-0.055782,0.055724,-0.007951,-1.498573,0.000976
65196.276380,89080,25,1,0.000000,0.000318,0.000000,0.062656,-0.088949,0.088198,0.177148,4582847723.329702,-0.062593,0.062571,-0.009034,-1.499011,0.000976
85243.358860,89080,25,1,-0.000000,0.000442,-0.000000,0.070192,-0.099711,0.098804,0.198515,-4492261278.741845,-0.070095,0.070006,-0.009824,-1.498323,0.000976
112150.646700,89090,25,1,-0.000000,0.000421,-0.000000,0.078795,-0.112046,0.110936,0.222982,-26894958052.190742,-0.078595,0.078572,-0.010561,-1.497139,0.000976
147631.753300,89080,25,1,-0.000000,0.000393,-0.000000,0.088593,-0.126049,0.124657,0.250706,-18143969551.363495,-0.088269,0.088361,-0.011800,-1.497810,0.000976
193355.832200,89090,25,1,0.000000,0.000762,0.000000,0.099347,-0.141132,0.139411,0.280543,4238808072.666701,-0.099270,0.099337,-0.012946,-1.501184,0.000976
245886.896200,89080,25,1,-0.000000,0.000911,-0.000000,0.110165,-0.156592,0.154546,0.311138,-37603212669.424202,-0.110119,0.110158,-0.013914,-1.501116,0.000976
321281.574600,89090,25,1,-0.000000,0.001127,-0.000000,0.123739,-0.175945,0.173459,0.349404,-8447217361.777164,-0.123768,0.123782,-0.015021,-1.501918,0.000976
415631.781900,89090,25,1,-0.000000,0.000945,-0.000000,0.138278,-0.196778,0.193693,0.390472,-14159652132.064896,-0.138049,0.138230,-0.016698,-1.501946,0.000976
542772.715800,89090,25,1,-0.000000,0.001746,-0.000000,0.155405,-0.221371,0.217607,0.438977,-79564791275.553879,-0.155398,0.155108,-0.018052,-1.501190,0.000976
711545.317100,89080,25,1,0.000000,0.001782,0.000000,0.175139,-0.249594,0.244854,0.494449,89676270970.888885,-0.174936,0.174877,-0.020084,-1.503024,0.000976
896343.421300,89090,25,1,-0.000000,0.002696,-0.000000,0.192933,-0.274454,0.268636,0.543091,-14111718633.833109,-0.193410,0.193245,-0.022343,-1.507558,0.000976
1299.233133,99950,25,1,-0.000000,-0.000000,-0.000000,0.012392,-0.017509,0.017496,0.035005,-2842525073571264.000000,-0.012373,0.012375,-0.001018,-1.500347,0.000976
1755.831126,99950,25,1,-0.000000,0.000015,-0.000000,0.013953,-0.019729,0.019720,0.039449,-2041107605.495296,-0.013930,0.013920,-0.001167,-1.498329,0.000976
2390.408185,99950,25,1,-0.000000,-0.000000,-0.000000,0.015715,-0.022240,0.022208,0.044449,-1005774634.680762,-0.015684,0.015678,-0.001738,-1.498245,0.000976
3242.978165,99950,25,1,0.000000,0.000029,0.000000,0.017500,-0.024724,0.024682,0.049406,426663477.235248,-0.017464,0.017452,-0.002260,-1.500852,0.000976
5892.742949,99960,25,1,-0.000000,0.000012,-0.000000,0.022121,-0.031283,0.031224,0.062507,-1415713664.608927,-0.022057,0.022066,-0.002336,-1.499852,0.000976
7874.711430,99950,25,1,-0.000000,-0.000000,-0.000000,0.024763,-0.035044,0.034953,0.069997,-12678680998.982058,-0.024715,0.024755,-0.002693,-1.499090,0.000976
10735.425910,99950,25,1,-0.000000,0.000049,-0.000000,0.027926,-0.039557,0.039450,0.079007,-453907513.109662,-0.027825,0.027821,-0.003167,-1.497222,0.000976
14477.247740,99950,25,1,-0.000000,-0.000000,-0.000000,0.031491,-0.044634,0.044491,0.089125,-977174818.420752,-0.031442,0.031435,-0.003711,-1.497080,0.000976
18907.917710,99950,25,1,-0.000000,0.000088,-0.000000,0.035073,-0.049599,0.049435,0.099034,-945125978.964370,-0.035005,0.035037,-0.003812,-1.499193,0.000976
42837.664820,99950,25,1,0.000000,0.000072,0.000000,0.049616,-0.070298,0.069944,0.140241,2209004274.657039,-0.049503,0.049548,-0.005687,-1.499021,0.000976
74230.018990,99950,25,1,-0.000000,0.000196,-0.000000,0.062382,-0.088470,0.087890,0.176360,-21292883318.222317,-0.062172,0.062301,-0.007247,-1.498729,0.000976
99316.153000,99950,25,1,-0.000000,0.000264,-0.000000,0.070492,-0.100081,0.099362,0.199444,-36092311322.643211,-0.070254,0.070259,-0.007910,-1.497353,0.000976
281919.836700,99950,25,1,0.000000,0.000545,0.000000,0.109589,-0.155529,0.153916,0.309445,8015678951.788322,-0.109575,0.109652,-0.011336,-1.501554,0.000976
371891.585500,99950,25,1,0.000000,0.000700,0.000000,0.123399,-0.175255,0.173215,0.348470,126362695913.296265,-0.123338,0.123467,-0.012523,-1.501453,0.000976
486551.228100,99950,25,1,0.000000,0.000956,0.000000,0.138412,-0.196776,0.194284,0.391061,17716810102.977612,-0.138099,0.138417,-0.013666,-1.500544,0.000976
642255.327200,99950,25,1,-0.000000,0.001294,-0.000000,0.156456,-0.222511,0.219437,0.441948,-3204230002.200842,-0.156045,0.156430,-0.014744,-1.501597,0.000976
808495.904800,99950,25,1,-0.000000,0.001121,-0.000000,0.172070,-0.244225,0.240633,0.484858,-17619747883.385723,-0.172118,0.172276,-0.015748,-1.505347,0.000976
1026883.575000,99950,25,1,0.000000,0.001749,0.000000,0.191574,-0.271881,0.267734,0.539616,3772527858.611575,-0.191948,0.191885,-0.016048,-1.506377,0.000976
1114.703914,112170,25,1,-0.000000,0.000005,-0.000000,0.011314,-0.015997,0.015975,0.031973,-3861914616.737488,-0.011308,0.011297,-0.001295,-1.499701,0.000976
1964.803519,112160,25,1,0.000000,0.000000,0.000000,0.013978,-0.019787,0.019741,0.039528,1789177880.203085,-0.013958,0.013951,-0.002295,-1.498615,0.000976
3628.229323,112160,25,1,-0.000000,-0.000000,-0.000000,0.017451,-0.024667,0.024609,0.049276,-541508620.114460,-0.017445,0.017426,-0.002288,-1.500722,0.000976
4949.221631,112160,25,1,0.000000,0.000003,0.000000,0.019700,-0.027852,0.027794,0.055646,517244854.902260,-0.019678,0.019659,-0.002148,-1.500439,0.000976
6603.373697,112160,25,1,-0.000000,0.000026,-0.000000,0.022053,-0.031195,0.031126,0.062321,-1075355852.012492,-0.022003,0.022005,-0.002308,-1.499676,0.000976
9111.892514,112170,25,1,-0.000000,0.000016,-0.000000,0.024896,-0.035256,0.035171,0.070427,-1062230446.324355,-0.024810,0.024816,-0.002500,-1.497591,0.000976
21305.047720,112160,25,1,0.000000,0.000056,0.000000,0.035020,-0.049533,0.049359,0.098892,2390661153.569086,-0.034923,0.034963,-0.003382,-1.499709,0.000976
28708.388370,112160,25,1,-0.000000,0.000071,-0.000000,0.039476,-0.055855,0.055652,0.111507,-2887358678.457651,-0.039351,0.039451,-0.003781,-1.500096,0.000976
36731.578400,112160,25,1,0.000000,0.000000,0.000000,0.043989,-0.062281,0.062027,0.124308,2815321944.478999,-0.043943,0.043871,-0.004213,-1.499393,0.000976
49122.632390,112160,25,1,0.000000,0.000107,0.000000,0.049560,-0.070180,0.069875,0.140054,7249994256.573947,-0.049434,0.049556,-0.004523,-1.499620,0.000976
64903.797230,112160,25,1,0.000000,0.000131,0.000000,0.055561,-0.078728,0.078351,0.157080,28447034137.034092,-0.055432,0.055463,-0.004942,-1.498847,0.000976
114103.332200,112160,25,1,-0.000000,0.000177,-0.000000,0.070223,-0.099650,0.099044,0.198694,-23969604537.989902,-0.070030,0.070035,-0.006303,-1.497771,0.000976
194634.295400,112160,25,1,-0.000000,0.000299,-0.000000,0.087591,-0.124162,0.123227,0.247390,-22423407638.219112,-0.087371,0.087603,-0.007714,-1.500462,0.000976
329555.134300,112160,25,1,-0.000000,0.000205,-0.000000,0.109731,-0.155679,0.154325,0.310004,-56183689144.591087,-0.109639,0.109456,-0.009130,-1.500580,0.000976
432205.104300,112160,25,1,-0.000000,0.000604,-0.000000,0.122988,-0.174657,0.172992,0.347649,-6996636807.569499,-0.122940,0.123005,-0.010023,-1.499415,0.000976
579176.773800,112160,25,1,-0.000000,0.000710,-0.000000,0.139555,-0.198282,0.196221,0.394503,-3760651899.109503,-0.139464,0.139394,-0.010947,-1.500019,0.000976
737413.581800,112160,25,1,0.000000,0.000705,0.000000,0.154097,-0.218625,0.216042,0.434667,8766457606.172411,-0.154007,0.153986,-0.012349,-1.503456,0.000976
1223675.078000,112160,25,1,-0.000000,0.001664,-0.000000,0.193228,-0.274298,0.270371,0.544670,-39573850053.129524,-0.193364,0.193270,-0.014819,-1.505214,0.000976
1472.545902,125860,25,1,0.000000,0.000000,0.000000,0.011892,-0.016812,0.016809,0.033621,176482807.361296,-0.011868,0.011867,-0.000234,-1.499234,0.000976
2256.015194,125850,25,1,0.000000,0.000000,0.000000,0.013829,-0.019518,0.019514,0.039031,615689208.133384,-0.013827,0.013800,-0.000167,-1.501560,0.000976
3084.707485,125860,25,1,-0.000000,-0.000000,-0.000000,0.015603,-0.022032,0.022024,0.044056,-380413111.276745,-0.015582,0.015591,-0.000347,-1.500930,0.000976
4200.974078,125860,25,1,0.000000,0.000000,0.000000,0.017550,-0.024783,0.024777,0.049560,816873616.769195,-0.017547,0.017541,-0.000498,-1.501158,0.000976
5525.178254,125850,25,1,-0.000000,-0.000000,-0.000000,0.019556,-0.027640,0.027613,0.055252,-541234005.253218,-0.019557,0.019528,-0.001049,-1.500318,0.000976
13775.450030,125860,25,1,0.000000,0.000000,0.000000,0.027812,-0.039270,0.039223,0.078493,263697617.650837,-0.027827,0.027828,-0.001375,-1.500175,0.000976
18310.960220,125850,25,1,-0.000000,-0.000000,-0.000000,0.031142,-0.044003,0.043920,0.087923,-613254649.100582,-0.031099,0.031092,-0.002023,-1.500317,0.000976
24421.931840,125860,25,1,0.000000,0.000000,0.000000,0.034990,-0.049452,0.049366,0.098818,663505995.214614,-0.034981,0.034986,-0.002017,-1.500516,0.000976
32684.681290,125860,25,1,0.000000,0.000000,0.000000,0.039307,-0.055590,0.055470,0.111060,8050122836.085095,-0.039267,0.039301,-0.002343,-1.499676,0.000976
56884.910870,125860,25,1,0.000000,0.000011,0.000000,0.049608,-0.070215,0.070011,0.140226,1080812618.905427,-0.049557,0.049587,-0.003186,-1.499105,0.000976
76878.870800,125850,25,1,0.000000,0.000000,0.000000,0.055972,-0.079298,0.079051,0.158349,7164331031.645174,-0.055904,0.055784,-0.003327,-1.497549,0.000976
172790.731000,125860,25,1,0.000000,0.000000,0.000000,0.077962,-0.110365,0.109835,0.220200,79828377363.058029,-0.077932,0.077909,-0.005120,-1.500408,0.000976
516365.550600,125860,25,1,-0.000000,0.000555,-0.000000,0.123959,-0.175925,0.174572,0.350497,-15866756143.391985,-0.123693,0.123865,-0.008180,-1.499477,0.000976
679260.437000,125860,25,1,0.000000,0.000819,0.000000,0.138540,-0.196282,0.194586,0.390868,141861125363.496246,-0.138579,0.138478,-0.009181,-1.502706,0.000976
1402.690272,141250,25,1,-0.000000,-0.000000,-0.000000,0.011123,-0.015727,0.015722,0.031449,-392757887.252425,-0.011096,0.011116,-0.000308,-1.499231,0.000976
3564.375400,141260,25,1,-0.000000,-0.000000,-0.000000,0.015611,-0.022051,0.022031,0.044082,-614824158.649903,-0.015608,0.015591,-0.000958,-1.501260,0.000976
4792.365224,141270,25,1,-0.000000,0.000004,-0.000000,0.017461,-0.024670,0.024653,0.049323,-2980095999.398396,-0.017439,0.017449,-0.000801,-1.500582,0.000976
8888.402923,141270,25,1,-0.000000,-0.000000,-0.000000,0.022196,-0.031408,0.031370,0.062778,-1623504674.618249,-0.022161,0.022149,-0.001392,-1.498536,0.000976
20972.823180,141260,25,1,-0.000000,-0.000000,-0.000000,0.031088,-0.043933,0.043846,0.087779,-816265840.679028,-0.031055,0.031084,-0.002020,-1.500947,0.000976
37837.055150,141260,25,1,0.000000,0.000011,0.000000,0.039299,-0.055582,0.055441,0.111022,6706997912.502420,-0.039247,0.039265,-0.002711,-1.500283,0.000976
49742.165410,141260,25,1,0.000000,0.000026,0.000000,0.044201,-0.062551,0.062379,0.124930,3771847964.790964,-0.044079,0.044081,-0.002810,-1.499341,0.000976
67223.839930,141260,25,1,-0.000000,0.000057,-0.000000,0.049785,-0.070524,0.070299,0.140824,-50979117163.421127,-0.049636,0.049639,-0.003300,-1.497869,0.000976
89782.665390,141270,25,1,0.000000,0.000005,0.000000,0.055958,-0.079300,0.079012,0.158311,11460269221.040911,-0.055827,0.055858,-0.003810,-1.497942,0.000976
266704.696600,141260,25,1,-0.000000,0.000115,-0.000000,0.087431,-0.123867,0.123182,0.247049,-1352221404783875.000000,-0.087297,0.087240,-0.005955,-1.500050,0.000976
357572.773100,141260,25,1,0.000000,0.000097,0.000000,0.098891,-0.140249,0.139397,0.279646,2066628844.487444,-0.098798,0.098831,-0.006519,-1.498664,0.000976
619011.833800,141260,25,1,-0.000000,0.000233,-0.000000,0.124065,-0.175731,0.174385,0.350117,-5081733613.088508,-0.123936,0.123762,-0.008092,-1.502058,0.000976
1026071.684000,141260,25,1,0.000000,0.000907,0.000000,0.154649,-0.219325,0.217229,0.436554,10557336007.009134,-0.154706,0.154565,-0.010115,-1.502165,0.000976
1187.754171,158500,25,1,-0.000000,-0.000000,-0.000000,0.009868,-0.013951,0.013946,0.027897,-459307103.943677,-0.009856,0.009838,-0.000467,-1.499481,0.000976
1192.605834,158500,25,1,-0.000000,-0.000000,-0.000000,0.009879,-0.013968,0.013962,0.027930,-177479126.696101,-0.009860,0.009849,-0.000500,-1.499448,0.000976
1641.045747,158500,25,1,0.000000,0.000000,0.000000,0.011004,-0.015527,0.015522,0.031049,626002668.034595,-0.010978,0.011005,-0.000370,-1.502127,0.000976
3044.949531,158500,25,1,-0.000000,-0.000000,-0.000000,0.013932,-0.019677,0.019663,0.039340,-1783277408.572670,-0.013918,0.013916,-0.000695,-1.501425,0.000976
4080.613099,158500,25,1,0.000000,0.000000,0.000000,0.015585,-0.022018,0.022001,0.044019,295544313.711985,-0.015583,0.015551,-0.000723,-1.500867,0.000976
5648.015608,158510,25,1,0.000000,0.000000,0.000000,0.017551,-0.024821,0.024795,0.049617,304607411.177446,-0.017546,0.017498,-0.001029,-1.498853,0.000976
13587.381000,158500,25,1,-0.000000,0.000012,-0.000000,0.024702,-0.034884,0.034833,0.069717,-6323792290.780916,-0.024647,0.024685,-0.001634,-1.501134,0.000976
18242.289490,158500,25,1,0.000000,0.000013,0.000000,0.027712,-0.039138,0.039070,0.078208,4053904615.639647,-0.027649,0.027682,-0.001873,-1.501677,0.000976
24635.109590,158510,25,1,-0.000000,-0.000000,-0.000000,0.031115,-0.043980,0.043889,0.087869,-7965529637.730069,-0.031117,0.031071,-0.002074,-1.500774,0.000976
33238.530900,158510,25,1,0.000000,0.000000,0.000000,0.035059,-0.049568,0.049447,0.099015,35900731909.997063,-0.035035,0.035013,-0.002496,-1.500870,0.000976
44430.179650,158500,25,1,0.000000,0.000043,0.000000,0.039359,-0.055674,0.055539,0.111213,732789900.031725,-0.039285,0.039257,-0.002605,-1.499881,0.000976
59069.015230,158500,25,1,0.000000,0.000000,0.000000,0.044329,-0.062775,0.062595,0.125369,1375532738.786596,-0.044285,0.044308,-0.003086,-1.498130,0.000976
79066.427670,158500,25,1,-0.000000,-0.000000,-0.000000,0.049811,-0.070570,0.070341,0.140910,-2040277945.511855,-0.049721,0.049757,-0.003522,-1.498192,0.000976
107275.105700,158500,25,1,-0.000000,-0.000000,-0.000000,0.055839,-0.078966,0.078681,0.157647,-2722830098.241713,-0.055836,0.055726,-0.003739,-1.501195,0.000976
139304.131600,158500,25,1,-0.000000,0.000043,-0.000000,0.062185,-0.087995,0.087650,0.175644,-2894425482.052128,-0.062077,0.062142,-0.004209,-1.500377,0.000976
183014.864800,158500,25,1,-0.000000,0.000090,-0.000000,0.069648,-0.098590,0.098135,0.196725,-2097629831.094553,-0.069617,0.069592,-0.004812,-1.500703,0.000976
237859.957500,158510,25,1,0.000000,0.000225,0.000000,0.077632,-0.109933,0.109394,0.219327,7949485423.294882,-0.077514,0.077655,-0.005272,-1.500249,0.000976
320931.363700,158500,25,1,0.000000,0.000263,0.000000,0.087959,-0.124716,0.124022,0.248738,18014001778.248489,-0.087750,0.087764,-0.005861,-1.498452,0.000976
556312.925600,158500,25,1,-0.000000,0.000382,-0.000000,0.110310,-0.156241,0.155128,0.311369,-22591605957.659241,-0.110300,0.110095,-0.007388,-1.501737,0.000976
1455.296582,177820,25,1,0.000000,0.000000,0.000000,0.009794,-0.013819,0.013817,0.027636,1075490840541399.375000,-0.009788,0.009775,-0.000281,-1.502267,0.000976
1947.216719,177820,25,1,0.000000,0.000000,0.000000,0.010978,-0.015497,0.015487,0.030984,281034114.071864,-0.010965,0.010964,-0.000535,-1.501816,0.000976
2619.028052,177820,25,1,-0.000000,-0.000000,-0.000000,0.012365,-0.017458,0.017448,0.034906,-234478833.103252,-0.012341,0.012368,-0.000655,-1.501879,0.000976
3573.989819,177830,25,1,0.000000,0.000000,0.000000,0.013916,-0.019657,0.019641,0.039298,192562761.776273,-0.013910,0.013887,-0.000684,-1.501134,0.000976
4896.646627,177820,25,1,-0.000000,-0.000000,-0.000000,0.015659,-0.022146,0.022119,0.044264,-8017545841.738895,-0.015657,0.015625,-0.001111,-1.499167,0.000976
8757.571039,177820,25,1,-0.000000,-0.000000,-0.000000,0.019650,-0.027734,0.027699,0.055434,-3353584235.502261,-0.019662,0.019631,-0.001242,-1.501223,0.000976
15704.902590,177820,25,1,0.000000,0.000010,0.000000,0.024574,-0.034703,0.034647,0.069351,2287631152.826219,-0.024522,0.024559,-0.001870,-1.501854,0.000976
21387.241180,177820,25,1,-0.000000,0.000025,-0.000000,0.027668,-0.039104,0.039029,0.078133,-1011865225.910520,-0.027605,0.027640,-0.002075,-1.500943,0.000976
29039.826330,177820,25,1,0.000000,0.000000,0.000000,0.031228,-0.044142,0.044045,0.088187,1332405347.963623,-0.031189,0.031228,-0.002281,-1.501136,0.000976
38777.392200,177820,25,1,0.000000,0.000045,0.000000,0.034981,-0.049478,0.049357,0.098835,17910124422.106068,-0.034917,0.034906,-0.002502,-1.500092,0.000976
51692.856590,177820,25,1,0.000000,0.000018,0.000000,0.039377,-0.055746,0.055605,0.111351,40322473374.608200,-0.039273,0.039270,-0.002737,-1.498449,0.000976
69575.884160,177820,25,1,0.000000,0.000000,0.000000,0.044292,-0.062724,0.062545,0.125269,1417352271.132286,-0.044225,0.044244,-0.003077,-1.498656,0.000976
94829.760400,177820,25,1,-0.000000,0.000048,-0.000000,0.049635,-0.070181,0.069933,0.140114,-891689122.799114,-0.049587,0.049516,-0.003669,-1.501293,0.000976
123936.178800,177820,25,1,0.000000,0.000127,0.000000,0.055288,-0.078213,0.077930,0.156143,5146823238.731520,-0.055190,0.055251,-0.003797,-1.500666,0.000976
216240.599600,177820,25,1,0.000000,0.000010,0.000000,0.069511,-0.098421,0.097973,0.196394,23726287904.631958,-0.069386,0.069436,-0.004773,-1.500267,0.000976
290107.592800,177820,25,1,0.000000,0.000270,0.000000,0.078395,-0.111127,0.110556,0.221683,13379422009.892305,-0.078272,0.078341,-0.005438,-1.498541,0.000976
381807.546400,177820,25,1,-0.000000,0.000289,-0.000000,0.087987,-0.124787,0.124066,0.248854,-5631156589.989387,-0.087796,0.087796,-0.006075,-1.498656,0.000976
508254.866800,177820,25,1,0.000000,0.000076,0.000000,0.098658,-0.139694,0.138760,0.278455,3367533307.598355,-0.098463,0.098681,-0.006830,-1.501638,0.000976
1359.728946,199500,25,1,-0.000000,-0.000000,-0.000000,0.009067,-0.012816,0.012815,0.025630,-103167384.692903,-0.009065,0.009053,-0.000289,-1.500368,0.000976
1295.823376,199500,25,1,-0.000000,-0.000000,-0.000000,0.008727,-0.012311,0.012309,0.024619,-171855413.383522,-0.008717,0.008724,-0.000187,-1.502664,0.000976
1713.519808,199500,25,1,0.000000,0.000000,0.000000,0.009790,-0.013820,0.013812,0.027631,286420710.995995,-0.009778,0.009794,-0.000756,-1.502030,0.000976
3131.491897,199510,25,1,-0.000000,-0.000000,-0.000000,0.012394,-0.017506,0.017494,0.035000,-551808092.971734,-0.012375,0.012392,-0.000768,-1.501302,0.000976
4293.763100,199500,25,1,-0.000000,-0.000000,-0.000000,0.013954,-0.019725,0.019709,0.039433,-893026996.034675,-0.013920,0.013946,-0.000969,-1.499624,0.000976
5780.063046,199500,25,1,0.000000,0.000000,0.000000,0.015637,-0.022107,0.022094,0.044201,1231741426.903368,-0.015591,0.015633,-0.000655,-1.499713,0.000976
7703.877937,199500,25,1,0.000000,0.000000,0.000000,0.017473,-0.024646,0.024631,0.049277,941683843.685985,-0.017493,0.017455,-0.000704,-1.501801,0.000976
13727.561060,199500,25,1,0.000000,0.000023,0.000000,0.021920,-0.030944,0.030904,0.061848,2040578464.870841,-0.021880,0.021900,-0.001386,-1.502179,0.000976
18846.997380,199500,25,1,0.000000,0.000000,0.000000,0.024698,-0.034883,0.034833,0.069715,1686018992.233630,-0.024651,0.024697,-0.001591,-1.501618,0.000976
34431.328070,199500,25,1,0.000000,0.000000,0.000000,0.031212,-0.044123,0.044037,0.088160,779547381.933133,-0.031168,0.031221,-0.002050,-1.500728,0.000976
46554.405860,199500,25,1,0.000000,0.000000,0.000000,0.035075,-0.049637,0.049524,0.099161,3265141602.415472,-0.035041,0.035026,-0.002377,-1.498927,0.000976
61598.997880,199500,25,1,0.000000,0.000000,0.000000,0.039463,-0.055862,0.055728,0.111591,824705639.246412,-0.039420,0.039433,-0.002597,-1.499022,0.000976
84808.516890,199510,25,1,-0.000000,-0.000000,-0.000000,0.044215,-0.062485,0.062312,0.124797,-780627031.823676,-0.044184,0.044232,-0.003017,-1.501627,0.000976
109976.853300,199500,25,1,0.000000,0.000000,0.000000,0.049062,-0.069365,0.069162,0.138527,3139986347.240628,-0.049000,0.049095,-0.003206,-1.501090,0.000976
147898.043400,199500,25,1,0.000000,0.000000,0.000000,0.055340,-0.078271,0.078012,0.156283,1717222584.975244,-0.055305,0.055306,-0.003658,-1.501203,0.000976
195279.966300,199500,25,1,0.000000,0.000000,0.000000,0.062017,-0.087775,0.087436,0.175211,21168723188.222778,-0.062052,0.061872,-0.004147,-1.500370,0.000976
263199.898400,199500,25,1,-0.000000,0.000064,-0.000000,0.070002,-0.099184,0.098735,0.197918,-2172172122.717748,-0.069956,0.069846,-0.004715,-1.498786,0.000976
584646.126000,199500,25,1,-0.000000,0.000033,-0.000000,0.097123,-0.137563,0.136679,0.274242,-49726179692.644577,-0.096875,0.097094,-0.006685,-1.500998,0.000976
778826.199100,199500,25,1,0.000000,0.000468,0.000000,0.109789,-0.155580,0.154512,0.310092,18737395034.331894,-0.109811,0.109576,-0.007389,-1.500768,0.000976
1741.014541,223850,25,1,0.000000,0.000003,0.000000,0.009128,-0.012885,0.012877,0.025762,89019749.420445,-0.009131,0.009131,-0.000716,-1.502132,0.000976
1568.169639,223850,25,1,0.000000,0.000000,0.000000,0.008743,-0.012340,0.012336,0.024676,235607659.302609,-0.008731,0.008740,-0.000394,-1.502062,0.000976
2071.805286,223850,25,1,0.000000,0.000000,0.000000,0.009806,-0.013843,0.013835,0.027677,557878645.726962,-0.009803,0.009801,-0.000474,-1.502416,0.000976
3794.890527,223850,25,1,-0.000000,-0.000000,-0.000000,0.012395,-0.017521,0.017508,0.035029,-282057026.789755,-0.012387,0.012370,-0.000980,-1.499784,0.000976
12211.326580,223850,25,1,-0.000000,-0.000000,-0.000000,0.019564,-0.027620,0.027589,0.055209,-1112988281.126694,-0.019526,0.019574,-0.001077,-1.502292,0.000976
16267.931110,223850,25,1,0.000000,0.000000,0.000000,0.021832,-0.030833,0.030793,0.061626,638742932.405831,-0.021829,0.021835,-0.001446,-1.501788,0.000976
22632.851340,223850,25,1,0.000000,0.000000,0.000000,0.024760,-0.034975,0.034927,0.069902,685254655.801488,-0.024725,0.024771,-0.001392,-1.501819,0.000976
41569.504940,223850,25,1,-0.000000,0.000033,-0.000000,0.031312,-0.044299,0.044219,0.088517,-822150510.963717,-0.031225,0.031239,-0.001999,-1.499282,0.000976
56012.095770,223850,25,1,-0.000000,0.000044,-0.000000,0.035167,-0.049768,0.049662,0.099430,-413916146.803910,-0.035058,0.035065,-0.002184,-1.499366,0.000976
98906.649900,223850,25,1,-0.000000,0.000082,-0.000000,0.043809,-0.061920,0.061754,0.123674,-1359400388.267707,-0.043759,0.043740,-0.002878,-1.501348,0.000976
237281.993800,223850,25,1,-0.000000,0.000020,-0.000000,0.062234,-0.088160,0.087801,0.175961,-1991474570.012626,-0.062182,0.062041,-0.004315,-1.498764,0.000976
314961.853800,223850,25,1,-0.000000,0.000026,-0.000000,0.069902,-0.099065,0.098622,0.197687,-35789444467.869118,-0.069763,0.069707,-0.004735,-1.498825,0.000976
544722.457000,223850,25,1,0.000000,0.000122,0.000000,0.087268,-0.123579,0.122881,0.246460,7446916510.034300,-0.087130,0.087286,-0.006008,-1.500812,0.000976
709348.373900,223850,25,1,-0.000000,0.000035,-0.000000,0.097703,-0.138437,0.137570,0.276007,-1852739667.602603,-0.097564,0.097652,-0.006631,-1.500473,0.000976
2262.910587,251170,25,1,0.000000,0.000000,0.000000,0.009254,-0.013065,0.013056,0.026120,249375137.754938,-0.009243,0.009249,-0.000419,-1.502262,0.000976
1948.042054,251170,25,1,-0.000000,-0.000000,-0.000000,0.008753,-0.012355,0.012350,0.024706,-256100295.998539,-0.008741,0.008752,-0.000451,-1.502305,0.000976
2592.256897,251170,25,1,-0.000000,-0.000000,-0.000000,0.009846,-0.013902,0.013895,0.027798,-480105534.381745,-0.009846,0.009829,-0.000524,-1.501749,0.000976
4704.915331,251170,25,1,-0.000000,-0.000000,-0.000000,0.012450,-0.017599,0.017586,0.035185,-265595544.348899,-0.012412,0.012445,-0.000778,-1.500114,0.000976
6166.926736,251170,25,1,0.000000,0.000000,0.000000,0.013897,-0.019603,0.019585,0.039188,1778775405.334825,-0.013914,0.013892,-0.000939,-1.502115,0.000976
10941.644480,251170,25,1,0.000000,0.000000,0.000000,0.017360,-0.024501,0.024474,0.048975,1481415335.955698,-0.017334,0.017373,-0.001120,-1.502709,0.000976
14874.620980,251170,25,1,0.000000,0.000000,0.000000,0.019597,-0.027675,0.027638,0.055313,295101424.646386,-0.019612,0.019564,-0.001455,-1.501900,0.000976
27126.646930,251170,25,1,-0.000000,-0.000000,-0.000000,0.024706,-0.034916,0.034855,0.069771,-1204715614.887905,-0.024706,0.024658,-0.001861,-1.501185,0.000976
37101.173570,251170,25,1,-0.000000,-0.000000,-0.000000,0.027843,-0.039381,0.039315,0.078696,-3167896248.018708,-0.027837,0.027801,-0.001906,-1.499486,0.000976
50336.605980,251170,25,1,0.000000,0.000000,0.000000,0.031358,-0.044373,0.044279,0.088652,605853592.251975,-0.031341,0.031331,-0.002203,-1.499510,0.000976
69303.994220,251170,25,1,0.000000,0.000031,0.000000,0.035101,-0.049590,0.049477,0.099067,1437728158.540181,-0.035031,0.035036,-0.002396,-1.502036,0.000976
90837.149780,251170,25,1,-0.000000,-0.000000,-0.000000,0.039062,-0.055209,0.055073,0.110282,-9999932098.399916,-0.039018,0.039075,-0.002470,-1.501407,0.000976
120548.503400,251170,25,1,0.000000,0.000000,0.000000,0.044000,-0.062204,0.062030,0.124234,2503128990.162911,-0.043936,0.044016,-0.003053,-1.501555,0.000976
160968.104600,251170,25,1,0.000000,0.000000,0.000000,0.049361,-0.069835,0.069598,0.139432,1684838721.477529,-0.049295,0.049364,-0.003504,-1.500708,0.000976
216823.809000,251170,25,1,0.000000,0.000015,0.000000,0.055562,-0.078679,0.078401,0.157080,14223974767.610777,-0.055423,0.055549,-0.003816,-1.498987,0.000976
286943.873600,251170,25,1,0.000000,0.000041,0.000000,0.062255,-0.088210,0.087842,0.176053,1992169960.571655,-0.062151,0.062082,-0.004379,-1.499011,0.000976
385325.027300,251170,25,1,-0.000000,0.000136,-0.000000,0.069770,-0.098712,0.098238,0.196949,-23815423550.038498,-0.069739,0.069710,-0.004849,-1.501490,0.000976
2889.531440,281860,25,1,-0.000000,-0.000000,-0.000000,0.009330,-0.013182,0.013174,0.026356,-173705784.393806,-0.009310,0.009326,-0.000626,-1.500435,0.000976
2480.678594,281850,25,1,0.000000,0.000000,0.000000,0.008800,-0.012429,0.012419,0.024849,643639695.491157,-0.008794,0.008809,-0.000778,-1.501521,0.000976
3297.714089,281850,25,1,0.000000,0.000000,0.000000,0.009877,-0.013958,0.013950,0.027908,316054809.373174,-0.009852,0.009871,-0.000716,-1.500022,0.000976
4341.331734,281850,25,1,0.000000,0.000000,0.000000,0.011066,-0.015644,0.015631,0.031276,472167482.990283,-0.011062,0.011040,-0.000873,-1.500221,0.000976
5670.629505,281850,25,1,-0.000000,-0.000000,-0.000000,0.012348,-0.017415,0.017403,0.034818,-135965049.308509,-0.012335,0.012364,-0.000715,-1.502368,0.000976
13623.674570,281860,25,1,0.000000,0.000001,0.000000,0.017449,-0.024639,0.024614,0.049253,357360665.083627,-0.017441,0.017429,-0.000992,-1.501997,0.000976
18325.839640,281860,25,1,-0.000000,-0.000000,-0.000000,0.019640,-0.027737,0.027702,0.055439,-609422723.919347,-0.019605,0.019645,-0.001347,-1.502081,0.000976
24592.228030,281850,25,1,0.000000,0.000000,0.000000,0.022037,-0.031137,0.031092,0.062229,11282715994.500368,-0.022033,0.022030,-0.001538,-1.501318,0.000976
33679.403940,281850,25,1,0.000000,0.000019,0.000000,0.024842,-0.035131,0.035073,0.070203,479957396.956056,-0.024783,0.024796,-0.001728,-1.499756,0.000976
45459.875460,281860,25,1,0.000000,0.000000,0.000000,0.027888,-0.039456,0.039378,0.078834,751508178.711868,-0.027866,0.027886,-0.002033,-1.499755,0.000976
62572.449220,281850,25,1,-0.000000,0.000035,-0.000000,0.031241,-0.044125,0.044022,0.088148,-999709885.534213,-0.031203,0.031174,-0.002344,-1.502264,0.000976
82051.914650,281850,25,1,0.000000,0.000000,0.000000,0.034755,-0.049107,0.048995,0.098102,2093479510.534960,-0.034774,0.034758,-0.002381,-1.501714,0.000976
110783.929400,281850,25,1,-0.000000,-0.000000,-0.000000,0.039139,-0.055326,0.055180,0.110506,-6679771051.924113,-0.039169,0.039088,-0.002795,-1.501571,0.000976
145390.186500,281850,25,1,-0.000000,-0.000000,-0.000000,0.043875,-0.062050,0.061878,0.123928,-2042166324.329783,-0.043903,0.043811,-0.002987,-1.500910,0.000976
196252.458400,281850,25,1,0.000000,0.000060,0.000000,0.049364,-0.069894,0.069662,0.139556,8424829219.452307,-0.049280,0.049320,-0.003427,-1.499053,0.000976
1095.616077,50020,50,1,-0.000000,-0.000000,-0.000000,0.019832,-0.027976,0.027998,0.055974,-520717593.384521,-0.019826,0.019802,-0.000418,-1.501202,0.000976
1909.335870,50020,50,1,-0.000000,-0.000000,-0.000000,0.024779,-0.034988,0.035006,0.069994,-1057242376.600380,-0.024731,0.024762,-0.000793,-1.499769,0.000976
2623.160983,50020,50,1,-0.000000,-0.000000,-0.000000,0.028054,-0.039643,0.039650,0.079293,-2393947022.633892,-0.027990,0.028027,-0.001302,-1.498380,0.000976
3549.272659,50020,50,1,0.000000,0.000000,0.000000,0.031528,-0.044582,0.044579,0.089160,827819079.784795,-0.031428,0.031427,-0.001469,-1.497962,0.000976
4845.135951,50030,50,1,0.000000,0.000000,0.000000,0.035222,-0.049735,0.049706,0.099441,3005643992.922456,-0.035179,0.035212,-0.001626,-1.500467,0.000976
6351.403688,50020,50,1,0.000000,0.000000,0.000000,0.039288,-0.055471,0.055452,0.110923,3352599888.052011,-0.039274,0.039270,-0.001634,-1.500252,0.000976
11029.673080,50020,50,1,-0.000000,-0.000000,-0.000000,0.049535,-0.070031,0.069939,0.139971,-1102692446.662673,-0.049452,0.049400,-0.002775,-1.499245,0.000976
15113.448270,50020,50,1,0.000000,0.000060,0.000000,0.056221,-0.079570,0.079443,0.159013,2503075916.834124,-0.056127,0.056000,-0.003155,-1.497349,0.000976
19940.167630,50020,50,1,0.000000,0.000000,0.000000,0.062819,-0.088951,0.088726,0.177676,3216333461.184588,-0.062576,0.062689,-0.003840,-1.497769,0.000976
26026.237890,50030,50,1,0.000000,0.000041,0.000000,0.070009,-0.098956,0.098551,0.197508,2655163921.281914,-0.069888,0.070018,-0.005206,-1.500437,0.000976
34262.293360,50020,50,1,0.000000,0.000068,0.000000,0.078357,-0.110768,0.110265,0.221033,2766820050.200873,-0.078314,0.078165,-0.005886,-1.501366,0.000976
45874.560820,50030,50,1,-0.000000,0.000257,-0.000000,0.088132,-0.124706,0.123979,0.248685,-8204336280.440050,-0.087920,0.087899,-0.007072,-1.501909,0.000976
105597.353600,50020,50,1,0.000000,0.000484,0.000000,0.123352,-0.174692,0.173197,0.347889,63153552010.675697,-0.123590,0.123471,-0.010379,-1.503633,0.000976
144536.887400,50020,50,1,-0.000000,0.000935,-0.000000,0.139321,-0.197460,0.195516,0.392976,-7925813551.112019,-0.139230,0.139497,-0.011696,-1.503485,0.000976
189925.201100,50020,50,1,-0.000000,0.001335,-0.000000,0.155290,-0.220097,0.217654,0.437751,-2650282561.195512,-0.155604,0.155320,-0.012830,-1.505343,0.000976
323386.902900,50030,50,1,-0.000000,0.001776,-0.000000,0.192355,-0.271960,0.268013,0.539973,-5471445485.310678,-0.193053,0.193153,-0.016085,-1.512867,0.000976
978.426450,56320,50,1,0.000000,0.000000,0.000000,0.017396,-0.024596,0.024522,0.049117,481435416.769573,-0.017371,0.017395,-0.002944,-1.501029,0.000976
1322.360361,56320,50,1,0.000000,0.000000,0.000000,0.019604,-0.027720,0.027655,0.055375,514739433.815523,-0.019563,0.019574,-0.002545,-1.500547,0.000976
2344.433168,56320,50,1,0.000000,0.000057,0.000000,0.024765,-0.035089,0.034965,0.070053,6339744393.341659,-0.024731,0.024706,-0.003555,-1.497491,0.000976
3171.458160,56320,50,1,-0.000000,0.000009,-0.000000,0.027955,-0.039600,0.039497,0.079097,-987103114.462293,-0.027903,0.027889,-0.002694,-1.497798,0.000976
4277.388038,56320,50,1,-0.000000,-0.000000,-0.000000,0.031141,-0.044055,0.043895,0.087950,-1449483990.418961,-0.031063,0.031098,-0.003600,-1.500334,0.000976
7514.230322,56320,50,1,-0.000000,0.000112,-0.000000,0.039389,-0.055769,0.055553,0.111322,-5762072403.669564,-0.039353,0.039313,-0.004261,-1.499528,0.000976
9956.432911,56320,50,1,0.000000,0.000031,0.000000,0.044276,-0.062739,0.062442,0.125181,6476846114.786189,-0.044128,0.044237,-0.005079,-1.498849,0.000976
22401.882820,56320,50,1,0.000000,0.000239,0.000000,0.062087,-0.087913,0.087358,0.175271,5298062669.526952,-0.061980,0.062026,-0.006728,-1.499807,0.000976
51530.812640,56320,50,1,-0.000000,0.000201,-0.000000,0.087346,-0.123875,0.122811,0.246687,-3440101891.674587,-0.087344,0.087291,-0.009060,-1.500956,0.000976
69788.572130,56320,50,1,-0.000000,0.000366,-0.000000,0.098498,-0.139720,0.138376,0.278096,-16810387706.636879,-0.098420,0.098333,-0.010182,-1.501914,0.000976
220116.106600,56320,50,1,-0.000000,0.001268,-0.000000,0.155107,-0.219919,0.216832,0.436751,-8823820016.089979,-0.155309,0.155132,-0.014835,-1.507288,0.000976
374065.970600,56310,50,1,-0.000000,0.001646,-0.000000,0.192161,-0.272393,0.267619,0.540012,-9838566912.220463,-0.192839,0.193106,-0.018260,-1.511948,0.000976
805.912738,63020,50,1,0.000000,0.000037,0.000000,0.015363,-0.021735,0.021632,0.043367,257898900.820850,-0.015333,0.015350,-0.004520,-1.501235,0.000976
1133.209213,63020,50,1,-0.000000,0.000010,-0.000000,0.017585,-0.024885,0.024773,0.049658,-18007523262.846214,-0.017542,0.017595,-0.004465,-1.500960,0.000976
1497.701442,63020,50,1,0.000000,0.000047,0.000000,0.019736,-0.027942,0.027810,0.055753,481178133.932231,-0.019722,0.019718,-0.004759,-1.500163,0.000976
2659.779691,63020,50,1,-0.000000,0.000019,-0.000000,0.024956,-0.035386,0.035190,0.070576,-1703667583.710040,-0.024918,0.024906,-0.005421,-1.498377,0.000976
3616.413798,63030,50,1,0.000000,0.000000,0.000000,0.027756,-0.039285,0.039063,0.078348,947389192.777634,-0.027692,0.027745,-0.005381,-1.501024,0.000976
11494.728380,63020,50,1,-0.000000,0.000145,-0.000000,0.044426,-0.063006,0.062647,0.125653,-3249451794.703171,-0.044357,0.044377,-0.005723,-1.497673,0.000976
19243.531550,63020,50,1,-0.000000,0.000124,-0.000000,0.055408,-0.078477,0.077896,0.156374,-28368208743.312412,-0.055305,0.055376,-0.007319,-1.499953,0.000976
25703.585430,63020,50,1,0.000000,0.000264,0.000000,0.062391,-0.088416,0.087691,0.176107,21296430475.581898,-0.062380,0.062419,-0.008088,-1.500549,0.000976
33873.218690,63020,50,1,-0.000000,0.000266,-0.000000,0.069894,-0.099058,0.098223,0.197281,-6008197019742655.000000,-0.069750,0.069718,-0.008316,-1.501324,0.000976
45187.742420,63020,50,1,-0.000000,0.000328,-0.000000,0.078605,-0.111491,0.110467,0.221959,-1916456805.554019,-0.078621,0.078538,-0.009273,-1.500747,0.000976
59602.374290,63020,50,1,-0.000000,0.000268,-0.000000,0.087928,-0.124759,0.123523,0.248282,-7503218584.285171,-0.087918,0.087851,-0.009978,-1.501254,0.000976
79323.333330,63020,50,1,-0.000000,0.000526,-0.000000,0.098358,-0.139631,0.138102,0.277733,-5924667129.348419,-0.098141,0.098424,-0.011158,-1.501122,0.000976
108629.599700,63020,50,1,-0.000000,0.000784,-0.000000,0.111489,-0.158442,0.156581,0.315023,-12684915443.368584,-0.111330,0.111529,-0.011959,-1.500000,0.000976
191311.866900,63020,50,1,-0.000000,0.001186,-0.000000,0.139510,-0.198025,0.195149,0.393174,-8403443921.090557,-0.139299,0.139395,-0.014966,-1.504779,0.000976
249461.383800,63020,50,1,0.000000,0.001559,0.000000,0.154803,-0.219843,0.216330,0.436172,52838879775.290863,-0.155043,0.155085,-0.016356,-1.505554,0.000976
427142.383900,63030,50,1,0.000000,0.001649,0.000000,0.192473,-0.273228,0.268199,0.541428,197072700054.689911,-0.193042,0.192951,-0.018770,-1.509439,0.000976
927.258475,70830,50,1,-0.000000,-0.000000,-0.000000,0.015508,-0.021906,0.021885,0.043791,-1588043073.336578,-0.015474,0.015508,-0.001014,-1.501225,0.000976
1243.598131,70830,50,1,-0.000000,-0.000000,-0.000000,0.017498,-0.024740,0.024691,0.049431,-381231896.026864,-0.017459,0.017491,-0.002185,-1.500382,0.000976
1716.460317,70830,50,1,0.000000,0.000000,0.000000,0.019720,-0.027899,0.027860,0.055758,560928096.729938,-0.019692,0.019665,-0.001452,-1.498631,0.000976
3092.694422,70840,50,1,0.000000,0.000000,0.000000,0.024746,-0.034971,0.034901,0.069872,844678140.928351,-0.024719,0.024733,-0.002011,-1.500859,0.000976
4083.403273,70840,50,1,0.000000,0.000000,0.000000,0.027689,-0.039166,0.039040,0.078206,2577615630.036605,-0.027615,0.027673,-0.003460,-1.500360,0.000976
9807.160843,70840,50,1,-0.000000,0.000034,-0.000000,0.039371,-0.055806,0.055572,0.111378,-1007909790.880147,-0.039320,0.039322,-0.004560,-1.497670,0.000976
16701.431940,70840,50,1,0.000000,0.000000,0.000000,0.049439,-0.069937,0.069624,0.139561,25312811178.458485,-0.049327,0.049325,-0.004727,-1.499773,0.000976
28733.108790,70840,50,1,-0.000000,0.000250,-0.000000,0.061617,-0.087268,0.086722,0.173990,-63096389643.692871,-0.061536,0.061570,-0.006710,-1.500630,0.000976
52609.575480,70840,50,1,-0.000000,0.000358,-0.000000,0.078664,-0.111515,0.110687,0.222202,-5753698723.670635,-0.078629,0.078541,-0.007952,-1.500603,0.000976
383820.464900,70840,50,1,0.000000,0.001288,0.000000,0.172756,-0.245317,0.241624,0.486942,29483485272.733383,-0.173188,0.172749,-0.015938,-1.505521,0.000976
522759.960800,70840,50,1,-0.000000,0.002291,-0.000000,0.195530,-0.277811,0.273036,0.550846,-7910408221710548.000000,-0.195986,0.195933,-0.018005,-1.506399,0.000976
778.171528,79460,50,1,0.000000,0.000000,0.000000,0.013872,-0.019596,0.019567,0.039163,156101530.887543,-0.013848,0.013858,-0.001500,-1.501607,0.000976
1057.340411,79460,50,1,0.000000,0.000011,0.000000,0.015615,-0.022073,0.022032,0.044105,199871419.224826,-0.015626,0.015606,-0.002025,-1.500612,0.000976
1408.347747,79470,50,1,0.000000,0.000000,0.000000,0.017531,-0.024804,0.024758,0.049562,1495954989.696400,-0.017476,0.017496,-0.002125,-1.498759,0.000976
1914.446848,79470,50,1,-0.000000,-0.000000,-0.000000,0.019772,-0.027988,0.027924,0.055912,-1190966564.380328,-0.019735,0.019703,-0.002384,-1.498840,0.000976
2619.833509,79460,50,1,-0.000000,-0.000000,-0.000000,0.022029,-0.031124,0.031051,0.062176,-479942533.139555,-0.022020,0.021972,-0.002553,-1.501508,0.000976
3358.272558,79460,50,1,0.000000,0.000000,0.000000,0.024504,-0.034641,0.034555,0.069196,363646227.451497,-0.024442,0.024501,-0.002574,-1.500632,0.000976
6196.269592,79460,50,1,0.000000,0.000037,0.000000,0.031269,-0.044247,0.044101,0.088348,681264169.910950,-0.031237,0.031239,-0.003678,-1.500018,0.000976
8411.541611,79460,50,1,-0.000000,0.000006,-0.000000,0.035236,-0.049924,0.049730,0.099654,-7216428104.856339,-0.035110,0.035191,-0.004209,-1.498106,0.000976
14671.436860,79460,50,1,-0.000000,0.000068,-0.000000,0.044121,-0.062416,0.062124,0.124540,-2053646537.110947,-0.044126,0.044115,-0.005014,-1.500046,0.000976
25213.523050,79460,50,1,0.000000,0.000017,0.000000,0.055453,-0.078516,0.078071,0.156587,1577343749.911443,-0.055337,0.055341,-0.006170,-1.500752,0.000976
32922.900030,79460,50,1,0.000000,0.000083,0.000000,0.061730,-0.087457,0.086898,0.174355,943452075.679342,-0.061648,0.061631,-0.006710,-1.500247,0.000976
59518.791780,79460,50,1,-0.000000,0.000376,-0.000000,0.078218,-0.110942,0.110078,0.221020,-20023516297.737610,-0.078196,0.078131,-0.008288,-1.500024,0.000976
81770.163560,79460,50,1,0.000000,0.000197,0.000000,0.088435,-0.125549,0.124486,0.250035,11215495034139222.000000,-0.088142,0.088369,-0.008990,-1.498738,0.000976
109005.845700,79460,50,1,-0.000000,0.000268,-0.000000,0.099076,-0.140722,0.139414,0.280137,-50726607191.785309,-0.098730,0.099004,-0.009964,-1.499212,0.000976
191579.185900,79460,50,1,-0.000000,0.000601,-0.000000,0.123478,-0.175225,0.173218,0.348443,-10536720498.712980,-0.123303,0.123396,-0.012227,-1.502330,0.000976
255525.119200,79460,50,1,-0.000000,0.000931,-0.000000,0.138358,-0.196442,0.193916,0.390359,-12879873434.034706,-0.138426,0.138526,-0.013484,-1.503250,0.000976
341579.392800,79460,50,1,0.000000,0.001241,0.000000,0.155172,-0.220425,0.217311,0.437736,158876815945.008942,-0.155444,0.155321,-0.015144,-1.503537,0.000976
869.331402,89080,50,1,-0.000000,-0.000000,-0.000000,0.013862,-0.019592,0.019552,0.039144,-218382179.889686,-0.013846,0.013864,-0.002377,-1.501267,0.000976
1209.671781,89080,50,1,0.000000,0.000000,0.000000,0.015653,-0.022149,0.022099,0.044247,485714860.268684,-0.015620,0.015616,-0.002341,-1.499047,0.000976
2211.858700,89080,50,1,0.000000,0.000000,0.000000,0.019613,-0.027710,0.027643,0.055353,627603426.857699,-0.019566,0.019611,-0.002356,-1.501691,0.000976
2968.048897,89080,50,1,0.000000,0.000007,0.000000,0.021960,-0.031058,0.030950,0.062008,274228735.193349,-0.021964,0.021916,-0.003660,-1.500832,0.000976
3953.386891,89080,50,1,0.000000,0.000057,0.000000,0.024767,-0.035033,0.034915,0.069948,372965329.033195,-0.024757,0.024733,-0.003766,-1.501007,0.000976
7125.092440,89080,50,1,0.000000,0.000076,0.000000,0.031231,-0.044247,0.044063,0.088309,913742648.660882,-0.031178,0.031150,-0.004522,-1.498536,0.000976
9613.206009,89080,50,1,0.000000,0.000087,0.000000,0.035178,-0.049858,0.049633,0.099491,9005544258.275000,-0.035109,0.035046,-0.004889,-1.498645,0.000976
12510.946610,89080,50,1,0.000000,0.000000,0.000000,0.039162,-0.055390,0.055116,0.110506,716109425.242397,-0.039155,0.039204,-0.005312,-1.500692,0.000976
21709.117510,89090,50,1,-0.000000,0.000198,-0.000000,0.049371,-0.069895,0.069483,0.139378,-5617357951.480746,-0.049289,0.049290,-0.006286,-1.501189,0.000976
29302.815620,89080,50,1,0.000000,0.000041,0.000000,0.055576,-0.078733,0.078225,0.156958,28455420329.010342,-0.055548,0.055527,-0.006951,-1.500587,0.000976
52515.805280,89080,50,1,0.000000,0.000299,0.000000,0.070002,-0.099278,0.098491,0.197769,35840725579.391777,-0.069869,0.069973,-0.008430,-1.500174,0.000976
71214.733110,89080,50,1,0.000000,0.000387,0.000000,0.078814,-0.111905,0.110943,0.222848,5764695632.463882,-0.078709,0.078676,-0.009242,-1.498602,0.000976
95692.068290,89090,50,1,0.000000,0.000527,0.000000,0.088496,-0.125714,0.124518,0.250233,9061972126.467319,-0.088338,0.088271,-0.010175,-1.499087,0.000976
164004.072100,89090,50,1,0.000000,0.000543,0.000000,0.109193,-0.154987,0.153189,0.308176,10164982719.370844,-0.109285,0.109275,-0.012216,-1.501916,0.000976
222966.113400,89080,50,1,-0.000000,0.000884,-0.000000,0.123244,-0.175013,0.172779,0.347792,-10516775428.779800,-0.123057,0.123203,-0.013600,-1.502680,0.000976
299341.321300,89090,50,1,-0.000000,0.001151,-0.000000,0.138212,-0.196427,0.193646,0.390072,-2830574224.158341,-0.138338,0.138229,-0.015087,-1.502521,0.000976
993.145207,99950,50,1,0.000000,0.000000,0.000000,0.013885,-0.019626,0.019617,0.039243,710895085.131508,-0.013888,0.013854,-0.000938,-1.499343,0.000976
1358.636001,99950,50,1,0.000000,0.000000,0.000000,0.015618,-0.022080,0.022062,0.044142,3198652589.184175,-0.015576,0.015605,-0.001088,-1.499630,0.000976
1896.952399,99960,50,1,0.000000,0.000000,0.000000,0.017526,-0.024736,0.024709,0.049445,2991097806.165164,-0.017499,0.017533,-0.001314,-1.502184,0.000976
2514.323963,99950,50,1,0.000000,0.000000,0.000000,0.019615,-0.027697,0.027661,0.055358,917304750580703.500000,-0.019634,0.019586,-0.001427,-1.501797,0.000976
4450.983841,99950,50,1,0.000000,0.000027,0.000000,0.024758,-0.034985,0.034926,0.069911,2304756385.430791,-0.024736,0.024739,-0.001969,-1.501106,0.000976
6016.132491,99950,50,1,0.000000,0.000006,0.000000,0.027794,-0.039320,0.039242,0.078563,1674163901.765970,-0.027721,0.027762,-0.002518,-1.499051,0.000976
8213.583988,99950,50,1,-0.000000,-0.000000,-0.000000,0.031354,-0.044374,0.044272,0.088646,-729682986.987645,-0.031321,0.031332,-0.002863,-1.499146,0.000976
10691.654800,99950,50,1,0.000000,0.000078,0.000000,0.034889,-0.049289,0.049128,0.098417,1152460995.022507,-0.034840,0.034846,-0.003486,-1.501110,0.000976
14180.434450,99950,50,1,0.000000,0.000017,0.000000,0.039076,-0.055227,0.055038,0.110265,40011804469.253563,-0.039053,0.039073,-0.003735,-1.501216,0.000976
19258.684530,99950,50,1,-0.000000,0.000112,-0.000000,0.044050,-0.062264,0.062042,0.124306,-22553460699.839455,-0.043955,0.043986,-0.003928,-1.501605,0.000976
24954.989900,99950,50,1,-0.000000,0.000120,-0.000000,0.049261,-0.069688,0.069380,0.139068,-50443819304.740318,-0.049177,0.049208,-0.004935,-1.501113,0.000976
33773.964050,99950,50,1,0.000000,0.000031,0.000000,0.055549,-0.078607,0.078235,0.156841,3346010935.656119,-0.055535,0.055495,-0.005263,-1.501304,0.000976
45016.121520,99950,50,1,0.000000,0.000000,0.000000,0.062190,-0.088058,0.087604,0.175662,3032502698.234659,-0.062202,0.062045,-0.005789,-1.500442,0.000976
61682.113880,99950,50,1,0.000000,0.000108,0.000000,0.070190,-0.099492,0.098908,0.198401,1605490481361169.750000,-0.070069,0.069985,-0.006527,-1.498985,0.000976
82409.828890,99950,50,1,0.000000,0.000138,0.000000,0.078606,-0.111473,0.110758,0.222231,1963240627.526067,-0.078574,0.078552,-0.007176,-1.499246,0.000976
145360.856900,99950,50,1,0.000000,0.000372,0.000000,0.097720,-0.138468,0.137305,0.275773,11118449818.992264,-0.097819,0.097522,-0.009199,-1.502008,0.000976
196926.335900,99950,50,1,-0.000000,0.000300,-0.000000,0.110170,-0.156126,0.154728,0.310855,-14101825485.285654,-0.110233,0.110020,-0.009806,-1.502654,0.000976
259939.829700,99950,50,1,0.000000,0.000896,0.000000,0.122790,-0.174166,0.172390,0.346556,7396295557.692570,-0.122745,0.122904,-0.011065,-1.502222,0.000976
355880.665200,99950,50,1,0.000000,0.000533,0.000000,0.138591,-0.196761,0.194578,0.391338,141907603273.177765,-0.138415,0.138643,-0.012139,-1.501234,0.000976
479177.765400,99950,50,1,0.000000,0.000969,0.000000,0.155906,-0.221477,0.218685,0.440161,9977967633.117878,-0.155628,0.156001,-0.013405,-1.502129,0.000976
619685.956000,99950,50,1,-0.000000,0.000949,-0.000000,0.171735,-0.243511,0.240161,0.483672,-9608448327205944.000000,-0.171765,0.171970,-0.014499,-1.505885,0.000976
821036.215000,99950,50,1,0.000000,0.001554,0.000000,0.192314,-0.272694,0.268737,0.541431,8205459811.001655,-0.192939,0.192555,-0.015396,-1.506948,0.000976
739.821563,112160,50,1,-0.000000,-0.000000,-0.000000,0.011783,-0.016658,0.016634,0.033291,-6033058938.773129,-0.011770,0.011766,-0.001370,-1.499973,0.000976
835.485334,112160,50,1,0.000000,0.000000,0.000000,0.012409,-0.017544,0.017521,0.035065,181522630.616922,-0.012383,0.012393,-0.001152,-1.499573,0.000976
1143.163558,112160,50,1,-0.000000,0.000006,-0.000000,0.013984,-0.019776,0.019750,0.039526,-550760156.942799,-0.013956,0.013971,-0.001327,-1.499713,0.000976
2098.810441,112160,50,1,0.000000,0.000000,0.000000,0.017389,-0.024554,0.024521,0.049076,414109537.123903,-0.017408,0.017361,-0.001566,-1.502028,0.000976
2838.707823,112170,50,1,-0.000000,-0.000000,-0.000000,0.019568,-0.027640,0.027594,0.055234,-589349853.641633,-0.019539,0.019583,-0.001732,-1.501855,0.000976
5186.650045,112170,50,1,-0.000000,-0.000000,-0.000000,0.024838,-0.035142,0.035061,0.070203,-565207045.848338,-0.024790,0.024833,-0.002350,-1.499165,0.000976
7059.645030,112170,50,1,-0.000000,-0.000000,-0.000000,0.027937,-0.039538,0.039451,0.078989,-7151930008.574060,-0.027890,0.027866,-0.002309,-1.499262,0.000976
12269.251920,112150,50,1,-0.000000,0.000072,-0.000000,0.034802,-0.049167,0.049025,0.098191,-758232947.417306,-0.034730,0.034742,-0.003198,-1.501602,0.000976
16543.320320,112160,50,1,0.000000,0.000000,0.000000,0.039193,-0.055387,0.055204,0.110591,757228337.715362,-0.039193,0.039146,-0.003382,-1.501953,0.000976
22183.007850,112160,50,1,0.000000,0.000048,0.000000,0.043887,-0.062058,0.061831,0.123889,2996020918.035563,-0.043821,0.043895,-0.003662,-1.501361,0.000976
29349.517580,112160,50,1,-0.000000,-0.000000,-0.000000,0.049472,-0.069973,0.069701,0.139674,-4221587848.721899,-0.049489,0.049431,-0.003984,-1.501486,0.000976
39278.816730,112160,50,1,0.000000,0.000039,0.000000,0.055425,-0.078442,0.078105,0.156547,1957088795.630884,-0.055389,0.055326,-0.004396,-1.500570,0.000976
54053.591610,112160,50,1,0.000000,0.000000,0.000000,0.062652,-0.088775,0.088343,0.177118,3207766164.555323,-0.062539,0.062490,-0.005051,-1.498883,0.000976
72281.361890,112160,50,1,0.000000,0.000213,0.000000,0.070113,-0.099373,0.098854,0.198227,8974513529.560293,-0.069971,0.070069,-0.005488,-1.499212,0.000976
98510.853800,112160,50,1,0.000000,0.000117,0.000000,0.078650,-0.111271,0.110630,0.221901,80535473070.126053,-0.078710,0.078686,-0.005892,-1.502218,0.000976
129520.722900,112160,50,1,0.000000,0.000195,0.000000,0.087473,-0.123855,0.123047,0.246902,22393170013.784664,-0.087292,0.087464,-0.006901,-1.501573,0.000976
314222.202700,112160,50,1,-0.000000,0.000675,-0.000000,0.123636,-0.175414,0.173882,0.349296,-31650971181.441696,-0.123608,0.123690,-0.009095,-1.500302,0.000976
733865.351100,112160,50,1,0.000000,0.000982,0.000000,0.171781,-0.243584,0.240594,0.484178,21987848728.726967,-0.171854,0.171887,-0.012539,-1.504660,0.000976
968499.829300,112160,50,1,0.000000,0.001406,0.000000,0.192505,-0.273029,0.269373,0.542402,13141654856.775703,-0.192718,0.192639,-0.014031,-1.505614,0.000976
951.481771,125850,50,1,0.000000,0.000000,0.000000,0.012270,-0.017340,0.017335,0.034675,212957802.041385,-0.012240,0.012248,-0.000360,-1.500083,0.000976
983.382223,125850,50,1,0.000000,0.000000,0.000000,0.012395,-0.017518,0.017516,0.035034,528862410.120147,-0.012361,0.012379,-0.000249,-1.499922,0.000976
1817.624491,125860,50,1,0.000000,0.000000,0.000000,0.015430,-0.021777,0.021766,0.043542,181611794.164064,-0.015447,0.015404,-0.000570,-1.502163,0.000976
3326.960389,125860,50,1,0.000000,0.000010,0.000000,0.019617,-0.027708,0.027683,0.055391,692690009.254361,-0.019604,0.019617,-0.001013,-1.501430,0.000976
4543.843552,125860,50,1,-0.000000,-0.000000,-0.000000,0.022095,-0.031241,0.031208,0.062449,-1616081269.429853,-0.022086,0.022057,-0.001154,-1.499438,0.000976
6062.379548,125860,50,1,0.000000,0.000015,0.000000,0.024879,-0.035184,0.035146,0.070330,339685464.789249,-0.024815,0.024836,-0.001187,-1.499604,0.000976
7868.949799,125860,50,1,-0.000000,0.000003,-0.000000,0.027591,-0.038932,0.038888,0.077820,-3139231681.023604,-0.027602,0.027547,-0.001205,-1.501632,0.000976
14409.120460,125860,50,1,-0.000000,-0.000000,-0.000000,0.034920,-0.049302,0.049224,0.098526,-3250748215.587305,-0.034934,0.034935,-0.001640,-1.502249,0.000976
19296.032390,125860,50,1,-0.000000,-0.000000,-0.000000,0.039052,-0.055167,0.055067,0.110233,-677776013.379227,-0.039035,0.039017,-0.002024,-1.501516,0.000976
47211.218810,125860,50,1,-0.000000,-0.000000,-0.000000,0.055744,-0.078899,0.078670,0.157569,-1902712619.751776,-0.055676,0.055689,-0.003069,-1.499103,0.000976
87351.974590,125850,50,1,-0.000000,0.000104,-0.000000,0.070067,-0.099024,0.098688,0.197712,-71748491440.352173,-0.069940,0.070059,-0.003645,-1.502113,0.000976
114483.382300,125860,50,1,0.000000,0.000091,0.000000,0.077975,-0.110279,0.109825,0.220104,13307622091.894255,-0.077819,0.077857,-0.004397,-1.501575,0.000976
207436.531500,125860,50,1,-0.000000,0.000066,-0.000000,0.098278,-0.139116,0.138384,0.277500,-2875319570.794155,-0.098309,0.098359,-0.005696,-1.501386,0.000976
280098.736300,125860,50,1,0.000000,0.000137,0.000000,0.110544,-0.156636,0.155719,0.312355,2944931871442309.000000,-0.110278,0.110546,-0.006283,-1.500048,0.000976
375312.968700,125860,50,1,-0.000000,0.000323,-0.000000,0.123915,-0.175657,0.174477,0.350134,-25377989152.544350,-0.123678,0.123932,-0.007229,-1.500443,0.000976
664504.626000,125850,50,1,-0.000000,0.000431,-0.000000,0.154130,-0.218306,0.216414,0.434720,-26305048724.699242,-0.154017,0.154365,-0.009210,-1.503505,0.000976
888278.957000,125860,50,1,-0.000000,0.000747,-0.000000,0.173411,-0.245752,0.243211,0.488963,-2199523649412253.750000,-0.173418,0.173452,-0.010802,-1.504083,0.000976
891.064461,141260,50,1,0.000000,0.000000,0.000000,0.011140,-0.015749,0.015738,0.031487,247997054.286084,-0.011132,0.011112,-0.000707,-1.499978,0.000976
861.073109,141270,50,1,0.000000,0.000000,0.000000,0.011039,-0.015606,0.015594,0.031200,353249096.811538,-0.011013,0.011020,-0.000747,-1.500048,0.000976
1195.612953,141270,50,1,-0.000000,-0.000000,-0.000000,0.012340,-0.017412,0.017402,0.034814,-341524896.651870,-0.012325,0.012327,-0.000584,-1.502417,0.000976
2898.435212,141260,50,1,0.000000,0.000000,0.000000,0.017487,-0.024698,0.024681,0.049378,852707174.205757,-0.017497,0.017475,-0.000780,-1.501454,0.000976
5406.004941,141260,50,1,-0.000000,0.000014,-0.000000,0.022185,-0.031370,0.031338,0.062708,-873742857.616920,-0.022143,0.022145,-0.001139,-1.499802,0.000976
6943.519876,141270,50,1,0.000000,0.000000,0.000000,0.024684,-0.034830,0.034784,0.069614,476916200.958669,-0.024706,0.024650,-0.001381,-1.501742,0.000976
9229.404894,141260,50,1,0.000000,0.000000,0.000000,0.027530,-0.038864,0.038797,0.077662,704765755.010109,-0.027548,0.027504,-0.001646,-1.502027,0.000976
12557.267370,141260,50,1,-0.000000,0.000038,-0.000000,0.031026,-0.043813,0.043733,0.087546,-1588542028.644642,-0.030975,0.030970,-0.001846,-1.502401,0.000976
17064.081300,141260,50,1,0.000000,0.000000,0.000000,0.034846,-0.049231,0.049132,0.098364,3568211332.641200,-0.034803,0.034840,-0.002181,-1.501726,0.000976
31020.950350,141260,50,1,0.000000,0.000000,0.000000,0.043966,-0.062163,0.062014,0.124177,1125536760.614541,-0.043955,0.043971,-0.002630,-1.500913,0.000976
183833.856600,141260,50,1,0.000000,0.000214,0.000000,0.087444,-0.123790,0.123162,0.246951,89542287635.021378,-0.087299,0.087395,-0.005336,-1.501088,0.000976
251465.982300,141260,50,1,0.000000,0.000253,0.000000,0.098725,-0.139895,0.139124,0.279019,7776558610.316412,-0.098566,0.098480,-0.005828,-1.499589,0.000976
331266.053800,141260,50,1,0.000000,0.000369,0.000000,0.110059,-0.156033,0.155056,0.311089,14087557787.771294,-0.109880,0.109762,-0.006622,-1.499848,0.000976
454595.395800,141260,50,1,-0.000000,0.000598,-0.000000,0.123690,-0.175110,0.173823,0.348934,-63328395461.292068,-0.123704,0.123661,-0.007704,-1.502775,0.000976
590803.962300,141260,50,1,0.000000,0.000387,0.000000,0.137223,-0.194383,0.192768,0.387151,7025811580.604824,-0.137104,0.137050,-0.008498,-1.502633,0.000976
792323.525900,141260,50,1,0.000000,0.000953,0.000000,0.154371,-0.218774,0.216781,0.435556,11291159086.406092,-0.154545,0.154502,-0.009616,-1.502905,0.000976
811.244311,158500,50,1,-0.000000,-0.000000,-0.000000,0.010069,-0.014232,0.014226,0.028458,-147300519.562853,-0.010063,0.010048,-0.000439,-1.500140,0.000976
777.021025,158500,50,1,0.000000,0.000000,0.000000,0.009872,-0.013953,0.013946,0.027899,673922910.056365,-0.009861,0.009847,-0.000481,-1.500123,0.000976
1078.913049,158500,50,1,0.000000,0.000000,0.000000,0.010964,-0.015469,0.015458,0.030927,207901552.311545,-0.010959,0.010944,-0.000447,-1.502773,0.000976
1443.438183,158500,50,1,0.000000,0.000000,0.000000,0.012348,-0.017426,0.017420,0.034846,451576263.318917,-0.012363,0.012340,-0.000330,-1.502261,0.000976
2618.379464,158500,50,1,-0.000000,-0.000000,-0.000000,0.015604,-0.022040,0.022021,0.044061,-301489868.865270,-0.015617,0.015602,-0.000912,-1.501520,0.000976
3531.156728,158500,50,1,-0.000000,-0.000000,-0.000000,0.017537,-0.024791,0.024764,0.049556,-417635974.432854,-0.017541,0.017493,-0.001171,-1.499840,0.000976
6286.854328,158500,50,1,-0.000000,0.000014,-0.000000,0.021961,-0.030985,0.030948,0.061933,-775437070.173357,-0.021963,0.021971,-0.001264,-1.501991,0.000976
8263.579464,158500,50,1,-0.000000,-0.000000,-0.000000,0.024534,-0.034632,0.034577,0.069209,-2512311250.894643,-0.024498,0.024543,-0.001535,-1.502052,0.000976
10938.677610,158500,50,1,-0.000000,-0.000000,-0.000000,0.027404,-0.038685,0.038627,0.077312,-597061654.383343,-0.027399,0.027416,-0.001554,-1.502544,0.000976
15114.431250,158500,50,1,0.000000,0.000000,0.000000,0.031005,-0.043800,0.043714,0.087514,3968642315.287083,-0.031014,0.030956,-0.001953,-1.501809,0.000976
37383.752040,158510,50,1,-0.000000,0.000011,-0.000000,0.043859,-0.062058,0.061899,0.123956,-1727374521.332668,-0.043793,0.043780,-0.002763,-1.499516,0.000976
50514.394040,158500,50,1,-0.000000,-0.000000,-0.000000,0.049673,-0.070310,0.070119,0.140430,-1589545944.959334,-0.049638,0.049607,-0.002928,-1.499582,0.000976
70153.486630,158510,50,1,0.000000,0.000016,0.000000,0.055726,-0.078749,0.078477,0.157226,1037523863.682653,-0.055658,0.055752,-0.003470,-1.502364,0.000976
90902.251090,158500,50,1,0.000000,0.000070,0.000000,0.061643,-0.087162,0.086839,0.174001,2337884238.053994,-0.061525,0.061696,-0.004027,-1.501719,0.000976
124490.291000,158500,50,1,0.000000,0.000000,0.000000,0.069743,-0.098655,0.098235,0.196890,3967589217.632221,-0.069779,0.069621,-0.004419,-1.501835,0.000976
164612.235500,158500,50,1,-0.000000,0.000087,-0.000000,0.077838,-0.110150,0.109678,0.219828,-4688582303.047196,-0.077848,0.077757,-0.004605,-1.501108,0.000976
299771.046600,158500,50,1,0.000000,0.000365,0.000000,0.098215,-0.139209,0.138414,0.277623,10057104638.818485,-0.098113,0.098071,-0.006042,-1.499757,0.000976
708203.943400,158500,50,1,-0.000000,0.000651,-0.000000,0.137249,-0.194469,0.192895,0.387364,-15615834923.809706,-0.137250,0.137189,-0.008529,-1.502220,0.000976
1059.696965,177820,50,1,0.000000,0.000000,0.000000,0.010204,-0.014421,0.014412,0.028834,435377411.481476,-0.010182,0.010183,-0.000658,-1.501030,0.000976
1306.918875,177830,50,1,-0.000000,-0.000000,-0.000000,0.010978,-0.015493,0.015485,0.030978,-416364719.899626,-0.010974,0.010992,-0.000573,-1.502445,0.000976
1778.998935,177820,50,1,-0.000000,-0.000000,-0.000000,0.012357,-0.017442,0.017429,0.034871,-744300147.821110,-0.012341,0.012367,-0.000836,-1.502469,0.000976
2370.689654,177820,50,1,-0.000000,-0.000000,-0.000000,0.013837,-0.019541,0.019526,0.039067,-14169251010.160761,-0.013823,0.013851,-0.000787,-1.501759,0.000976
3203.167708,177820,50,1,0.000000,0.000000,0.000000,0.015595,-0.022044,0.022023,0.044067,171714043.752456,-0.015599,0.015565,-0.000917,-1.499966,0.000976
4344.275323,177820,50,1,0.000000,0.000000,0.000000,0.017527,-0.024780,0.024756,0.049535,294223917.719319,-0.017526,0.017478,-0.001102,-1.500069,0.000976
7607.319762,177820,50,1,-0.000000,-0.000000,-0.000000,0.021915,-0.030931,0.030891,0.061822,-320579189.178796,-0.021883,0.021938,-0.001326,-1.502116,0.000976
18611.755630,177820,50,1,-0.000000,-0.000000,-0.000000,0.031127,-0.043970,0.043894,0.087864,-1874955825.336241,-0.031101,0.031150,-0.001884,-1.501985,0.000976
24998.507160,177820,50,1,0.000000,0.000000,0.000000,0.034866,-0.049271,0.049180,0.098451,870788015.089792,-0.034851,0.034901,-0.001924,-1.501348,0.000976
34254.356160,177820,50,1,0.000000,0.000000,0.000000,0.039350,-0.055665,0.055545,0.111210,5756347112.285493,-0.039289,0.039274,-0.002357,-1.499686,0.000976
46303.526330,177820,50,1,0.000000,0.000076,0.000000,0.044198,-0.062550,0.062391,0.124941,551931816.703958,-0.044067,0.044061,-0.002727,-1.499726,0.000976
63079.504400,177820,50,1,0.000000,0.000040,0.000000,0.049555,-0.070002,0.069822,0.139824,1301140266.106656,-0.049459,0.049535,-0.002799,-1.502309,0.000976
82386.035480,177820,50,1,-0.000000,0.000026,-0.000000,0.054993,-0.077731,0.077484,0.155215,-2815629633.808513,-0.054916,0.055027,-0.003406,-1.501774,0.000976
149715.074600,177820,50,1,-0.000000,0.000095,-0.000000,0.069459,-0.098288,0.097873,0.196161,-71124039392.065521,-0.069322,0.069501,-0.004368,-1.501064,0.000976
275143.694600,177820,50,1,-0.000000,0.000004,-0.000000,0.088018,-0.124720,0.124103,0.248822,-12875896361.868944,-0.087730,0.087748,-0.005291,-1.499583,0.000976
373207.753800,177820,50,1,-0.000000,0.000201,-0.000000,0.098550,-0.139438,0.138627,0.278066,-25228373070.935459,-0.098487,0.098361,-0.006070,-1.502287,0.000976
483004.222600,177820,50,1,0.000000,0.000263,0.000000,0.109357,-0.154848,0.153797,0.308645,18663498739.928642,-0.109356,0.109280,-0.006998,-1.501935,0.000976
648264.956300,177820,50,1,0.000000,0.000282,0.000000,0.123034,-0.174320,0.173010,0.347331,2999680983.130102,-0.122782,0.122974,-0.007922,-1.501567,0.000976
1032.120321,199500,50,1,0.000000,0.000000,0.000000,0.009189,-0.012983,0.012983,0.025966,392045325.981441,-0.009169,0.009169,-0.000066,-1.500864,0.000976
1236.499405,199500,50,1,-0.000000,0.000001,-0.000000,0.009779,-0.013799,0.013798,0.027597,-80107891.813349,-0.009785,0.009783,-0.000141,-1.502250,0.000976
2220.874040,199500,50,1,-0.000000,-0.000000,-0.000000,0.012393,-0.017501,0.017490,0.034990,-1812953091.494224,-0.012389,0.012405,-0.000685,-1.501734,0.000976
3012.929607,199500,50,1,-0.000000,-0.000000,-0.000000,0.013950,-0.019712,0.019702,0.039414,-571392665.402202,-0.013916,0.013946,-0.000471,-1.500103,0.000976
5310.013049,199500,50,1,0.000000,0.000000,0.000000,0.017482,-0.024657,0.024629,0.049286,17901269322.871994,-0.017484,0.017494,-0.001101,-1.502477,0.000976
6952.351960,199500,50,1,0.000000,0.000013,0.000000,0.019449,-0.027440,0.027410,0.054850,765998312.897770,-0.019451,0.019442,-0.001305,-1.502506,0.000976
9325.626351,199500,50,1,0.000000,0.000000,0.000000,0.021838,-0.030814,0.030785,0.061599,745407534.239968,-0.021831,0.021846,-0.001036,-1.502849,0.000976
12589.231540,199500,50,1,0.000000,0.000000,0.000000,0.024659,-0.034815,0.034770,0.069585,1578202550.965410,-0.024645,0.024678,-0.001405,-1.502347,0.000976
17054.311370,199500,50,1,0.000000,0.000030,0.000000,0.027706,-0.039132,0.039066,0.078198,886587559.414988,-0.027694,0.027684,-0.001728,-1.502331,0.000976
22976.956920,199500,50,1,0.000000,0.000000,0.000000,0.031133,-0.043986,0.043919,0.087905,3188007770.836351,-0.031161,0.031099,-0.001642,-1.501445,0.000976
31236.549170,199500,50,1,0.000000,0.000000,0.000000,0.034989,-0.049488,0.049397,0.098884,35828294403.165665,-0.034947,0.034981,-0.001891,-1.499812,0.000976
138016.192400,199510,50,1,0.000000,0.000011,0.000000,0.062082,-0.087809,0.087508,0.175318,2648844041.254185,-0.062119,0.061956,-0.003658,-1.501254,0.000976
339754.072000,199500,50,1,0.000000,0.000122,0.000000,0.087700,-0.124046,0.123428,0.247474,8164086650.655951,-0.087638,0.087500,-0.005222,-1.502099,0.000976
442298.910100,199500,50,1,0.000000,0.000231,0.000000,0.097540,-0.138058,0.137271,0.275329,7134366500.488572,-0.097457,0.097573,-0.006124,-1.501708,0.000976
588559.441400,199500,50,1,-0.000000,0.000115,-0.000000,0.109541,-0.155131,0.154182,0.309313,-112171185746.099503,-0.109490,0.109557,-0.006417,-1.501301,0.000976
1404.881552,223850,50,1,-0.000000,-0.000000,-0.000000,0.009225,-0.013017,0.013015,0.026032,-62146795.147452,-0.009223,0.009236,-0.000178,-1.502531,0.000976
1622.907587,223850,50,1,0.000000,0.000000,0.000000,0.009821,-0.013863,0.013856,0.027719,5028500812.206304,-0.009805,0.009825,-0.000487,-1.502539,0.000976
2132.567199,223860,50,1,-0.000000,-0.000000,-0.000000,0.011012,-0.015547,0.015542,0.031089,-148378843.471584,-0.010995,0.011012,-0.000450,-1.501870,0.000976
5037.560801,223850,50,1,0.000000,0.000008,0.000000,0.015576,-0.021974,0.021952,0.043925,1329185239.829253,-0.015583,0.015581,-0.000863,-1.502122,0.000976
11919.612050,223850,50,1,0.000000,0.000000,0.000000,0.021933,-0.030967,0.030925,0.061892,22459560594.635723,-0.021894,0.021946,-0.001266,-1.502351,0.000976
15927.827030,223850,50,1,-0.000000,-0.000000,-0.000000,0.024690,-0.034862,0.034823,0.069684,-341655847.997404,-0.024701,0.024651,-0.001281,-1.502415,0.000976
21477.214080,223850,50,1,-0.000000,-0.000000,-0.000000,0.027747,-0.039198,0.039141,0.078338,-1775783965.842128,-0.027741,0.027753,-0.001486,-1.501686,0.000976
29115.331360,223850,50,1,0.000000,0.000000,0.000000,0.031228,-0.044161,0.044088,0.088249,603348526.741589,-0.031226,0.031191,-0.001779,-1.499881,0.000976
71651.564200,223850,50,1,-0.000000,0.000001,-0.000000,0.043811,-0.061892,0.061748,0.123640,-4984707570.644016,-0.043761,0.043810,-0.002474,-1.502031,0.000976
96084.043490,223850,50,1,0.000000,0.000000,0.000000,0.049223,-0.069568,0.069372,0.138941,8400620829.861097,-0.049240,0.049230,-0.002884,-1.502066,0.000976
172231.890700,223850,50,1,0.000000,0.000000,0.000000,0.062282,-0.088173,0.087866,0.176039,2199216023.141922,-0.062149,0.062221,-0.003723,-1.499487,0.000976
231702.774400,223850,50,1,0.000000,0.000145,0.000000,0.069980,-0.099119,0.098733,0.197851,71657612842.978409,-0.069885,0.069962,-0.004054,-1.499444,0.000976
313217.455400,223850,50,1,-0.000000,0.000107,-0.000000,0.078279,-0.110708,0.110172,0.220880,-40080040255.141640,-0.078239,0.078187,-0.004933,-1.502271,0.000976
411101.433400,223850,50,1,0.000000,0.000123,0.000000,0.087232,-0.123436,0.122824,0.246260,17864948802.145988,-0.087233,0.087078,-0.005177,-1.501529,0.000976
544036.518700,223860,50,1,0.000000,0.000134,0.000000,0.097762,-0.138436,0.137628,0.276064,14301243982.981787,-0.097804,0.097658,-0.006082,-1.501233,0.000976
1909.545944,251170,50,1,0.000000,0.000000,0.000000,0.009330,-0.013170,0.013165,0.026334,868572615.351830,-0.009323,0.009338,-0.000477,-1.502547,0.000976
2125.681827,251170,50,1,0.000000,0.000000,0.000000,0.009800,-0.013838,0.013831,0.027670,68735401.852828,-0.009808,0.009803,-0.000461,-1.501856,0.000976
2832.109432,251170,50,1,-0.000000,-0.000000,-0.000000,0.011047,-0.015610,0.015604,0.031214,-226238383.553390,-0.011034,0.011048,-0.000398,-1.500117,0.000976
3794.321716,251170,50,1,0.000000,0.000000,0.000000,0.012420,-0.017556,0.017545,0.035101,706578954.404374,-0.012390,0.012414,-0.000721,-1.500250,0.000976
4917.008595,251170,50,1,0.000000,0.000000,0.000000,0.013855,-0.019540,0.019523,0.039063,289533976.562000,-0.013854,0.013861,-0.000833,-1.502307,0.000976
6415.244137,251170,50,1,0.000000,0.000000,0.000000,0.015420,-0.021753,0.021736,0.043490,877219524.477902,-0.015408,0.015430,-0.000919,-1.502467,0.000976
8651.717901,251170,50,1,-0.000000,0.000005,-0.000000,0.017412,-0.024569,0.024547,0.049116,-509420321.765023,-0.017401,0.017407,-0.000807,-1.502855,0.000976
11540.369780,251170,50,1,0.000000,0.000000,0.000000,0.019570,-0.027627,0.027598,0.055226,267200359.284479,-0.019588,0.019545,-0.001002,-1.502283,0.000976
15469.204120,251170,50,1,-0.000000,-0.000000,-0.000000,0.021998,-0.031064,0.031027,0.062092,-5631501920.682764,-0.021963,0.022016,-0.001246,-1.502315,0.000976
27632.141660,251170,50,1,-0.000000,0.000006,-0.000000,0.027815,-0.039329,0.039271,0.078600,-527449187.201447,-0.027748,0.027778,-0.001565,-1.499967,0.000976
37315.908650,251170,50,1,0.000000,0.000000,0.000000,0.031318,-0.044300,0.044220,0.088520,822308638.388378,-0.031273,0.031258,-0.001871,-1.499981,0.000976
51295.249410,251170,50,1,0.000000,0.000000,0.000000,0.035065,-0.049517,0.049426,0.098943,7181328884.862009,-0.035035,0.035025,-0.001886,-1.502516,0.000976
66381.671970,251170,50,1,0.000000,0.000000,0.000000,0.038844,-0.054877,0.054762,0.109639,3059714490.565735,-0.038874,0.038829,-0.002282,-1.502018,0.000976
160727.277100,251170,50,1,-0.000000,-0.000000,-0.000000,0.055512,-0.078571,0.078322,0.156893,-1894808124.615719,-0.055385,0.055461,-0.003391,-1.499551,0.000976
288667.783400,251170,50,1,-0.000000,0.000045,-0.000000,0.069468,-0.098226,0.097816,0.196042,-23711265674.499958,-0.069400,0.069385,-0.004380,-1.502154,0.000976
377414.579900,251170,50,1,-0.000000,0.000199,-0.000000,0.077390,-0.109486,0.109009,0.218495,-11321098416.073517,-0.077456,0.077310,-0.004794,-1.501330,0.000976
2268.111524,281860,50,1,0.000000,0.000000,0.000000,0.008813,-0.012445,0.012439,0.024884,143243519.435328,-0.008802,0.008799,-0.000521,-1.501639,0.000976
2923.608712,281850,50,1,0.000000,0.000000,0.000000,0.009846,-0.013915,0.013907,0.027822,107253370.087241,-0.009839,0.009822,-0.000610,-1.499997,0.000976
3829.823876,281860,50,1,0.000000,0.000000,0.000000,0.011046,-0.015611,0.015607,0.031218,5655575335.196751,-0.011040,0.011017,-0.000386,-1.500215,0.000976
4979.143585,281860,50,1,0.000000,0.000000,0.000000,0.012334,-0.017393,0.017381,0.034774,350834351.346684,-0.012355,0.012321,-0.000773,-1.502386,0.000976
6543.554438,281850,50,1,-0.000000,-0.000000,-0.000000,0.013828,-0.019510,0.019493,0.039004,-2022802555.933577,-0.013811,0.013843,-0.000854,-1.502532,0.000976
8543.608971,281850,50,1,0.000000,0.000000,0.000000,0.015450,-0.021801,0.021783,0.043584,232655119.451914,-0.015446,0.015437,-0.000809,-1.502821,0.000976
26900.611300,281850,50,1,0.000000,0.000000,0.000000,0.024820,-0.035095,0.035045,0.070140,267536965.293987,-0.024777,0.024815,-0.001501,-1.499965,0.000976
35884.766920,281850,50,1,0.000000,0.000000,0.000000,0.027876,-0.039428,0.039364,0.078792,2378750444.876882,-0.027870,0.027849,-0.001649,-1.500013,0.000976
49073.220090,281850,50,1,-0.000000,-0.000000,-0.000000,0.031225,-0.044091,0.044005,0.088095,-652540383.550418,-0.031250,0.031239,-0.002001,-1.502597,0.000976
64079.111640,281850,50,1,0.000000,0.000000,0.000000,0.034749,-0.049092,0.048989,0.098081,808698123.111469,-0.034720,0.034753,-0.002088,-1.501960,0.000976
86189.622240,281850,50,1,-0.000000,0.000003,-0.000000,0.039236,-0.055446,0.055315,0.110761,-13392375142.388590,-0.039182,0.039237,-0.002496,-1.502070,0.000976
113588.705300,281850,50,1,0.000000,0.000000,0.000000,0.043800,-0.061933,0.061769,0.123702,2491742978.790516,-0.043803,0.043712,-0.002777,-1.501301,0.000976
689.845704,50020,70,1,0.000000,0.000000,0.000000,0.019560,-0.027565,0.027606,0.055171,1112753061.690002,-0.019586,0.019536,0.000028,-1.502217,0.000976
920.199740,50030,70,1,-0.000000,-0.000000,-0.000000,0.021997,-0.031029,0.031057,0.062086,-7508450461.935580,-0.022007,0.021976,-0.000135,-1.501683,0.000976
1658.894966,50020,70,1,0.000000,0.000000,0.000000,0.027931,-0.039456,0.039454,0.078909,1059319952.398532,-0.027921,0.027929,-0.000948,-1.499462,0.000976
2222.131156,50020,70,1,0.000000,0.000021,0.000000,0.031469,-0.044454,0.044460,0.088914,2014004111.834817,-0.031372,0.031380,-0.001155,-1.499582,0.000976
3046.413828,50030,70,1,0.000000,0.000000,0.000000,0.035042,-0.049441,0.049405,0.098845,1435339521.114870,-0.035046,0.035028,-0.002089,-1.502134,0.000976
3997.646339,50030,70,1,-0.000000,0.000016,-0.000000,0.039250,-0.055397,0.055350,0.110746,-1435435563.115250,-0.039210,0.039163,-0.001967,-1.501617,0.000976
5435.800204,50030,70,1,-0.000000,-0.000000,-0.000000,0.044160,-0.062363,0.062278,0.124640,-3768299449.608295,-0.044205,0.044173,-0.002362,-1.501359,0.000976
7240.807122,50030,70,1,0.000000,0.000000,0.000000,0.049453,-0.069871,0.069754,0.139625,25319680734.304474,-0.049448,0.049463,-0.003071,-1.500811,0.000976
9686.049430,50020,70,1,-0.000000,0.000092,-0.000000,0.055976,-0.079137,0.079020,0.158157,-1432992837.059878,-0.055857,0.055876,-0.002988,-1.499022,0.000976
13169.050160,50030,70,1,-0.000000,-0.000000,-0.000000,0.062570,-0.088538,0.088329,0.176867,-9153148261.651241,-0.062535,0.062352,-0.003641,-1.498872,0.000976
61747.457720,50020,70,1,0.000000,0.000178,0.000000,0.111035,-0.157156,0.156076,0.313232,113696147259.689865,-0.110968,0.110886,-0.008480,-1.502624,0.000976
83848.176630,50020,70,1,-0.000000,0.000468,-0.000000,0.123986,-0.175588,0.174210,0.349799,-11541974067.251162,-0.124033,0.123937,-0.009733,-1.502424,0.000976
117081.599700,50020,70,1,0.000000,0.000551,0.000000,0.139612,-0.197932,0.196137,0.394068,23826923155.854034,-0.139642,0.139690,-0.010894,-1.501553,0.000976
213114.139100,50020,70,1,0.000000,0.001594,0.000000,0.175277,-0.248053,0.245076,0.493129,5278921124.599473,-0.175882,0.175462,-0.014038,-1.507734,0.000976
810.776462,56320,70,1,0.000000,0.000000,0.000000,0.019552,-0.027626,0.027565,0.055191,606698348.769770,-0.019524,0.019525,-0.002469,-1.501919,0.000976
1420.449995,56320,70,1,0.000000,0.000000,0.000000,0.024729,-0.034980,0.034918,0.069898,436598668.289568,-0.024693,0.024675,-0.001919,-1.499028,0.000976
1915.294650,56320,70,1,-0.000000,0.000006,-0.000000,0.027818,-0.039387,0.039277,0.078664,-9495274422.236713,-0.027772,0.027740,-0.003025,-1.498923,0.000976
2650.008769,56320,70,1,0.000000,0.000000,0.000000,0.031163,-0.044051,0.043895,0.087947,1100368515.288915,-0.031091,0.031154,-0.003651,-1.501642,0.000976
3483.156534,56320,70,1,-0.000000,-0.000000,-0.000000,0.034679,-0.049035,0.048866,0.097901,-11836987991.980837,-0.034623,0.034678,-0.003639,-1.501319,0.000976
4726.887111,56320,70,1,-0.000000,0.000107,-0.000000,0.039218,-0.055477,0.055264,0.110741,-20079995880.606525,-0.039228,0.039141,-0.004082,-1.501299,0.000976
6344.782869,56320,70,1,0.000000,0.000023,0.000000,0.044022,-0.062303,0.062065,0.124367,919971694.504516,-0.043967,0.043982,-0.004118,-1.500181,0.000976
8601.823602,56310,70,1,-0.000000,0.000021,-0.000000,0.049549,-0.070222,0.069873,0.140095,-1812068351.228524,-0.049385,0.049479,-0.005194,-1.498514,0.000976
11304.200210,56320,70,1,-0.000000,0.000180,-0.000000,0.055649,-0.078891,0.078499,0.157390,-5180441319.441830,-0.055608,0.055495,-0.005297,-1.498556,0.000976
14758.938980,56310,70,1,0.000000,0.000162,0.000000,0.061968,-0.087689,0.087159,0.174849,5287963600.399603,-0.061936,0.061855,-0.006369,-1.500654,0.000976
27394.670290,56310,70,1,0.000000,0.000128,0.000000,0.077817,-0.110226,0.109419,0.219645,7244067309.786925,-0.077616,0.077675,-0.007769,-1.501592,0.000976
37374.397570,56310,70,1,-0.000000,0.000470,-0.000000,0.087231,-0.123621,0.122650,0.246271,-44662547382.369827,-0.087281,0.087163,-0.008455,-1.501196,0.000976
52032.485900,56320,70,1,0.000000,0.000523,0.000000,0.098417,-0.139553,0.138282,0.277836,4199131457.969487,-0.098465,0.098382,-0.009678,-1.501824,0.000976
99013.818210,56320,70,1,0.000000,0.000557,0.000000,0.124304,-0.176641,0.174641,0.351282,21214551194.938255,-0.124043,0.124175,-0.012091,-1.499858,0.000976
134923.459700,56320,70,1,-0.000000,0.001098,-0.000000,0.139014,-0.197617,0.195155,0.392772,-35586999205.299011,-0.138614,0.138854,-0.013315,-1.500874,0.000976
182082.033000,56320,70,1,0.000000,0.001085,0.000000,0.156052,-0.221427,0.218425,0.439852,19974642498.147217,-0.156205,0.156267,-0.014409,-1.504592,0.000976
234476.055700,56310,70,1,-0.000000,0.001707,-0.000000,0.171889,-0.244049,0.240290,0.484339,-12572529135.241106,-0.172344,0.172005,-0.016202,-1.505514,0.000976
322173.761200,56320,70,1,-0.000000,0.002012,-0.000000,0.194194,-0.275673,0.270824,0.546497,-10466012690.468649,-0.194787,0.194708,-0.018460,-1.508208,0.000976
689.630238,63020,70,1,0.000000,0.000019,0.000000,0.017457,-0.024657,0.024598,0.049255,297928093.098257,-0.017483,0.017478,-0.002379,-1.502378,0.000976
914.188489,63020,70,1,-0.000000,0.000025,-0.000000,0.019540,-0.027616,0.027538,0.055153,-1177014332.175039,-0.019562,0.019563,-0.002650,-1.501975,0.000976
1634.403121,63020,70,1,-0.000000,0.000027,-0.000000,0.024930,-0.035323,0.035143,0.070465,-607809055.479059,-0.024844,0.024915,-0.004932,-1.499417,0.000976
2250.012466,63020,70,1,0.000000,0.000009,0.000000,0.027818,-0.039315,0.039144,0.078459,9495090418.571775,-0.027837,0.027785,-0.004039,-1.502590,0.000976
3001.069963,63020,70,1,-0.000000,0.000046,-0.000000,0.031096,-0.043997,0.043745,0.087742,-1273679382.722983,-0.031064,0.031129,-0.005611,-1.501911,0.000976
4015.747686,63020,70,1,0.000000,0.000137,0.000000,0.034935,-0.049457,0.049143,0.098599,11924416255.726782,-0.034921,0.034898,-0.006164,-1.501866,0.000976
5424.135800,63020,70,1,-0.000000,-0.000000,-0.000000,0.039252,-0.055570,0.055269,0.110839,-1386008112.991594,-0.039199,0.039232,-0.005205,-1.501010,0.000976
7324.569887,63020,70,1,-0.000000,0.000108,-0.000000,0.044167,-0.062612,0.062224,0.124836,-45228083911.474838,-0.044155,0.044048,-0.006073,-1.498993,0.000976
9964.628084,63020,70,1,0.000000,0.000117,0.000000,0.049744,-0.070576,0.070046,0.140622,2680952138.402305,-0.049710,0.049694,-0.007474,-1.499210,0.000976
12658.722260,63020,70,1,0.000000,0.000117,0.000000,0.055307,-0.078278,0.077701,0.155979,2359771984.300348,-0.055343,0.055404,-0.007276,-1.501229,0.000976
17151.487980,63020,70,1,-0.000000,0.000169,-0.000000,0.062036,-0.087856,0.087155,0.175011,-9074939527.804291,-0.062047,0.062091,-0.007925,-1.501542,0.000976
31461.702150,63020,70,1,0.000000,0.000224,0.000000,0.077873,-0.110423,0.109380,0.219803,3987109582.552213,-0.077889,0.077771,-0.009447,-1.501438,0.000976
43991.762650,63020,70,1,0.000000,0.000274,0.000000,0.088001,-0.124819,0.123574,0.248393,18022605335.380348,-0.087852,0.087962,-0.010067,-1.501775,0.000976
84883.829250,63020,70,1,-0.000000,0.000403,-0.000000,0.111279,-0.158139,0.156269,0.314409,-8765382516.418179,-0.111074,0.111340,-0.012114,-1.499727,0.000976
115859.042300,63020,70,1,0.000000,0.000955,0.000000,0.124549,-0.177114,0.174778,0.351891,63768349418.219673,-0.124347,0.124251,-0.013517,-1.500319,0.000976
157296.932700,63020,70,1,0.000000,0.001199,0.000000,0.139669,-0.198318,0.195442,0.393760,35756243875.536301,-0.139717,0.139852,-0.014735,-1.503618,0.000976
206612.817500,63020,70,1,0.000000,0.001434,0.000000,0.154418,-0.219328,0.215992,0.435320,79062105243.888672,-0.154478,0.154307,-0.015563,-1.504039,0.000976
370566.493400,63030,70,1,-0.000000,0.002349,-0.000000,0.193049,-0.274347,0.269225,0.543572,-39535849759.101425,-0.193488,0.193309,-0.019153,-1.506739,0.000976
784.788911,70840,70,1,0.000000,0.000000,0.000000,0.017451,-0.024649,0.024622,0.049271,687317866.571123,-0.017417,0.017458,-0.001179,-1.501444,0.000976
1061.171134,70840,70,1,0.000000,0.000029,0.000000,0.019650,-0.027793,0.027736,0.055530,386955389.374052,-0.019624,0.019634,-0.002228,-1.499624,0.000976
1411.641315,70830,70,1,0.000000,0.000000,0.000000,0.022121,-0.031288,0.031247,0.062535,302021371.153136,-0.022064,0.022097,-0.001477,-1.499500,0.000976
1903.454728,70840,70,1,0.000000,0.000043,0.000000,0.024630,-0.034808,0.034688,0.069496,1940111866.614499,-0.024577,0.024611,-0.003795,-1.502166,0.000976
3470.119381,70830,70,1,0.000000,0.000019,0.000000,0.031198,-0.044099,0.043977,0.088076,679711051.410554,-0.031215,0.031141,-0.002902,-1.501710,0.000976
6251.862154,70840,70,1,0.000000,0.000000,0.000000,0.039302,-0.055641,0.055465,0.111106,2683032656.943676,-0.039266,0.039281,-0.003427,-1.498960,0.000976
8516.618515,70840,70,1,0.000000,0.000028,0.000000,0.044234,-0.062663,0.062416,0.125079,1224218321.782670,-0.044114,0.044158,-0.004204,-1.499024,0.000976
19870.132120,70840,70,1,0.000000,0.000008,0.000000,0.061993,-0.087743,0.087221,0.174964,1763345074.738805,-0.062002,0.061894,-0.006251,-1.501830,0.000976
27104.887030,70830,70,1,0.000000,0.000089,0.000000,0.069584,-0.098550,0.097901,0.196450,2035821870.030843,-0.069632,0.069510,-0.006961,-1.501259,0.000976
72377.737030,70840,70,1,-0.000000,0.000449,-0.000000,0.098958,-0.140487,0.139210,0.279697,-2980385090.091091,-0.098747,0.098975,-0.009652,-1.499415,0.000976
98356.363930,70840,70,1,0.000000,0.000372,0.000000,0.110642,-0.157145,0.155595,0.312740,37765578012.951584,-0.110480,0.110607,-0.010510,-1.499778,0.000976
181651.193000,70830,70,1,-0.000000,0.000821,-0.000000,0.138403,-0.196437,0.194027,0.390463,-8336749760.851486,-0.138213,0.138308,-0.012878,-1.502923,0.000976
244958.531400,70830,70,1,-0.000000,0.001126,-0.000000,0.154682,-0.219685,0.216643,0.436327,-52795871087.747101,-0.154795,0.154512,-0.014488,-1.503442,0.000976
453006.153700,70840,70,1,-0.000000,0.001766,-0.000000,0.195479,-0.277978,0.273120,0.551098,-3849434176.659000,-0.195746,0.195675,-0.018388,-1.504354,0.000976
875.167731,79460,70,1,-0.000000,-0.000000,-0.000000,0.017520,-0.024779,0.024737,0.049516,-427147568.799305,-0.017480,0.017512,-0.001799,-1.499474,0.000976
1194.215092,79460,70,1,-0.000000,-0.000000,-0.000000,0.019753,-0.027947,0.027890,0.055837,-326237356.543350,-0.019729,0.019696,-0.002019,-1.499677,0.000976
3909.693990,79460,70,1,-0.000000,0.000011,-0.000000,0.031170,-0.044074,0.043943,0.088017,-725415767.292804,-0.031183,0.031105,-0.003340,-1.501214,0.000976
7082.300556,79460,70,1,-0.000000,-0.000000,-0.000000,0.039384,-0.055781,0.055572,0.111353,-916561718.590013,-0.039351,0.039310,-0.003984,-1.499269,0.000976
12346.538010,79470,70,1,0.000000,0.000069,0.000000,0.048847,-0.069065,0.068756,0.137821,2084129674.851162,-0.048755,0.048816,-0.004926,-1.501458,0.000976
22679.306440,79470,70,1,-0.000000,0.000219,-0.000000,0.061935,-0.087675,0.087156,0.174831,-1024098749683488.500000,-0.061900,0.061893,-0.006285,-1.501506,0.000976
31833.393170,79460,70,1,-0.000000,0.000222,-0.000000,0.069972,-0.099092,0.098449,0.197541,-23883772071.342499,-0.069947,0.070016,-0.006905,-1.501729,0.000976
43428.806890,79460,70,1,-0.000000,0.000404,-0.000000,0.078284,-0.110968,0.110140,0.221107,-80161694485.201920,-0.078183,0.078252,-0.007972,-1.500836,0.000976
83971.545870,79460,70,1,-0.000000,0.000273,-0.000000,0.098918,-0.140465,0.139152,0.279617,-11254644487.665264,-0.098870,0.098621,-0.009953,-1.499633,0.000976
116186.235000,79460,70,1,0.000000,0.000639,0.000000,0.111018,-0.157402,0.155756,0.313158,2991648663.527730,-0.110969,0.110803,-0.010999,-1.502748,0.000976
214516.687000,79460,70,1,0.000000,0.000927,0.000000,0.138735,-0.196969,0.194465,0.391434,9470996700.910389,-0.138623,0.138549,-0.013451,-1.502936,0.000976
532551.583500,79460,70,1,0.000000,0.001881,0.000000,0.195702,-0.278514,0.273444,0.551957,33400730386.844875,-0.195919,0.195876,-0.019159,-1.503989,0.000976
1039.644333,89080,70,1,-0.000000,-0.000000,-0.000000,0.017548,-0.024827,0.024767,0.049594,-345556844.768734,-0.017500,0.017540,-0.002530,-1.500123,0.000976
1432.160788,89090,70,1,0.000000,0.000034,0.000000,0.019607,-0.027684,0.027620,0.055304,647671352.165585,-0.019593,0.019609,-0.002557,-1.502953,0.000976
1925.019466,89080,70,1,-0.000000,-0.000000,-0.000000,0.021953,-0.031030,0.030928,0.061958,-642284805.017582,-0.021947,0.021929,-0.003208,-1.502055,0.000976
3365.229503,89080,70,1,0.000000,0.000059,0.000000,0.027771,-0.039276,0.039139,0.078415,1236435263.499183,-0.027754,0.027773,-0.003832,-1.501476,0.000976
6236.918915,89080,70,1,0.000000,0.000034,0.000000,0.035214,-0.049876,0.049668,0.099544,767214723.273171,-0.035120,0.035188,-0.004481,-1.499641,0.000976
10644.871130,89080,70,1,0.000000,0.000102,0.000000,0.043483,-0.061497,0.061176,0.122673,128984061276545216.000000,-0.043449,0.043426,-0.005526,-1.501935,0.000976
26992.302880,89080,70,1,0.000000,0.000105,0.000000,0.062175,-0.088060,0.087456,0.175516,1552862815.413863,-0.062196,0.062229,-0.007240,-1.501889,0.000976
52190.900500,89080,70,1,0.000000,0.000147,0.000000,0.078656,-0.111607,0.110675,0.222282,5033978577.050744,-0.078650,0.078503,-0.008957,-1.499551,0.000976
71823.637110,89080,70,1,0.000000,0.000430,0.000000,0.088145,-0.125141,0.123996,0.249137,5309436936.502134,-0.087904,0.088045,-0.009872,-1.499850,0.000976
133595.540100,89080,70,1,-0.000000,0.000478,-0.000000,0.109847,-0.155854,0.154119,0.309973,-37494740933.629768,-0.109774,0.109848,-0.011958,-1.502344,0.000976
251993.181700,89090,70,1,0.000000,0.000973,0.000000,0.138389,-0.196650,0.193917,0.390567,6441370553.661126,-0.138519,0.138291,-0.014682,-1.502379,0.000976
343065.926100,89080,70,1,-0.000000,0.001265,-0.000000,0.155160,-0.220788,0.217328,0.438115,-3055458654.878244,-0.154963,0.155013,-0.016562,-1.501291,0.000976
614025.936400,89090,70,1,0.000000,0.001820,0.000000,0.192619,-0.273909,0.268416,0.542325,197237020920.302734,-0.193054,0.192937,-0.020868,-1.506294,0.000976
889.111964,99960,70,1,0.000000,0.000000,0.000000,0.015661,-0.022139,0.022119,0.044258,552993815.337175,-0.015646,0.015622,-0.001255,-1.500086,0.000976
1232.242331,99950,70,1,-0.000000,-0.000000,-0.000000,0.017451,-0.024622,0.024597,0.049219,-1276417244.659312,-0.017454,0.017421,-0.001137,-1.502852,0.000976
2184.525096,99950,70,1,-0.000000,0.000021,-0.000000,0.021965,-0.031003,0.030974,0.061976,-725554461.373130,-0.021961,0.021957,-0.001481,-1.502535,0.000976
3956.657481,99950,70,1,-0.000000,-0.000000,-0.000000,0.027875,-0.039407,0.039344,0.078752,-1427195090.125764,-0.027891,0.027837,-0.002067,-1.499986,0.000976
5307.631418,99950,70,1,0.000000,0.000000,0.000000,0.031214,-0.044144,0.044055,0.088199,863873195.442772,-0.031181,0.031155,-0.002432,-1.500335,0.000976
6953.236194,99950,70,1,0.000000,0.000013,0.000000,0.034859,-0.049197,0.049084,0.098280,699912475.442540,-0.034871,0.034846,-0.002614,-1.502223,0.000976
12624.537000,99950,70,1,0.000000,0.000020,0.000000,0.043825,-0.061908,0.061703,0.123612,2136970551.662143,-0.043826,0.043759,-0.003736,-1.502745,0.000976
23246.272220,99950,70,1,-0.000000,-0.000000,-0.000000,0.055440,-0.078391,0.078062,0.156453,-1351688447.325599,-0.055503,0.055375,-0.004652,-1.502334,0.000976
31824.857850,99950,70,1,0.000000,0.000207,0.000000,0.062111,-0.087894,0.087476,0.175370,2765286696.739033,-0.062060,0.062103,-0.005329,-1.501527,0.000976
44519.726750,99950,70,1,0.000000,0.000132,0.000000,0.070033,-0.099215,0.098661,0.197876,7968259693.804019,-0.069865,0.069959,-0.006083,-1.499838,0.000976
61359.143840,99950,70,1,0.000000,0.000288,0.000000,0.078584,-0.111377,0.110694,0.222071,10058791149.049061,-0.078465,0.078475,-0.006906,-1.500047,0.000976
113538.802200,99950,70,1,-0.000000,0.000257,-0.000000,0.097399,-0.137906,0.136843,0.274749,-8311433355.995656,-0.097351,0.097440,-0.008424,-1.502596,0.000976
540557.619900,99950,70,1,0.000000,0.001275,0.000000,0.171885,-0.243747,0.240525,0.484271,9778311554.039026,-0.172216,0.171906,-0.013953,-1.504976,0.000976
709895.375600,99950,70,1,0.000000,0.001574,0.000000,0.191147,-0.271121,0.267341,0.538463,4774024320.318576,-0.191534,0.191605,-0.014899,-1.505607,0.000976
779.051762,112160,70,1,0.000000,0.000000,0.000000,0.013943,-0.019719,0.019684,0.039403,192943407.484898,-0.013903,0.013937,-0.001599,-1.500178,0.000976
1082.936759,112160,70,1,-0.000000,-0.000000,-0.000000,0.015513,-0.021894,0.021867,0.043761,-661894645.481805,-0.015491,0.015523,-0.001064,-1.502951,0.000976
1425.887502,112160,70,1,0.000000,0.000000,0.000000,0.017372,-0.024537,0.024486,0.049023,370598162.936740,-0.017383,0.017343,-0.001629,-1.502278,0.000976
1940.259974,112160,70,1,-0.000000,0.000002,-0.000000,0.019640,-0.027740,0.027689,0.055429,-591498611.967921,-0.019642,0.019617,-0.001585,-1.502537,0.000976
3429.795709,112160,70,1,-0.000000,-0.000000,-0.000000,0.024722,-0.034970,0.034889,0.069858,-3616423885.097391,-0.024681,0.024723,-0.002232,-1.499966,0.000976
6122.652855,112160,70,1,0.000000,0.000000,0.000000,0.031037,-0.043814,0.043707,0.087521,756713758.271872,-0.031064,0.031053,-0.002518,-1.502107,0.000976
11109.724160,112160,70,1,0.000000,0.000054,0.000000,0.039111,-0.055252,0.055080,0.110332,1251536613.565630,-0.039049,0.039037,-0.003080,-1.502624,0.000976
15162.633840,112160,70,1,0.000000,0.000000,0.000000,0.043907,-0.062063,0.061843,0.123907,1248902759.282564,-0.043928,0.043932,-0.003531,-1.502121,0.000976
20655.390120,112170,70,1,-0.000000,-0.000000,-0.000000,0.049273,-0.069670,0.069414,0.139085,-1029699078.225621,-0.049332,0.049234,-0.003719,-1.502137,0.000976
27437.912140,112160,70,1,0.000000,0.000077,0.000000,0.055221,-0.078107,0.077802,0.155909,3326225331.123338,-0.055120,0.055256,-0.004074,-1.501518,0.000976
38275.288310,112160,70,1,-0.000000,0.000175,-0.000000,0.062229,-0.088112,0.087733,0.175845,-31861093903.680172,-0.062170,0.062203,-0.004457,-1.499771,0.000976
52867.366240,112160,70,1,-0.000000,0.000133,-0.000000,0.069910,-0.099025,0.098552,0.197577,-17896958802.409744,-0.069908,0.069843,-0.005040,-1.500010,0.000976
74679.129240,112160,70,1,-0.000000,0.000260,-0.000000,0.078477,-0.110993,0.110384,0.221377,-40179777717.427620,-0.078553,0.078500,-0.005779,-1.502651,0.000976
98749.568360,112160,70,1,0.000000,0.000215,0.000000,0.086812,-0.122846,0.122115,0.244961,8081349918.018867,-0.086811,0.086671,-0.006034,-1.502366,0.000976
137326.725700,112160,70,1,0.000000,0.000411,0.000000,0.098005,-0.138767,0.137813,0.276580,50180342675.284630,-0.098109,0.097911,-0.006994,-1.502441,0.000976
186976.648900,112160,70,1,-0.000000,0.000182,-0.000000,0.109706,-0.155409,0.154265,0.309674,-16048198691.037806,-0.109598,0.109829,-0.007703,-1.502025,0.000976
259966.360700,112160,70,1,0.000000,0.000414,0.000000,0.123415,-0.175025,0.173590,0.348615,18053761202.762596,-0.123134,0.123156,-0.008566,-1.500510,0.000976
841850.371700,112160,70,1,0.000000,0.001508,0.000000,0.191248,-0.271331,0.267760,0.539091,24479519542.790287,-0.191667,0.191355,-0.013431,-1.504694,0.000976
727.991248,125850,70,1,-0.000000,-0.000000,-0.000000,0.012546,-0.017730,0.017726,0.035456,-305877101.024546,-0.012548,0.012516,-0.000269,-1.500239,0.000976
720.778227,125860,70,1,-0.000000,-0.000000,-0.000000,0.012433,-0.017569,0.017566,0.035135,-471541754.360141,-0.012428,0.012417,-0.000102,-1.500307,0.000976
988.688982,125860,70,1,0.000000,0.000000,0.000000,0.013840,-0.019522,0.019514,0.039036,14172361472.135330,-0.013825,0.013837,-0.000363,-1.503086,0.000976
1318.546035,125860,70,1,0.000000,0.000000,0.000000,0.015540,-0.021929,0.021917,0.043846,430078694.246318,-0.015533,0.015546,-0.000559,-1.502459,0.000976
3182.501773,125860,70,1,-0.000000,0.000004,-0.000000,0.022030,-0.031133,0.031110,0.062243,-3759851159.661571,-0.022017,0.021996,-0.000933,-1.500124,0.000976
4235.971426,125860,70,1,-0.000000,-0.000000,-0.000000,0.024875,-0.035162,0.035136,0.070298,-707541571.652679,-0.024815,0.024846,-0.000820,-1.500215,0.000976
5461.073831,125860,70,1,-0.000000,-0.000000,-0.000000,0.027628,-0.038976,0.038928,0.077904,-3536410013.080125,-0.027644,0.027598,-0.001388,-1.502123,0.000976
7458.482682,125860,70,1,0.000000,0.000000,0.000000,0.031137,-0.043944,0.043888,0.087831,1138722131.430821,-0.031139,0.031162,-0.001483,-1.502218,0.000976
9835.249573,125850,70,1,-0.000000,-0.000000,-0.000000,0.034604,-0.048841,0.048775,0.097616,-1476430838.478075,-0.034599,0.034616,-0.001502,-1.502814,0.000976
13517.145570,125860,70,1,0.000000,0.000000,0.000000,0.039020,-0.055101,0.055008,0.110109,3632427906.903545,-0.038991,0.038989,-0.001804,-1.502278,0.000976
18744.338170,125850,70,1,0.000000,0.000000,0.000000,0.044116,-0.062306,0.062189,0.124495,9034858586.850742,-0.044141,0.044113,-0.001941,-1.502520,0.000976
46934.434460,125860,70,1,0.000000,0.000000,0.000000,0.062457,-0.088395,0.088130,0.176525,3553108837.607454,-0.062309,0.062432,-0.003134,-1.499934,0.000976
66263.002140,125860,70,1,-0.000000,-0.000000,-0.000000,0.070108,-0.099035,0.098713,0.197749,-8973826757.626682,-0.070085,0.069969,-0.003352,-1.502805,0.000976
88778.253080,125860,70,1,0.000000,0.000151,0.000000,0.077853,-0.110066,0.109631,0.219697,3986076129.080842,-0.077916,0.077890,-0.004380,-1.502172,0.000976
121961.439400,125860,70,1,-0.000000,0.000067,-0.000000,0.087514,-0.123752,0.123221,0.246972,-4073381208.930407,-0.087529,0.087568,-0.004726,-1.502552,0.000976
166252.852000,125860,70,1,0.000000,0.000010,0.000000,0.097979,-0.138655,0.137957,0.276612,100326837624.216537,-0.097901,0.097975,-0.005459,-1.501795,0.000976
229363.586600,125850,70,1,0.000000,0.000098,0.000000,0.110202,-0.156119,0.155236,0.311355,3761555087.654028,-0.109988,0.110239,-0.006017,-1.500203,0.000976
565501.926100,125860,70,1,0.000000,0.000339,0.000000,0.153040,-0.216757,0.214889,0.431646,15671300449.280260,-0.153050,0.152871,-0.008990,-1.503273,0.000976
767746.931300,125860,70,1,-0.000000,0.000647,-0.000000,0.172301,-0.244184,0.241830,0.486014,-12602642826.201601,-0.172519,0.172488,-0.010090,-1.503360,0.000976
684.496137,141250,70,1,-0.000000,-0.000000,-0.000000,0.011079,-0.015657,0.015651,0.031308,-162072799.296030,-0.011060,0.011049,-0.000402,-1.500283,0.000976
1223.104389,141270,70,1,0.000000,0.000000,0.000000,0.013771,-0.019434,0.019418,0.038853,352544209.184037,-0.013766,0.013781,-0.000796,-1.502514,0.000976
1651.460177,141260,70,1,-0.000000,-0.000000,-0.000000,0.015541,-0.021941,0.021922,0.043864,-884102655.120878,-0.015539,0.015523,-0.001039,-1.502289,0.000976
2196.263153,141260,70,1,0.000000,0.000000,0.000000,0.017425,-0.024608,0.024585,0.049193,446084332.823163,-0.017415,0.017410,-0.000924,-1.501851,0.000976
16871.503220,141260,70,1,-0.000000,-0.000000,-0.000000,0.039201,-0.055377,0.055266,0.110642,-1180631125.140364,-0.039224,0.039250,-0.002207,-1.502291,0.000976
22861.112870,141260,70,1,0.000000,0.000000,0.000000,0.043967,-0.062144,0.062002,0.124146,1500735924.029913,-0.043949,0.043987,-0.002458,-1.501472,0.000976
31500.344930,141260,70,1,-0.000000,-0.000000,-0.000000,0.049544,-0.070097,0.069913,0.140010,-3902526312.782513,-0.049552,0.049547,-0.002781,-1.499811,0.000976
41795.510080,141260,70,1,0.000000,0.000050,0.000000,0.055490,-0.078529,0.078307,0.156836,1183780556.868729,-0.055332,0.055408,-0.002971,-1.499996,0.000976
59257.327240,141260,70,1,0.000000,0.000008,0.000000,0.062453,-0.088246,0.087952,0.176198,9135900543.390804,-0.062360,0.062469,-0.003506,-1.502559,0.000976
107555.060900,141260,70,1,0.000000,0.000163,0.000000,0.077751,-0.109943,0.109503,0.219446,5686914582.111660,-0.077806,0.077796,-0.004265,-1.502225,0.000976
279113.571200,141260,70,1,0.000000,0.000090,0.000000,0.110412,-0.156493,0.155534,0.312028,56530857636.262222,-0.110184,0.110237,-0.006462,-1.500208,0.000976
383578.098500,141260,70,1,-0.000000,0.000584,-0.000000,0.123381,-0.174609,0.173387,0.347996,-126340403013.268738,-0.123483,0.123232,-0.007345,-1.503007,0.000976
681198.422800,141260,70,1,0.000000,0.000451,0.000000,0.153527,-0.217573,0.215635,0.433207,9247722406.756390,-0.153676,0.153467,-0.009271,-1.502481,0.000976
684.046237,158510,70,1,-0.000000,-0.000000,-0.000000,0.009876,-0.013960,0.013951,0.027911,-280930141.223696,-0.009848,0.009862,-0.000697,-1.500207,0.000976
922.419979,158500,70,1,-0.000000,-0.000000,-0.000000,0.011004,-0.015527,0.015518,0.031045,-114978781.385708,-0.011007,0.011007,-0.000468,-1.502792,0.000976
1607.580943,158500,70,1,-0.000000,-0.000000,-0.000000,0.013842,-0.019544,0.019529,0.039073,-383081981.732461,-0.013852,0.013823,-0.000861,-1.502248,0.000976
2862.749609,158500,70,1,0.000000,0.000000,0.000000,0.017492,-0.024728,0.024703,0.049431,267336212.371776,-0.017499,0.017459,-0.001066,-1.499951,0.000976
3828.618031,158500,70,1,-0.000000,-0.000000,-0.000000,0.019708,-0.027863,0.027833,0.055696,-576608392.532650,-0.019702,0.019666,-0.001199,-1.500145,0.000976
4951.620441,158500,70,1,0.000000,0.000000,0.000000,0.021976,-0.031005,0.030969,0.061974,478798593.914465,-0.022006,0.021961,-0.001244,-1.502144,0.000976
6456.609337,158500,70,1,0.000000,0.000015,0.000000,0.024637,-0.034776,0.034716,0.069492,901006105.405885,-0.024635,0.024622,-0.001581,-1.502369,0.000976
8635.440552,158500,70,1,-0.000000,-0.000000,-0.000000,0.027605,-0.038964,0.038911,0.077875,-1766739878.555536,-0.027614,0.027594,-0.001437,-1.502768,0.000976
11710.853790,158500,70,1,0.000000,0.000000,0.000000,0.031109,-0.043933,0.043858,0.087792,530934023.348785,-0.031140,0.031099,-0.001743,-1.502293,0.000976
21146.583860,158500,70,1,0.000000,0.000000,0.000000,0.039124,-0.055300,0.055168,0.110467,6677162817.698470,-0.039134,0.039150,-0.002463,-1.501582,0.000976
29086.500040,158500,70,1,-0.000000,0.000058,-0.000000,0.044163,-0.062476,0.062326,0.124802,-565282330.030857,-0.044051,0.044062,-0.002576,-1.499788,0.000976
39467.029660,158500,70,1,-0.000000,0.000037,-0.000000,0.049600,-0.070185,0.070004,0.140188,-1881124598.438777,-0.049501,0.049478,-0.002821,-1.500011,0.000976
54462.488620,158500,70,1,-0.000000,0.000004,-0.000000,0.055716,-0.078714,0.078475,0.157189,-57053375542.109749,-0.055715,0.055606,-0.003115,-1.502666,0.000976
71864.291400,158500,70,1,-0.000000,0.000044,-0.000000,0.061833,-0.087403,0.087111,0.174515,-3165829312.097165,-0.061724,0.061871,-0.003589,-1.502020,0.000976
134018.858200,158500,70,1,-0.000000,0.000074,-0.000000,0.078003,-0.110350,0.109884,0.220234,-1377164827.419504,-0.077853,0.078054,-0.004600,-1.501600,0.000976
183163.298600,158500,70,1,-0.000000,0.000114,-0.000000,0.087411,-0.123787,0.123216,0.247003,-17901828331.807869,-0.087357,0.087318,-0.005052,-1.499897,0.000976
248601.604900,158500,70,1,0.000000,0.000017,0.000000,0.098034,-0.138932,0.138159,0.277091,4563050033.842915,-0.097773,0.097845,-0.005870,-1.499924,0.000976
343043.141500,158500,70,1,-0.000000,0.000076,-0.000000,0.109890,-0.155497,0.154508,0.310004,-16075296483.788721,-0.109671,0.109945,-0.006706,-1.502787,0.000976
458087.458800,158510,70,1,-0.000000,0.000138,-0.000000,0.122717,-0.173744,0.172526,0.346269,-4333159342.923745,-0.122530,0.122822,-0.007262,-1.502353,0.000976
972.343156,177820,70,1,-0.000000,-0.000000,-0.000000,0.009814,-0.013847,0.013842,0.027690,-182724158.651250,-0.009824,0.009809,-0.000488,-1.502628,0.000976
1240.280021,177820,70,1,-0.000000,-0.000000,-0.000000,0.011000,-0.015525,0.015517,0.031042,-197618272.040855,-0.010990,0.010992,-0.000576,-1.502474,0.000976
1621.650775,177820,70,1,0.000000,0.000000,0.000000,0.012318,-0.017390,0.017378,0.034768,1576680271.933277,-0.012298,0.012318,-0.000642,-1.502284,0.000976
2160.401640,177820,70,1,-0.000000,-0.000000,-0.000000,0.013887,-0.019613,0.019598,0.039211,-278833078.645400,-0.013900,0.013877,-0.000721,-1.501674,0.000976
2872.931727,177820,70,1,0.000000,0.000000,0.000000,0.015627,-0.022084,0.022068,0.044152,250024127.396195,-0.015593,0.015629,-0.000794,-1.500059,0.000976
3816.746169,177820,70,1,0.000000,0.000000,0.000000,0.017595,-0.024869,0.024852,0.049722,261113380.625172,-0.017549,0.017587,-0.000751,-1.500268,0.000976
4882.887341,177820,70,1,0.000000,0.000000,0.000000,0.019547,-0.027576,0.027541,0.055116,4003200663.271448,-0.019568,0.019538,-0.001179,-1.502342,0.000976
6331.884828,177820,70,1,0.000000,0.000000,0.000000,0.021805,-0.030768,0.030735,0.061502,1594847118.781250,-0.021779,0.021816,-0.001101,-1.502457,0.000976
27276.829780,177820,70,1,-0.000000,-0.000000,-0.000000,0.039259,-0.055532,0.055409,0.110941,-20100655075.841446,-0.039271,0.039249,-0.002234,-1.499846,0.000976
36943.648620,177820,70,1,0.000000,0.000073,0.000000,0.044149,-0.062463,0.062310,0.124772,438916860.852207,-0.044024,0.044023,-0.002566,-1.500120,0.000976
51429.636750,177820,70,1,0.000000,0.000057,0.000000,0.049524,-0.069952,0.069771,0.139724,1056509035.850879,-0.049471,0.049467,-0.002712,-1.502731,0.000976
66137.618720,177820,70,1,-0.000000,0.000093,-0.000000,0.054986,-0.077712,0.077486,0.155198,-2252210348.152194,-0.054942,0.054926,-0.003039,-1.501996,0.000976
122500.502400,177820,70,1,0.000000,0.000098,0.000000,0.069509,-0.098332,0.097942,0.196273,5475156787.557694,-0.069535,0.069420,-0.004236,-1.501415,0.000976
168565.123200,177820,70,1,0.000000,0.000000,0.000000,0.078250,-0.110810,0.110331,0.221141,1635262951.552459,-0.078041,0.078144,-0.004518,-1.499720,0.000976
227136.565400,177820,70,1,-0.000000,0.000272,-0.000000,0.087578,-0.124095,0.123452,0.247547,-7473308933.792110,-0.087549,0.087565,-0.005396,-1.499885,0.000976
311926.609700,177820,70,1,0.000000,0.000000,0.000000,0.098014,-0.138650,0.137856,0.276507,4181920313.639844,-0.097830,0.097946,-0.005881,-1.502617,0.000976
414834.470700,177820,70,1,-0.000000,0.000381,-0.000000,0.109451,-0.154957,0.153971,0.308929,-22415714583.930611,-0.109394,0.109414,-0.006656,-1.501982,0.000976
555290.061500,177820,70,1,-0.000000,0.000379,-0.000000,0.122634,-0.173743,0.172486,0.346229,-15697077235.772087,-0.122762,0.122560,-0.007659,-1.501573,0.000976
1126.803697,199500,70,1,-0.000000,-0.000000,-0.000000,0.009286,-0.013124,0.013117,0.026241,-365726536.888851,-0.009269,0.009262,-0.000632,-1.500968,0.000976
1030.126905,199500,70,1,-0.000000,-0.000000,-0.000000,0.008752,-0.012346,0.012340,0.024687,-149360701.631029,-0.008758,0.008748,-0.000377,-1.502855,0.000976
1723.710939,199500,70,1,0.000000,0.000000,0.000000,0.011025,-0.015561,0.015555,0.031116,120102985.763721,-0.011015,0.011016,-0.000509,-1.502452,0.000976
2954.399924,199500,70,1,-0.000000,0.000005,-0.000000,0.013938,-0.019697,0.019685,0.039382,-1097900312.255207,-0.013933,0.013927,-0.000667,-1.500203,0.000976
3901.908918,199500,70,1,-0.000000,-0.000000,-0.000000,0.015696,-0.022188,0.022171,0.044359,-281983308.512599,-0.015665,0.015692,-0.000923,-1.500284,0.000976
5014.948484,199500,70,1,0.000000,0.000000,0.000000,0.017473,-0.024647,0.024623,0.049270,2981983702.201471,-0.017497,0.017456,-0.000928,-1.502209,0.000976
6523.680412,199500,70,1,-0.000000,-0.000000,-0.000000,0.019597,-0.027653,0.027624,0.055277,-250837218.210559,-0.019570,0.019604,-0.000939,-1.502429,0.000976
8532.407450,199500,70,1,0.000000,0.000000,0.000000,0.021957,-0.030984,0.030955,0.061939,7494519102.034965,-0.021938,0.021961,-0.000977,-1.502807,0.000976
11297.510220,199500,70,1,-0.000000,0.000015,-0.000000,0.024667,-0.034823,0.034788,0.069611,-346019171.950946,-0.024660,0.024649,-0.001036,-1.502317,0.000976
14787.637760,199500,70,1,-0.000000,-0.000000,-0.000000,0.027708,-0.039132,0.039072,0.078204,-515872636.296996,-0.027734,0.027674,-0.001545,-1.502353,0.000976
19695.677250,199500,70,1,0.000000,0.000000,0.000000,0.031144,-0.043998,0.043938,0.087936,15945831575.822092,-0.031147,0.031145,-0.001437,-1.501602,0.000976
35576.349050,199500,70,1,-0.000000,-0.000000,-0.000000,0.039423,-0.055764,0.055656,0.111419,-5046133755.642408,-0.039353,0.039339,-0.002105,-1.500171,0.000976
85105.425780,199500,70,1,0.000000,0.000000,0.000000,0.055339,-0.078200,0.077989,0.156189,56668970753.788940,-0.055389,0.055311,-0.002835,-1.502347,0.000976
112803.502000,199500,70,1,0.000000,0.000089,0.000000,0.061647,-0.087177,0.086888,0.174065,1169018727.742077,-0.061638,0.061572,-0.003557,-1.501594,0.000976
210884.544700,199500,70,1,0.000000,0.000090,0.000000,0.078261,-0.110842,0.110370,0.221212,2968118679.231050,-0.078179,0.078137,-0.004528,-1.499852,0.000976
289045.561000,199500,70,1,-0.000000,0.000024,-0.000000,0.087657,-0.123957,0.123348,0.247304,-2895504413.994596,-0.087588,0.087495,-0.005110,-1.502443,0.000976
377745.098500,199500,70,1,-0.000000,0.000053,-0.000000,0.097255,-0.137658,0.136908,0.274566,-4526789518.957256,-0.097158,0.097110,-0.005978,-1.501607,0.000976
510097.382700,199500,70,1,-0.000000,0.000031,-0.000000,0.109549,-0.155125,0.154168,0.309292,-22435304805.563282,-0.109477,0.109631,-0.006493,-1.501546,0.000976
1627.797108,223850,70,1,0.000000,0.000000,0.000000,0.009305,-0.013132,0.013128,0.026260,161491037.078610,-0.009308,0.009309,-0.000465,-1.502366,0.000976
1429.962384,223850,70,1,0.000000,0.000000,0.000000,0.008747,-0.012347,0.012338,0.024685,157141619.296537,-0.008737,0.008742,-0.000447,-1.502351,0.000976
1814.406296,223860,70,1,0.000000,0.000000,0.000000,0.009791,-0.013819,0.013814,0.027633,120800333.214567,-0.009795,0.009803,-0.000385,-1.502614,0.000976
2341.428255,223850,70,1,-0.000000,-0.000000,-0.000000,0.010960,-0.015473,0.015467,0.030939,-1603301919.215738,-0.010963,0.010947,-0.000404,-1.502113,0.000976
4050.751571,223850,70,1,-0.000000,0.000001,-0.000000,0.013941,-0.019706,0.019692,0.039398,-396540700.001240,-0.013925,0.013932,-0.000692,-1.500257,0.000976
5180.006426,223850,70,1,-0.000000,-0.000000,-0.000000,0.015580,-0.021978,0.021956,0.043933,-1994236542.988107,-0.015581,0.015594,-0.000939,-1.502229,0.000976
6718.098780,223850,70,1,-0.000000,-0.000000,-0.000000,0.017427,-0.024585,0.024563,0.049148,-17844859531.123631,-0.017440,0.017412,-0.000924,-1.502654,0.000976
8650.154327,223850,70,1,-0.000000,0.000010,-0.000000,0.019522,-0.027551,0.027519,0.055070,-1110574002.000990,-0.019510,0.019512,-0.001050,-1.502919,0.000976
15028.791650,223860,70,1,-0.000000,-0.000000,-0.000000,0.024693,-0.034870,0.034826,0.069697,-722444159.170670,-0.024722,0.024675,-0.001342,-1.502348,0.000976
19653.102500,223850,70,1,0.000000,0.000005,0.000000,0.027798,-0.039272,0.039217,0.078488,813277008.554355,-0.027762,0.027790,-0.001433,-1.501570,0.000976
34840.653020,223850,70,1,-0.000000,-0.000000,-0.000000,0.035175,-0.049751,0.049665,0.099416,-2770733654.582701,-0.035157,0.035176,-0.001863,-1.500153,0.000976
47695.167910,223860,70,1,-0.000000,-0.000000,-0.000000,0.039419,-0.055653,0.055554,0.111207,-2018252996.594206,-0.039381,0.039353,-0.001851,-1.502606,0.000976
61750.054560,223850,70,1,-0.000000,0.000067,-0.000000,0.043773,-0.061845,0.061694,0.123539,-689599854.162729,-0.043709,0.043737,-0.002473,-1.502166,0.000976
82271.439870,223850,70,1,-0.000000,-0.000000,-0.000000,0.049181,-0.069509,0.069319,0.138829,-1526107126.513439,-0.049240,0.049140,-0.002988,-1.502103,0.000976
108493.613300,223850,70,1,0.000000,0.000091,0.000000,0.055345,-0.078255,0.078028,0.156283,2576066509.151536,-0.055309,0.055270,-0.003058,-1.501483,0.000976
147133.996400,223850,70,1,-0.000000,-0.000000,-0.000000,0.062250,-0.088108,0.087815,0.175923,-1634455492.881260,-0.062127,0.062168,-0.003476,-1.499721,0.000976
197240.305400,223850,70,1,0.000000,0.000000,0.000000,0.069777,-0.098815,0.098440,0.197255,1786287899.515282,-0.069667,0.069585,-0.004035,-1.499682,0.000976
268764.792900,223850,70,1,0.000000,0.000125,0.000000,0.078126,-0.110458,0.109992,0.220451,4210575492.017475,-0.078101,0.078156,-0.004317,-1.502337,0.000976
350464.588000,223850,70,1,-0.000000,0.000290,-0.000000,0.086662,-0.122629,0.122004,0.244633,-88741701845.919769,-0.086706,0.086624,-0.005396,-1.501628,0.000976
470806.212500,223850,70,1,0.000000,0.000165,0.000000,0.097510,-0.138082,0.137299,0.275380,24962863219.211800,-0.097593,0.097355,-0.005968,-1.501173,0.000976
2323.752022,251170,70,1,-0.000000,-0.000000,-0.000000,0.009390,-0.013255,0.013250,0.026505,-274722238.038843,-0.009394,0.009396,-0.000363,-1.502405,0.000976
2008.202927,251170,70,1,0.000000,0.000000,0.000000,0.008764,-0.012373,0.012365,0.024738,407944615.108291,-0.008767,0.008774,-0.000536,-1.502410,0.000976
2555.563955,251170,70,1,-0.000000,-0.000000,-0.000000,0.009830,-0.013878,0.013871,0.027749,-143180192.047389,-0.009836,0.009831,-0.000546,-1.501971,0.000976
3297.341904,251170,70,1,-0.000000,-0.000000,-0.000000,0.011045,-0.015608,0.015601,0.031210,-117816439.333467,-0.011019,0.011039,-0.000474,-1.500211,0.000976
4304.419927,251170,70,1,-0.000000,0.000004,-0.000000,0.012464,-0.017619,0.017609,0.035229,-1418094017.447444,-0.012453,0.012450,-0.000631,-1.500140,0.000976
6931.464415,251170,70,1,0.000000,0.000000,0.000000,0.015455,-0.021805,0.021790,0.043595,688091301.012960,-0.015467,0.015438,-0.000579,-1.502422,0.000976
9096.516792,251170,70,1,-0.000000,-0.000000,-0.000000,0.017471,-0.024654,0.024635,0.049289,-425962858.510192,-0.017482,0.017448,-0.000885,-1.502813,0.000976
11581.254870,251170,70,1,0.000000,0.000000,0.000000,0.019488,-0.027505,0.027482,0.054988,19955485361.564602,-0.019486,0.019489,-0.001035,-1.502440,0.000976
34570.510950,251170,70,1,0.000000,0.000000,0.000000,0.031340,-0.044325,0.044253,0.088578,916920927.813308,-0.031289,0.031313,-0.001710,-1.500063,0.000976
59800.530340,251170,70,1,-0.000000,-0.000000,-0.000000,0.038875,-0.054915,0.054795,0.109710,-1531094628.197781,-0.038894,0.038858,-0.002193,-1.502124,0.000976
79473.078700,251170,70,1,-0.000000,0.000068,-0.000000,0.043766,-0.061842,0.061688,0.123531,-2134097474.874430,-0.043713,0.043743,-0.002528,-1.502239,0.000976
105156.181900,251170,70,1,-0.000000,-0.000000,-0.000000,0.049097,-0.069408,0.069232,0.138640,-12568903047.044231,-0.049106,0.049084,-0.002772,-1.501466,0.000976
140342.379600,251170,70,1,-0.000000,0.000080,-0.000000,0.055497,-0.078537,0.078306,0.156842,-28414761964.845177,-0.055486,0.055408,-0.003144,-1.499761,0.000976
185278.196000,251170,70,1,-0.000000,-0.000000,-0.000000,0.062012,-0.087800,0.087508,0.175308,-31749608529.815174,-0.061928,0.061847,-0.003623,-1.499695,0.000976
253345.194400,251170,70,1,-0.000000,-0.000000,-0.000000,0.069637,-0.098455,0.098055,0.196510,-1739236003.725490,-0.069496,0.069482,-0.004209,-1.502120,0.000976
330637.061800,251170,70,1,0.000000,0.000174,0.000000,0.077441,-0.109559,0.109104,0.218663,9912437394.452824,-0.077409,0.077481,-0.004519,-1.501329,0.000976
440869.511500,251170,70,1,-0.000000,-0.000000,-0.000000,0.086925,-0.123067,0.122436,0.245503,-2405721198.752568,-0.086908,0.086831,-0.005399,-1.500924,0.000976
3219.780591,281850,70,1,0.000000,0.000000,0.000000,0.009425,-0.013318,0.013311,0.026629,292466779.530298,-0.009420,0.009402,-0.000603,-1.500234,0.000976
2799.945547,281860,70,1,0.000000,0.000000,0.000000,0.008824,-0.012462,0.012454,0.024917,347547410.368401,-0.008823,0.008833,-0.000607,-1.501550,0.000976
3533.266046,281850,70,1,0.000000,0.000000,0.000000,0.009863,-0.013937,0.013931,0.027868,348249245.997913,-0.009847,0.009849,-0.000588,-1.500089,0.000976
4525.315676,281860,70,1,-0.000000,-0.000000,-0.000000,0.011077,-0.015658,0.015650,0.031308,-2835766375.316560,-0.011075,0.011056,-0.000594,-1.500132,0.000976
5719.052101,281850,70,1,0.000000,0.000000,0.000000,0.012359,-0.017437,0.017420,0.034857,12655964706.399569,-0.012347,0.012376,-0.000873,-1.502061,0.000976
7287.020140,281850,70,1,-0.000000,-0.000000,-0.000000,0.013833,-0.019518,0.019501,0.039019,-363196610.612520,-0.013816,0.013844,-0.000887,-1.502345,0.000976
12101.523750,281850,70,1,0.000000,0.000000,0.000000,0.017420,-0.024594,0.024566,0.049160,938855768.089499,-0.017392,0.017436,-0.001112,-1.502350,0.000976
15791.357720,281850,70,1,-0.000000,0.000002,-0.000000,0.019666,-0.027770,0.027734,0.055504,-958930247.642598,-0.019647,0.019662,-0.001293,-1.502496,0.000976
20371.230370,281850,70,1,0.000000,0.000000,0.000000,0.022066,-0.031172,0.031135,0.062308,1189259948.189406,-0.022028,0.022073,-0.001300,-1.501630,0.000976
34609.245200,281850,70,1,-0.000000,0.000001,-0.000000,0.027914,-0.039481,0.039416,0.078897,-5716713407.577262,-0.027864,0.027835,-0.001663,-1.500109,0.000976
46219.685470,281850,70,1,-0.000000,-0.000000,-0.000000,0.031247,-0.044116,0.044048,0.088164,-2461302882.211117,-0.031258,0.031235,-0.001636,-1.502573,0.000976
179740.999400,281850,70,1,-0.000000,-0.000000,-0.000000,0.055528,-0.078604,0.078368,0.156973,-997558230.498394,-0.055367,0.055437,-0.003166,-1.499636,0.000976
241162.502100,281850,70,1,-0.000000,0.000096,-0.000000,0.062091,-0.087774,0.087448,0.175222,-5298441794.742348,-0.062103,0.062081,-0.003827,-1.502111,0.000976
420112.765500,281850,70,1,-0.000000,0.000087,-0.000000,0.077802,-0.110135,0.109629,0.219763,-4686410117.897152,-0.077682,0.077837,-0.004763,-1.500742,0.000976
4393.820239,316230,70,1,-0.000000,-0.000000,-0.000000,0.009481,-0.013398,0.013395,0.026793,-115574536.226413,-0.009469,0.009459,-0.000341,-1.500222,0.000976
4786.864817,316230,70,1,-0.000000,0.000002,-0.000000,0.009891,-0.013982,0.013973,0.027956,-140678941.405703,-0.009884,0.009881,-0.000569,-1.500236,0.000976
5981.654210,316230,70,1,0.000000,0.000000,0.000000,0.011008,-0.015527,0.015518,0.031045,208748559.802378,-0.011002,0.011013,-0.000473,-1.502075,0.000976
7610.313356,316230,70,1,0.000000,0.000000,0.000000,0.012344,-0.017417,0.017404,0.034820,743529886.040777,-0.012323,0.012358,-0.000735,-1.502280,0.000976
9830.333671,316230,70,1,-0.000000,-0.000000,-0.000000,0.013891,-0.019605,0.019588,0.039193,-646541501.268918,-0.013902,0.013868,-0.000816,-1.502674,0.000976
16134.651810,316230,70,1,-0.000000,-0.000000,-0.000000,0.017464,-0.024664,0.024638,0.049302,-1375632460.472464,-0.017452,0.017463,-0.001060,-1.502257,0.000976
1062.695125,50020,90,1,0.000000,0.000004,0.000000,0.027786,-0.039200,0.039234,0.078434,1237082091.470765,-0.027752,0.027767,-0.000355,-1.500826,0.000976
1475.280120,50020,90,1,0.000000,0.000000,0.000000,0.031348,-0.044261,0.044288,0.088549,944118962.983751,-0.031356,0.031339,-0.000807,-1.500123,0.000976
2047.879223,50020,90,1,0.000000,0.000000,0.000000,0.034877,-0.049172,0.049145,0.098317,1428565394.674498,-0.034915,0.034897,-0.001763,-1.503280,0.000976
2664.462294,50030,90,1,-0.000000,0.000040,-0.000000,0.038828,-0.054791,0.054734,0.109525,-1419984752.950496,-0.038829,0.038752,-0.001903,-1.502303,0.000976
3775.700632,50020,90,1,0.000000,0.000078,0.000000,0.044267,-0.062463,0.062395,0.124858,5036634997.889742,-0.044273,0.044200,-0.002359,-1.502804,0.000976
6953.502338,50020,90,1,-0.000000,0.000031,-0.000000,0.055802,-0.078878,0.078739,0.157617,-1190441854.330137,-0.055700,0.055747,-0.003117,-1.499724,0.000976
9677.926484,50030,90,1,0.000000,0.000140,0.000000,0.062598,-0.088574,0.088299,0.176873,64098335344.221405,-0.062522,0.062436,-0.004401,-1.499696,0.000976
12996.579520,50030,90,1,0.000000,0.000201,0.000000,0.069381,-0.097955,0.097600,0.195556,3383148951.483186,-0.069334,0.069449,-0.004962,-1.501859,0.000976
18803.348770,50020,90,1,-0.000000,0.000124,-0.000000,0.078422,-0.110787,0.110312,0.221099,-5353622606.359812,-0.078440,0.078363,-0.005436,-1.502290,0.000976
26489.103160,50020,90,1,-0.000000,0.000386,-0.000000,0.087825,-0.124123,0.123506,0.247629,-3747185872.309448,-0.087719,0.087797,-0.006521,-1.502748,0.000976
37235.203460,50020,90,1,0.000000,0.000108,0.000000,0.098270,-0.139008,0.138198,0.277205,5590477454.846518,-0.098406,0.098293,-0.007410,-1.502052,0.000976
53611.429800,50020,90,1,0.000000,0.000213,0.000000,0.110685,-0.156683,0.155600,0.312283,18890115465.645912,-0.110735,0.110713,-0.008572,-1.502148,0.000976
75783.081670,50020,90,1,-0.000000,0.000661,-0.000000,0.124168,-0.175927,0.174494,0.350420,-42381908193.041588,-0.124340,0.124191,-0.009841,-1.501534,0.000976
108977.892800,50020,90,1,0.000000,0.000798,0.000000,0.140078,-0.198705,0.196870,0.395575,5312586651.740513,-0.140009,0.140042,-0.011086,-1.500179,0.000976
149950.267200,50020,90,1,0.000000,0.000657,0.000000,0.156697,-0.222380,0.219997,0.442377,2159164474020275.750000,-0.156689,0.156652,-0.012524,-1.501172,0.000976
262700.172900,50020,90,1,0.000000,0.002007,0.000000,0.193133,-0.273556,0.269656,0.543212,24721223124.026852,-0.193514,0.193670,-0.016207,-1.507437,0.000976
749.153501,56320,90,1,0.000000,0.000000,0.000000,0.021975,-0.031051,0.030995,0.062046,432740624.921437,-0.021956,0.021941,-0.001948,-1.501743,0.000976
963.809622,56320,90,1,0.000000,0.000011,0.000000,0.024752,-0.035023,0.034931,0.069953,1584145864.254422,-0.024711,0.024739,-0.002792,-1.499573,0.000976
1313.727770,56320,90,1,-0.000000,0.000003,-0.000000,0.027873,-0.039436,0.039346,0.078782,-548875237.487414,-0.027821,0.027859,-0.002376,-1.499702,0.000976
1807.253409,56310,90,1,0.000000,0.000000,0.000000,0.031016,-0.043806,0.043697,0.087503,5293409971.121544,-0.030966,0.031033,-0.002761,-1.502621,0.000976
3308.226246,56320,90,1,-0.000000,0.000025,-0.000000,0.039222,-0.055465,0.055237,0.110702,-1487524283.442923,-0.039160,0.039261,-0.004402,-1.502173,0.000976
6173.265396,56320,90,1,0.000000,0.000052,0.000000,0.049430,-0.070026,0.069691,0.139717,5624032199.673963,-0.049283,0.049412,-0.004845,-1.499237,0.000976
8325.027451,56320,90,1,-0.000000,0.000023,-0.000000,0.055617,-0.078806,0.078418,0.157224,-2588703641.219805,-0.055471,0.055571,-0.005256,-1.499525,0.000976
11215.939850,56320,90,1,0.000000,0.000198,0.000000,0.061763,-0.087363,0.086853,0.174216,12649176967.791557,-0.061783,0.061723,-0.006094,-1.501493,0.000976
21981.477810,56320,90,1,-0.000000,0.000279,-0.000000,0.077779,-0.110139,0.109320,0.219459,-39822116542.801987,-0.077753,0.077837,-0.007761,-1.502283,0.000976
45023.345550,56320,90,1,0.000000,0.000620,0.000000,0.098202,-0.139262,0.137962,0.277224,50278092760.784538,-0.098145,0.098282,-0.009769,-1.501902,0.000976
63080.069110,56320,90,1,-0.000000,0.000695,-0.000000,0.109861,-0.155893,0.154330,0.310223,-56250886732.335693,-0.109909,0.109809,-0.010729,-1.501124,0.000976
128856.254700,56320,90,1,0.000000,0.000995,0.000000,0.139314,-0.198085,0.195582,0.393667,12968851585.637163,-0.139238,0.138985,-0.013453,-1.500328,0.000976
176787.051700,56320,90,1,-0.000000,0.001131,-0.000000,0.155818,-0.221175,0.218064,0.439239,-19944697434.350986,-0.156027,0.156039,-0.015039,-1.504000,0.000976
233607.074100,56320,90,1,0.000000,0.001251,0.000000,0.172584,-0.245073,0.241168,0.486241,88363333908.227768,-0.172770,0.172551,-0.016683,-1.504948,0.000976
317136.346800,56320,90,1,0.000000,0.002297,0.000000,0.193052,-0.274037,0.269141,0.543178,28240785267.067432,-0.193373,0.193732,-0.018857,-1.507653,0.000976
856.645748,63020,90,1,-0.000000,-0.000000,-0.000000,0.022088,-0.031280,0.031118,0.062397,-461596565.954467,-0.022064,0.022106,-0.004969,-1.500124,0.000976
1151.726862,63020,90,1,0.000000,0.000000,0.000000,0.024894,-0.035236,0.035098,0.070334,1699423017.771005,-0.024891,0.024871,-0.003791,-1.500414,0.000976
1566.034169,63020,90,1,0.000000,0.000072,0.000000,0.027727,-0.039193,0.038993,0.078186,3154758824.924851,-0.027700,0.027688,-0.004886,-1.503286,0.000976
2097.622753,63020,90,1,-0.000000,0.000008,-0.000000,0.031080,-0.043935,0.043747,0.087681,-3536257602.785712,-0.031037,0.031105,-0.003996,-1.502454,0.000976
2815.832497,63020,90,1,0.000000,0.000068,0.000000,0.034869,-0.049305,0.049082,0.098387,743877047.707856,-0.034877,0.034834,-0.004264,-1.502603,0.000976
3797.424531,63020,90,1,0.000000,0.000000,0.000000,0.039232,-0.055512,0.055217,0.110730,836942025.107797,-0.039246,0.039274,-0.004952,-1.501875,0.000976
5236.695363,63020,90,1,0.000000,0.000119,0.000000,0.044124,-0.062541,0.062128,0.124669,45183632233.385956,-0.044005,0.044105,-0.006677,-1.499684,0.000976
9192.992475,63020,90,1,0.000000,0.000006,0.000000,0.055110,-0.077931,0.077423,0.155353,2821612481.539920,-0.055186,0.055230,-0.006492,-1.502227,0.000976
12932.302170,63020,90,1,-0.000000,0.000235,-0.000000,0.062070,-0.087853,0.087180,0.175033,-63560231441.537056,-0.062017,0.062121,-0.007671,-1.502303,0.000976
25224.406310,63020,90,1,-0.000000,0.000160,-0.000000,0.077746,-0.110165,0.109171,0.219336,-13268626651.934877,-0.077779,0.077648,-0.009006,-1.502265,0.000976
36989.009070,63020,90,1,0.000000,0.000527,0.000000,0.088000,-0.124762,0.123550,0.248312,12873231725.684196,-0.087922,0.088150,-0.009809,-1.502365,0.000976
52005.405810,63020,90,1,-0.000000,0.000389,-0.000000,0.098189,-0.139304,0.137832,0.277137,-25136596177.833542,-0.098096,0.098167,-0.010738,-1.501782,0.000976
75280.535230,63020,90,1,-0.000000,0.000463,-0.000000,0.110803,-0.157472,0.155559,0.313031,-37820976165.950066,-0.110706,0.110789,-0.012455,-1.499863,0.000976
106641.155900,63020,90,1,0.000000,0.000953,0.000000,0.124400,-0.176872,0.174583,0.351455,12738515142.310638,-0.124265,0.124191,-0.013219,-1.500194,0.000976
271619.725800,63020,90,1,0.000000,0.001471,0.000000,0.173002,-0.245930,0.241567,0.487497,14762912568.282804,-0.173366,0.173068,-0.018348,-1.504801,0.000976
1009.330003,70840,90,1,0.000000,0.000000,0.000000,0.022102,-0.031264,0.031189,0.062453,780445446.163164,-0.022090,0.022040,-0.002585,-1.500326,0.000976
1810.755445,70840,90,1,0.000000,0.000000,0.000000,0.027598,-0.038988,0.038888,0.077876,1570033850.256865,-0.027630,0.027582,-0.002743,-1.502198,0.000976
2394.523080,70840,90,1,-0.000000,-0.000000,-0.000000,0.031101,-0.043941,0.043822,0.087763,-1027340370.650532,-0.031138,0.031095,-0.002965,-1.502399,0.000976
3242.159658,70830,90,1,0.000000,0.000031,0.000000,0.034924,-0.049377,0.049231,0.098608,638611924.135050,-0.034870,0.034918,-0.003185,-1.501367,0.000976
7977.251157,70840,90,1,-0.000000,-0.000000,-0.000000,0.049037,-0.069296,0.068976,0.138272,-643772243.931010,-0.049128,0.049122,-0.004823,-1.502030,0.000976
14641.555430,70840,90,1,0.000000,0.000222,0.000000,0.061598,-0.087152,0.086644,0.173796,3504266822.742050,-0.061513,0.061525,-0.006195,-1.502405,0.000976
29914.038450,70840,90,1,0.000000,0.000157,0.000000,0.077862,-0.110280,0.109492,0.219772,8858895703.186996,-0.077860,0.077838,-0.007523,-1.501995,0.000976
62328.073230,70840,90,1,0.000000,0.000508,0.000000,0.098736,-0.140154,0.138887,0.279041,6740422742.330976,-0.098496,0.098613,-0.009665,-1.499409,0.000976
87883.881300,70830,90,1,-0.000000,0.000743,-0.000000,0.110730,-0.157299,0.155690,0.312989,-14173509699.258381,-0.110394,0.110504,-0.010894,-1.499571,0.000976
123800.492100,70830,90,1,0.000000,0.000477,0.000000,0.124310,-0.176340,0.174358,0.350698,11572168589.983311,-0.124377,0.124387,-0.011904,-1.502581,0.000976
234105.831000,70840,90,1,-0.000000,0.001335,-0.000000,0.154920,-0.220103,0.217001,0.437104,-19829745201.909908,-0.155130,0.154744,-0.014903,-1.502699,0.000976
318078.112500,70840,90,1,-0.000000,0.001748,-0.000000,0.173236,-0.246267,0.242433,0.488701,-5406641557822631.000000,-0.173191,0.173451,-0.016557,-1.502819,0.000976
443777.445200,70840,90,1,-0.000000,0.001578,-0.000000,0.195917,-0.278772,0.273757,0.552528,-18238145724.742088,-0.196102,0.196217,-0.018864,-1.503051,0.000976
838.640425,79460,90,1,-0.000000,-0.000000,-0.000000,0.019667,-0.027812,0.027763,0.055575,-20140050124.789753,-0.019614,0.019653,-0.001924,-1.500170,0.000976
1187.426592,79460,90,1,-0.000000,0.000017,-0.000000,0.021996,-0.031055,0.030980,0.062035,-244826089.728196,-0.022005,0.021983,-0.002438,-1.503125,0.000976
1506.428620,79460,90,1,0.000000,0.000000,0.000000,0.024517,-0.034630,0.034546,0.069177,545767770.202022,-0.024477,0.024544,-0.002573,-1.502249,0.000976
2707.314291,79470,90,1,0.000000,0.000054,0.000000,0.030984,-0.043808,0.043678,0.087486,610153587.060990,-0.030976,0.030973,-0.003238,-1.501593,0.000976
3727.988947,79470,90,1,-0.000000,0.000026,-0.000000,0.034974,-0.049504,0.049337,0.098842,-1790655936.961473,-0.034965,0.034877,-0.003621,-1.499665,0.000976
5124.634185,79460,90,1,-0.000000,0.000020,-0.000000,0.039408,-0.055802,0.055591,0.111392,-3668564570.145173,-0.039393,0.039320,-0.004104,-1.499818,0.000976
6610.646909,79470,90,1,0.000000,0.000091,0.000000,0.043631,-0.061643,0.061376,0.123019,911789892.263059,-0.043620,0.043631,-0.004536,-1.501995,0.000976
9094.512273,79460,90,1,-0.000000,0.000077,-0.000000,0.049060,-0.069365,0.069021,0.138386,-1732310713.588021,-0.048991,0.049034,-0.005267,-1.502108,0.000976
12398.288940,79460,90,1,0.000000,0.000013,0.000000,0.055213,-0.078099,0.077666,0.155766,2569917527.072061,-0.055195,0.055217,-0.005591,-1.502463,0.000976
17211.136990,79460,90,1,0.000000,0.000242,0.000000,0.061904,-0.087613,0.087092,0.174705,3961840702.857797,-0.061803,0.061809,-0.006334,-1.502107,0.000976
24494.170010,79460,90,1,-0.000000,0.000160,-0.000000,0.069601,-0.098559,0.097907,0.196466,-11878555857.147457,-0.069597,0.069529,-0.007149,-1.502094,0.000976
35087.432370,79460,90,1,-0.000000,0.000332,-0.000000,0.078171,-0.110786,0.109963,0.220748,-26682304775.588486,-0.078089,0.078159,-0.007888,-1.501211,0.000976
51065.406220,79460,90,1,-0.000000,0.000157,-0.000000,0.088088,-0.125005,0.123965,0.248970,-30067351926.971672,-0.088095,0.087914,-0.008786,-1.499325,0.000976
140317.545500,79460,90,1,0.000000,0.000478,0.000000,0.123183,-0.174846,0.172819,0.347665,126143152517.244278,-0.123300,0.123261,-0.012253,-1.501887,0.000976
198336.542100,79460,90,1,-0.000000,0.001278,-0.000000,0.138433,-0.196667,0.194074,0.390740,-11812915561.343979,-0.138226,0.138287,-0.013930,-1.501969,0.000976
273221.051200,79460,90,1,-0.000000,0.001190,-0.000000,0.155016,-0.220429,0.217182,0.437610,-52912289458.421242,-0.154730,0.154879,-0.015554,-1.501640,0.000976
376396.208600,79460,90,1,-0.000000,0.001703,-0.000000,0.173934,-0.247649,0.243553,0.491202,-178122736885.096619,-0.173898,0.173806,-0.017376,-1.500524,0.000976
783.662887,89080,90,1,0.000000,0.000015,0.000000,0.017566,-0.024854,0.024791,0.049645,310125613.220327,-0.017562,0.017540,-0.002786,-1.500087,0.000976
1094.733299,89080,90,1,-0.000000,0.000034,-0.000000,0.019594,-0.027666,0.027600,0.055266,-872353436.557064,-0.019587,0.019593,-0.002502,-1.503104,0.000976
1378.015305,89090,90,1,0.000000,0.000012,0.000000,0.021792,-0.030793,0.030709,0.061502,1115739931.958303,-0.021771,0.021802,-0.002689,-1.501988,0.000976
1876.108259,89080,90,1,0.000000,0.000000,0.000000,0.024649,-0.034837,0.034730,0.069567,1201948066.835634,-0.024607,0.024682,-0.003113,-1.502439,0.000976
2490.795483,89080,90,1,0.000000,0.000000,0.000000,0.027697,-0.039157,0.039034,0.078191,1492717318.435063,-0.027674,0.027705,-0.003372,-1.501839,0.000976
3376.347702,89080,90,1,-0.000000,0.000076,-0.000000,0.031282,-0.044272,0.044114,0.088385,-525127127.348071,-0.031236,0.031247,-0.003876,-1.500101,0.000976
4582.056901,89080,90,1,-0.000000,0.000007,-0.000000,0.035177,-0.049810,0.049609,0.099419,-36020959409.703568,-0.035163,0.035103,-0.004306,-1.500017,0.000976
5880.572730,89080,90,1,0.000000,0.000032,0.000000,0.039053,-0.055201,0.054915,0.110116,769042861.229666,-0.039086,0.039064,-0.005151,-1.502243,0.000976
7815.654294,89090,90,1,-0.000000,0.000058,-0.000000,0.043426,-0.061400,0.061087,0.122488,-2223391680.436651,-0.043385,0.043429,-0.005259,-1.502187,0.000976
11070.640950,89080,90,1,-0.000000,0.000061,-0.000000,0.049213,-0.069609,0.069223,0.138832,-1145324073.154391,-0.049207,0.049211,-0.005824,-1.502812,0.000976
14925.402590,89090,90,1,0.000000,0.000048,0.000000,0.055307,-0.078286,0.077787,0.156073,765331713.317020,-0.055344,0.055384,-0.006653,-1.502219,0.000976
20932.402700,89080,90,1,0.000000,0.000123,0.000000,0.062178,-0.088039,0.087448,0.175487,2358159400.210275,-0.062155,0.062258,-0.007101,-1.502379,0.000976
29448.503970,89080,90,1,-0.000000,0.000241,-0.000000,0.069627,-0.098680,0.097916,0.196596,-10185387214.658096,-0.069589,0.069537,-0.008146,-1.501389,0.000976
42602.250800,89080,90,1,0.000000,0.000117,0.000000,0.078457,-0.111326,0.110396,0.221722,13390014771.230051,-0.078388,0.078352,-0.008862,-1.499680,0.000976
87413.414760,89080,90,1,0.000000,0.000625,0.000000,0.099112,-0.140549,0.139057,0.279606,16915186655.879997,-0.098998,0.099037,-0.011288,-1.502605,0.000976
118586.356400,89080,90,1,-0.000000,0.000769,-0.000000,0.109615,-0.155527,0.153762,0.309289,-11224494007.900793,-0.109545,0.109487,-0.012203,-1.502186,0.000976
166749.921600,89080,90,1,-0.000000,0.000758,-0.000000,0.123218,-0.175000,0.172751,0.347751,-18025057704.975864,-0.123016,0.123282,-0.013650,-1.502300,0.000976
231445.395900,89080,90,1,-0.000000,0.000900,-0.000000,0.137752,-0.195864,0.193065,0.388929,-20151363830.050846,-0.137617,0.137870,-0.015158,-1.501599,0.000976
325175.127700,89080,90,1,0.000000,0.001248,0.000000,0.155148,-0.220916,0.217401,0.438317,158892784616.727051,-0.154860,0.154886,-0.016945,-1.500029,0.000976
596099.947600,89090,90,1,-0.000000,0.001925,-0.000000,0.192779,-0.274327,0.268606,0.542934,-15185022599.447449,-0.192982,0.193264,-0.021703,-1.504990,0.000976
708.765204,99950,90,1,-0.000000,-0.000000,-0.000000,0.015632,-0.022089,0.022080,0.044168,-186125539.435218,-0.015636,0.015593,-0.000882,-1.500263,0.000976
983.457523,99950,90,1,-0.000000,-0.000000,-0.000000,0.017462,-0.024633,0.024614,0.049247,-541860571.590922,-0.017443,0.017469,-0.001018,-1.502939,0.000976
2992.093566,99950,90,1,0.000000,0.000000,0.000000,0.027908,-0.039458,0.039387,0.078845,4762946098.730635,-0.027886,0.027915,-0.002130,-1.500057,0.000976
5185.070986,99950,90,1,-0.000000,0.000004,-0.000000,0.034737,-0.049031,0.048897,0.097929,-1482097541.435431,-0.034745,0.034755,-0.003137,-1.502569,0.000976
9568.536060,99950,90,1,0.000000,0.000032,0.000000,0.043917,-0.062032,0.061831,0.123863,2044137661.880234,-0.043927,0.043855,-0.003868,-1.502999,0.000976
24678.394190,99950,90,1,-0.000000,0.000024,-0.000000,0.061908,-0.087586,0.087170,0.174756,-1320706988.202754,-0.061870,0.061921,-0.005274,-1.501787,0.000976
35803.847310,99950,90,1,-0.000000,0.000265,-0.000000,0.069867,-0.098967,0.098423,0.197390,-35771246334.809532,-0.069853,0.069854,-0.006075,-1.499987,0.000976
50812.431830,99950,90,1,0.000000,0.000153,0.000000,0.078349,-0.111034,0.110339,0.221373,40114997640.142624,-0.078264,0.078243,-0.006945,-1.500315,0.000976
73139.445330,99950,90,1,-0.000000,0.000412,-0.000000,0.087957,-0.124484,0.123587,0.248071,-90068197497.700897,-0.088005,0.087944,-0.007680,-1.503080,0.000976
99768.378420,99950,90,1,0.000000,0.000330,0.000000,0.097492,-0.138059,0.136990,0.275048,2434922281.442705,-0.097504,0.097446,-0.008669,-1.502381,0.000976
141036.480600,99950,90,1,0.000000,0.000350,0.000000,0.109743,-0.155532,0.154153,0.309684,56187314502.452072,-0.109575,0.109744,-0.009748,-1.502386,0.000976
193001.310500,99950,90,1,-0.000000,0.000737,-0.000000,0.122188,-0.173298,0.171601,0.344900,-3680010598.651241,-0.122300,0.122209,-0.010653,-1.501840,0.000976
278568.929500,99950,90,1,-0.000000,0.000541,-0.000000,0.138340,-0.196506,0.194321,0.390827,-1478580881138077.000000,-0.138203,0.138104,-0.011988,-1.500046,0.000976
389488.445200,99950,90,1,-0.000000,0.001320,-0.000000,0.155836,-0.221468,0.218781,0.440249,-4986759081.683436,-0.155650,0.155506,-0.013079,-1.500514,0.000976
520331.096100,99950,90,1,0.000000,0.001350,0.000000,0.171828,-0.243790,0.240529,0.484319,2563413710382933.500000,-0.172084,0.171764,-0.014320,-1.503697,0.000976
696938.015700,99950,90,1,-0.000000,0.001242,-0.000000,0.191997,-0.272359,0.268594,0.540953,-196615428818.557892,-0.192082,0.192074,-0.014447,-1.504546,0.000976
938.040675,112160,90,1,0.000000,0.000000,0.000000,0.015546,-0.021943,0.021906,0.043849,4380368274435546.500000,-0.015538,0.015541,-0.001643,-1.503077,0.000976
1223.050584,112160,90,1,0.000000,0.000000,0.000000,0.017448,-0.024636,0.024592,0.049228,638096823.152175,-0.017436,0.017459,-0.001680,-1.502518,0.000976
1603.438961,112160,90,1,0.000000,0.000000,0.000000,0.019572,-0.027646,0.027588,0.055233,715784800.066348,-0.019545,0.019588,-0.001985,-1.502589,0.000976
2138.530562,112160,90,1,0.000000,0.000000,0.000000,0.022064,-0.031177,0.031109,0.062285,347591264.215389,-0.022081,0.022049,-0.002164,-1.501848,0.000976
2798.160071,112160,90,1,-0.000000,-0.000000,-0.000000,0.024813,-0.035092,0.035014,0.070106,-1588049184.264727,-0.024825,0.024789,-0.002167,-1.500085,0.000976
3715.695872,112160,90,1,0.000000,0.000000,0.000000,0.027949,-0.039534,0.039443,0.078977,1589961715.046702,-0.027893,0.027940,-0.002293,-1.500324,0.000976
4755.175029,112160,90,1,-0.000000,-0.000000,-0.000000,0.030995,-0.043750,0.043633,0.087383,-1269536430.105140,-0.031031,0.031014,-0.002417,-1.502352,0.000976
6319.838092,112160,90,1,0.000000,0.000000,0.000000,0.034651,-0.048936,0.048798,0.097734,2087224396.184860,-0.034680,0.034685,-0.002915,-1.502423,0.000976
8722.460852,112160,90,1,-0.000000,-0.000000,-0.000000,0.039133,-0.055279,0.055097,0.110376,-6678650766.885440,-0.039170,0.039139,-0.003265,-1.502985,0.000976
16384.228880,112160,90,1,0.000000,0.000000,0.000000,0.049351,-0.069766,0.069502,0.139268,1630190021.923704,-0.049375,0.049373,-0.003770,-1.502499,0.000976
21891.838350,112160,90,1,0.000000,0.000000,0.000000,0.055354,-0.078289,0.077990,0.156278,1417068499.520097,-0.055355,0.055367,-0.004077,-1.501655,0.000976
31120.824420,112160,90,1,-0.000000,0.000144,-0.000000,0.062290,-0.088200,0.087800,0.176000,-7087252078.275036,-0.062274,0.062236,-0.004686,-1.500004,0.000976
63187.531280,112160,90,1,0.000000,0.000040,0.000000,0.078472,-0.110957,0.110383,0.221340,3090579025.013283,-0.078392,0.078336,-0.005369,-1.502877,0.000976
86443.756960,112160,90,1,0.000000,0.000065,0.000000,0.087203,-0.123402,0.122648,0.246050,11161954924.386049,-0.087092,0.087258,-0.006108,-1.502421,0.000976
121342.643900,112160,90,1,-0.000000,0.000056,-0.000000,0.097743,-0.138376,0.137457,0.275832,-3336306235.163351,-0.097646,0.097818,-0.006965,-1.502425,0.000976
167770.346600,112160,90,1,0.000000,0.000345,0.000000,0.109356,-0.154921,0.153776,0.308697,22396492403.449627,-0.109248,0.109339,-0.007681,-1.501819,0.000976
240563.413000,112160,90,1,0.000000,0.000393,0.000000,0.123525,-0.175226,0.173786,0.349012,9034939059.826078,-0.123218,0.123295,-0.008541,-1.499914,0.000976
464877.115000,112160,90,1,0.000000,0.001090,0.000000,0.154600,-0.219164,0.216843,0.436007,15830925724.974613,-0.154494,0.154443,-0.010999,-1.502906,0.000976
832598.638900,112160,90,1,-0.000000,0.000926,-0.000000,0.192301,-0.272891,0.269350,0.542241,-39382551423.149994,-0.192118,0.192687,-0.013544,-1.503444,0.000976
941.876029,125860,90,1,0.000000,0.000000,0.000000,0.013858,-0.019546,0.019542,0.039088,709517294.529915,-0.013856,0.013863,-0.000354,-1.502970,0.000976
1224.052589,125850,90,1,-0.000000,0.000000,-0.000000,0.015460,-0.021814,0.021805,0.043619,-1439223118.273150,-0.015468,0.015459,-0.000536,-1.502613,0.000976
1610.815256,125860,90,1,-0.000000,-0.000000,-0.000000,0.017541,-0.024755,0.024746,0.049501,-1995718302.720222,-0.017559,0.017519,-0.000367,-1.502698,0.000976
2095.126964,125860,90,1,0.000000,0.000000,0.000000,0.019590,-0.027657,0.027643,0.055299,345873112.907344,-0.019567,0.019593,-0.000628,-1.501946,0.000976
2780.980435,125860,90,1,-0.000000,-0.000000,-0.000000,0.022123,-0.031263,0.031250,0.062512,-707936515.774506,-0.022128,0.022083,-0.000520,-1.499963,0.000976
3584.043542,125860,90,1,-0.000000,-0.000000,-0.000000,0.024911,-0.035217,0.035180,0.070397,-911026562.853589,-0.024866,0.024909,-0.000999,-1.500295,0.000976
6074.632478,125850,90,1,0.000000,0.000000,0.000000,0.030958,-0.043682,0.043630,0.087312,2881921142.967043,-0.030961,0.030939,-0.001276,-1.502607,0.000976
8160.772480,125860,90,1,0.000000,0.000000,0.000000,0.034855,-0.049200,0.049123,0.098322,549105877.130950,-0.034811,0.034833,-0.001694,-1.502883,0.000976
11032.887960,125860,90,1,0.000000,0.000035,0.000000,0.039113,-0.055236,0.055143,0.110378,910261310.571354,-0.039054,0.039056,-0.001757,-1.502270,0.000976
15064.175960,125860,90,1,0.000000,0.000000,0.000000,0.043937,-0.062058,0.061940,0.123998,4999065303.001836,-0.043954,0.043930,-0.002041,-1.502552,0.000976
20482.925430,125860,90,1,0.000000,0.000000,0.000000,0.049370,-0.069773,0.069609,0.139382,25278231008.207676,-0.049419,0.049421,-0.002551,-1.501659,0.000976
38585.355990,125860,90,1,0.000000,0.000093,0.000000,0.062250,-0.088089,0.087839,0.175928,7968070072.115576,-0.062117,0.062178,-0.003139,-1.500101,0.000976
56211.370270,125860,90,1,0.000000,0.000000,0.000000,0.069950,-0.098839,0.098489,0.197328,5116359930.794965,-0.069877,0.069875,-0.003600,-1.502875,0.000976
107437.269000,125850,90,1,-0.000000,0.000143,-0.000000,0.087409,-0.123609,0.123079,0.246688,-17901498394.034454,-0.087443,0.087395,-0.004628,-1.502452,0.000976
288610.291600,125860,90,1,0.000000,0.000106,0.000000,0.123260,-0.174737,0.173598,0.348335,7424612091.403078,-0.123089,0.123232,-0.006931,-1.500106,0.000976
409320.219000,125850,90,1,0.000000,0.000516,0.000000,0.138149,-0.195566,0.194103,0.389669,14146457434.594933,-0.138241,0.138280,-0.008027,-1.502866,0.000976
763.220977,141270,90,1,-0.000000,-0.000000,-0.000000,0.011342,-0.016029,0.016021,0.032050,-163577651.612260,-0.011317,0.011321,-0.000415,-1.500476,0.000976
966.768255,141260,90,1,0.000000,0.000000,0.000000,0.012372,-0.017454,0.017447,0.034900,243626839.575570,-0.012382,0.012358,-0.000573,-1.502762,0.000976
2077.609685,141260,90,1,-0.000000,-0.000000,-0.000000,0.017443,-0.024632,0.024609,0.049242,-1488473234.097306,-0.017462,0.017431,-0.000921,-1.501869,0.000976
2745.415547,141260,90,1,0.000000,0.000010,0.000000,0.019664,-0.027794,0.027768,0.055562,592244114.827855,-0.019647,0.019649,-0.001024,-1.500035,0.000976
7790.490007,141260,90,1,-0.000000,0.000015,-0.000000,0.030948,-0.043687,0.043609,0.087296,-15845040426.880524,-0.030937,0.030892,-0.001782,-1.502974,0.000976
19124.174560,141260,90,1,-0.000000,0.000063,-0.000000,0.043915,-0.062068,0.061919,0.123988,-1096811552.621315,-0.043857,0.043838,-0.002507,-1.501609,0.000976
35347.353170,141260,90,1,-0.000000,0.000040,-0.000000,0.055546,-0.078606,0.078378,0.156984,-3159940723.366975,-0.055468,0.055390,-0.003002,-1.500121,0.000976
50435.081410,141260,90,1,-0.000000,0.000105,-0.000000,0.062342,-0.088082,0.087807,0.175889,-7979769291.137959,-0.062270,0.062338,-0.003423,-1.502733,0.000976
67873.235270,141260,90,1,-0.000000,0.000137,-0.000000,0.069153,-0.097765,0.097393,0.195157,-2950535212.295236,-0.069195,0.069125,-0.003952,-1.502286,0.000976
95013.438390,141260,90,1,0.000000,0.000131,0.000000,0.077872,-0.110136,0.109664,0.219800,79740346264.441879,-0.077802,0.077965,-0.004401,-1.502200,0.000976
128850.956000,141260,90,1,-0.000000,0.000022,-0.000000,0.086696,-0.122669,0.122108,0.244777,-88779491140.537811,-0.086561,0.086631,-0.004878,-1.501690,0.000976
184521.802800,141260,90,1,-0.000000,0.000132,-0.000000,0.098201,-0.139109,0.138380,0.277490,-25139469176.155746,-0.098095,0.098043,-0.005556,-1.499869,0.000976
255555.403200,141260,90,1,0.000000,0.000243,0.000000,0.110163,-0.156152,0.155204,0.311356,112805519623.017502,-0.110089,0.109881,-0.006330,-1.499933,0.000976
359423.225500,141260,90,1,-0.000000,0.000440,-0.000000,0.123376,-0.174652,0.173438,0.348090,-10528048066.006828,-0.123218,0.123217,-0.007316,-1.502492,0.000976
481326.922700,141260,90,1,-0.000000,0.000445,-0.000000,0.136992,-0.194104,0.192531,0.386635,-9352018464.563374,-0.136724,0.136850,-0.008453,-1.502042,0.000976
663872.278500,141260,90,1,-0.000000,0.000862,-0.000000,0.154191,-0.218574,0.216651,0.435225,-78944908434.047760,-0.154120,0.154366,-0.009230,-1.501882,0.000976
824.075150,158500,90,1,0.000000,0.000000,0.000000,0.010219,-0.014446,0.014437,0.028884,454974020.219167,-0.010211,0.010195,-0.000643,-1.500071,0.000976
1007.106866,158500,90,1,-0.000000,-0.000000,-0.000000,0.010994,-0.015509,0.015505,0.031013,-1407269183.778902,-0.010976,0.010990,-0.000149,-1.502923,0.000976
1670.793911,158500,90,1,-0.000000,0.000003,-0.000000,0.013875,-0.019588,0.019571,0.039159,-417881063.647097,-0.013882,0.013880,-0.000878,-1.502458,0.000976
2832.921144,158500,90,1,0.000000,0.000000,0.000000,0.017575,-0.024839,0.024820,0.049660,219474348.242223,-0.017551,0.017551,-0.000883,-1.500031,0.000976
3678.249795,158500,90,1,0.000000,0.000000,0.000000,0.019741,-0.027906,0.027881,0.055787,219721576.706021,-0.019705,0.019719,-0.000944,-1.500283,0.000976
4627.454297,158500,90,1,-0.000000,-0.000000,-0.000000,0.021994,-0.031029,0.030990,0.062019,-703806473.851852,-0.021983,0.022023,-0.001310,-1.502087,0.000976
6022.969781,158500,90,1,0.000000,0.000000,0.000000,0.024667,-0.034811,0.034768,0.069578,742917625.878227,-0.024697,0.024643,-0.001350,-1.502414,0.000976
7752.760975,158500,90,1,0.000000,0.000000,0.000000,0.027579,-0.038932,0.038867,0.077799,386858481.033275,-0.027596,0.027541,-0.001550,-1.502886,0.000976
13899.540760,158500,90,1,0.000000,0.000000,0.000000,0.035010,-0.049451,0.049353,0.098803,2987549843.238997,-0.035056,0.035006,-0.002098,-1.502397,0.000976
18359.647190,158500,90,1,-0.000000,-0.000000,-0.000000,0.039137,-0.055305,0.055186,0.110490,-2357404808.561970,-0.039161,0.039110,-0.002218,-1.501696,0.000976
25168.447140,158500,90,1,0.000000,0.000000,0.000000,0.044169,-0.062477,0.062332,0.124810,2512705563.853467,-0.044163,0.044150,-0.002447,-1.499971,0.000976
46951.407130,158500,90,1,0.000000,0.000021,0.000000,0.055620,-0.078584,0.078329,0.156913,2588870070.032492,-0.055544,0.055638,-0.003334,-1.502776,0.000976
62070.616130,158500,90,1,0.000000,0.000000,0.000000,0.061619,-0.087101,0.086796,0.173897,7887178062.816074,-0.061656,0.061574,-0.003621,-1.502168,0.000976
86257.862090,158500,90,1,-0.000000,-0.000000,-0.000000,0.069398,-0.098128,0.097740,0.195868,-5922002158.957126,-0.069372,0.069391,-0.004215,-1.502359,0.000976
119332.306200,158500,90,1,0.000000,0.000196,0.000000,0.077954,-0.110281,0.109808,0.220089,39912460238.723518,-0.077923,0.078012,-0.004536,-1.501673,0.000976
168128.846600,158500,90,1,0.000000,0.000313,0.000000,0.087912,-0.124536,0.123904,0.248440,3600883650.184800,-0.087938,0.087926,-0.005346,-1.499764,0.000976
229173.842100,158500,90,1,-0.000000,0.000267,-0.000000,0.098341,-0.139367,0.138589,0.277956,-50350891912.599541,-0.098304,0.098229,-0.005870,-1.499939,0.000976
320988.402400,158500,90,1,-0.000000,0.000261,-0.000000,0.110240,-0.156001,0.155028,0.311029,-16126655445.530293,-0.110297,0.110026,-0.006558,-1.502521,0.000976
431197.217500,158500,90,1,-0.000000,0.000432,-0.000000,0.122785,-0.173910,0.172622,0.346532,-125728476604.513016,-0.122615,0.122780,-0.007764,-1.502085,0.000976
1073.433396,177820,90,1,-0.000000,-0.000000,-0.000000,0.009814,-0.013848,0.013835,0.027683,-233699765.726295,-0.009798,0.009808,-0.000753,-1.502865,0.000976
1367.287888,177820,90,1,0.000000,0.000001,0.000000,0.011009,-0.015536,0.015531,0.031067,107361703.389665,-0.011014,0.011009,-0.000355,-1.502411,0.000976
1767.916734,177820,90,1,0.000000,0.000000,0.000000,0.012397,-0.017501,0.017491,0.034992,114365693.482907,-0.012387,0.012410,-0.000674,-1.502282,0.000976
2247.717152,177820,90,1,0.000000,0.000006,0.000000,0.013898,-0.019628,0.019612,0.039240,1293791219.157518,-0.013903,0.013900,-0.000823,-1.501732,0.000976
2931.906808,177820,90,1,0.000000,0.000000,0.000000,0.015651,-0.022123,0.022104,0.044227,728470862.800514,-0.015617,0.015654,-0.000836,-1.500008,0.000976
3801.007310,177820,90,1,0.000000,0.000003,0.000000,0.017615,-0.024899,0.024879,0.049778,1061021765.349484,-0.017599,0.017588,-0.000899,-1.500247,0.000976
4757.597689,177820,90,1,0.000000,0.000000,0.000000,0.019569,-0.027607,0.027577,0.055184,1821681204.068394,-0.019547,0.019599,-0.001166,-1.502199,0.000976
6152.055794,177820,90,1,0.000000,0.000002,0.000000,0.021967,-0.030997,0.030967,0.061964,4498943924.019158,-0.021977,0.021949,-0.001126,-1.502401,0.000976
7988.024299,177820,90,1,0.000000,0.000000,0.000000,0.024681,-0.034836,0.034791,0.069627,616429678.987281,-0.024662,0.024697,-0.001317,-1.502733,0.000976
13656.580640,177830,90,1,0.000000,0.000000,0.000000,0.031145,-0.043995,0.043916,0.087911,724836073.852340,-0.031139,0.031184,-0.001750,-1.502329,0.000976
18057.873930,177820,90,1,-0.000000,-0.000000,-0.000000,0.034944,-0.049376,0.049285,0.098661,-1376251436.822817,-0.034934,0.034980,-0.001920,-1.501600,0.000976
32459.270150,177820,90,1,0.000000,0.000000,0.000000,0.044116,-0.062420,0.062270,0.124690,961166673.431229,-0.044071,0.044080,-0.002530,-1.500028,0.000976
59060.942310,177820,90,1,-0.000000,0.000093,-0.000000,0.055145,-0.077921,0.077716,0.155637,-11293693336.728144,-0.055090,0.055121,-0.002873,-1.502174,0.000976
79652.533280,177820,90,1,0.000000,0.000047,0.000000,0.061812,-0.087387,0.087094,0.174482,3164751985.996908,-0.061862,0.061746,-0.003411,-1.502309,0.000976
109199.783900,177820,90,1,-0.000000,-0.000000,-0.000000,0.069314,-0.098041,0.097665,0.195705,-3085959808.905009,-0.069219,0.069357,-0.004047,-1.501636,0.000976
208758.615800,177820,90,1,-0.000000,0.000252,-0.000000,0.087727,-0.124292,0.123673,0.247965,-5614561914.755690,-0.087714,0.087703,-0.005187,-1.499877,0.000976
288196.121500,177820,90,1,0.000000,0.000053,0.000000,0.098021,-0.138692,0.137858,0.276550,1760946500.768795,-0.097854,0.098001,-0.006199,-1.502526,0.000976
529174.134100,177820,90,1,-0.000000,0.000297,-0.000000,0.122980,-0.174237,0.172965,0.347201,-25185838813.342648,-0.122860,0.123003,-0.007614,-1.501501,0.000976
1251.981937,199500,90,1,0.000000,0.000000,0.000000,0.009259,-0.013085,0.013080,0.026165,117056077.660823,-0.009262,0.009246,-0.000400,-1.501056,0.000976
1150.367179,199500,90,1,-0.000000,-0.000000,-0.000000,0.008764,-0.012366,0.012360,0.024726,-64101572.419435,-0.008757,0.008770,-0.000644,-1.502582,0.000976
1845.774952,199500,90,1,0.000000,0.000000,0.000000,0.011021,-0.015555,0.015548,0.031103,663847113.868600,-0.011035,0.011014,-0.000451,-1.502372,0.000976
2374.209500,199500,90,1,0.000000,0.000005,0.000000,0.012404,-0.017518,0.017501,0.035019,529243894.725796,-0.012415,0.012404,-0.000950,-1.501977,0.000976
3068.389033,199500,90,1,-0.000000,0.000003,-0.000000,0.013971,-0.019744,0.019733,0.039477,-1788347998.103532,-0.013967,0.013968,-0.000532,-1.500219,0.000976
4910.844527,199510,90,1,-0.000000,-0.000000,-0.000000,0.017438,-0.024593,0.024578,0.049171,-457854948.111517,-0.017443,0.017441,-0.000569,-1.502220,0.000976
8108.043319,199500,90,1,-0.000000,-0.000000,-0.000000,0.021907,-0.030914,0.030890,0.061804,-477292130.705024,-0.021929,0.021865,-0.000853,-1.502685,0.000976
13719.963480,199500,90,1,0.000000,0.000000,0.000000,0.027763,-0.039204,0.039151,0.078355,1052927043.234110,-0.027792,0.027758,-0.001459,-1.502448,0.000976
31727.369040,199500,90,1,-0.000000,0.000022,-0.000000,0.039320,-0.055620,0.055509,0.111129,-2368454424.032926,-0.039235,0.039214,-0.002045,-1.500106,0.000976
57465.736590,199500,90,1,0.000000,0.000043,0.000000,0.049053,-0.069318,0.069120,0.138437,1522128258.333528,-0.048966,0.049042,-0.002796,-1.502197,0.000976
75945.325920,199510,90,1,0.000000,0.000121,0.000000,0.055165,-0.077979,0.077730,0.155709,5858535761992725.000000,-0.055141,0.055121,-0.003318,-1.502189,0.000976
142631.148700,199500,90,1,0.000000,0.000000,0.000000,0.069887,-0.098941,0.098560,0.197501,11927377845.713707,-0.069745,0.069786,-0.004019,-1.499809,0.000976
192691.119000,199500,90,1,-0.000000,0.000221,-0.000000,0.078242,-0.110807,0.110334,0.221141,-80121323168.163513,-0.078227,0.078229,-0.004481,-1.500007,0.000976
265651.707300,199500,90,1,0.000000,0.000175,0.000000,0.087538,-0.123801,0.123174,0.246975,8148966547.776566,-0.087468,0.087564,-0.005402,-1.502522,0.000976
349933.416000,199500,90,1,-0.000000,0.000275,-0.000000,0.097126,-0.137462,0.136700,0.274162,-14208028175.280800,-0.097036,0.097180,-0.005734,-1.501776,0.000976
476622.457800,199500,90,1,-0.000000,0.000135,-0.000000,0.109394,-0.154922,0.153978,0.308900,-28005188032.222038,-0.109464,0.109336,-0.006552,-1.501397,0.000976
1754.697826,223850,90,1,-0.000000,-0.000000,-0.000000,0.009278,-0.013097,0.013091,0.026188,-10584088838699160.000000,-0.009268,0.009279,-0.000405,-1.502274,0.000976
1561.922846,223850,90,1,0.000000,0.000000,0.000000,0.008738,-0.012333,0.012327,0.024660,2236923598.637760,-0.008741,0.008744,-0.000361,-1.502317,0.000976
1962.661101,223850,90,1,-0.000000,-0.000000,-0.000000,0.009840,-0.013892,0.013883,0.027775,-119958712.363739,-0.009852,0.009836,-0.000574,-1.502333,0.000976
6478.939528,223850,90,1,0.000000,0.000000,0.000000,0.017314,-0.024431,0.024408,0.048839,239581827.861776,-0.017307,0.017308,-0.000967,-1.502406,0.000976
8387.554956,223860,90,1,0.000000,0.000007,0.000000,0.019516,-0.027544,0.027515,0.055059,666148539.933560,-0.019520,0.019492,-0.001196,-1.502771,0.000976
10845.058560,223850,90,1,-0.000000,-0.000000,-0.000000,0.021974,-0.031022,0.030988,0.062010,-1022808855.293318,-0.021988,0.021938,-0.001214,-1.502342,0.000976
14182.308840,223850,90,1,0.000000,0.000005,0.000000,0.024766,-0.034971,0.034933,0.069904,1408909513.360640,-0.024747,0.024761,-0.001208,-1.502425,0.000976
18041.455110,223850,90,1,0.000000,0.000000,0.000000,0.027696,-0.039128,0.039071,0.078199,2836085253.229622,-0.027719,0.027667,-0.001519,-1.501682,0.000976
24046.939820,223850,90,1,-0.000000,-0.000000,-0.000000,0.031273,-0.044228,0.044151,0.088379,-781065171.241584,-0.031239,0.031192,-0.001730,-1.499942,0.000976
43466.301670,223860,90,1,-0.000000,-0.000000,-0.000000,0.039431,-0.055686,0.055566,0.111252,-6729538239.307032,-0.039399,0.039366,-0.002222,-1.502663,0.000976
55689.072240,223850,90,1,0.000000,0.000000,0.000000,0.043685,-0.061715,0.061570,0.123285,3441013496.716237,-0.043699,0.043657,-0.002451,-1.502220,0.000976
134332.128200,223860,90,1,0.000000,0.000026,0.000000,0.062275,-0.088146,0.087841,0.175987,7971197615.036826,-0.062265,0.062128,-0.003724,-1.499812,0.000976
181216.417900,223850,90,1,-0.000000,-0.000000,-0.000000,0.069794,-0.098835,0.098452,0.197287,-1429372084.632659,-0.069661,0.069580,-0.004104,-1.499797,0.000976
249437.819300,223850,90,1,0.000000,0.000000,0.000000,0.078287,-0.110703,0.110206,0.220909,2004143260.674122,-0.078127,0.078194,-0.004722,-1.502342,0.000976
439975.772800,223850,90,1,-0.000000,0.000249,-0.000000,0.097533,-0.138102,0.137317,0.275419,-33291470774.533543,-0.097555,0.097374,-0.006043,-1.501191,0.000976
2077.915827,251170,90,1,-0.000000,-0.000000,-0.000000,0.008709,-0.012292,0.012287,0.024579,-1390848193511970.250000,-0.008710,0.008696,-0.000483,-1.502531,0.000976
2638.247268,251170,90,1,-0.000000,-0.000000,-0.000000,0.009836,-0.013885,0.013883,0.027768,-197495207.860786,-0.009835,0.009845,-0.000200,-1.501966,0.000976
3386.191619,251170,90,1,0.000000,0.000000,0.000000,0.011077,-0.015650,0.015648,0.031298,472617124.326550,-0.011063,0.011058,-0.000274,-1.500231,0.000976
4332.108647,251170,90,1,0.000000,0.000000,0.000000,0.012478,-0.017635,0.017627,0.035262,271852472.769463,-0.012463,0.012451,-0.000594,-1.500441,0.000976
6837.211727,251170,90,1,0.000000,0.000000,0.000000,0.015520,-0.021901,0.021880,0.043780,211903505.086253,-0.015531,0.015501,-0.000964,-1.502410,0.000976
8721.534736,251170,90,1,0.000000,0.000000,0.000000,0.017395,-0.024546,0.024527,0.049073,712517094.099820,-0.017399,0.017365,-0.000822,-1.502920,0.000976
14470.241830,251170,90,1,0.000000,0.000005,0.000000,0.022025,-0.031096,0.031063,0.062159,2505980506.795207,-0.022026,0.022003,-0.001178,-1.502601,0.000976
18547.176240,251170,90,1,-0.000000,0.000012,-0.000000,0.024634,-0.034799,0.034753,0.069552,-12612851954.718084,-0.024628,0.024611,-0.001362,-1.501728,0.000976
31919.170060,251170,90,1,-0.000000,0.000026,-0.000000,0.031358,-0.044351,0.044280,0.088631,-494010661.114294,-0.031269,0.031284,-0.001660,-1.500125,0.000976
55098.693100,251170,90,1,-0.000000,-0.000000,-0.000000,0.038937,-0.055006,0.054885,0.109891,-1594857739.822736,-0.038962,0.038920,-0.002191,-1.502255,0.000976
73174.087450,251170,90,1,0.000000,0.000041,0.000000,0.043923,-0.062068,0.061910,0.123979,2248843053.607535,-0.043909,0.043864,-0.002693,-1.502300,0.000976
96402.167130,251170,90,1,-0.000000,0.000078,-0.000000,0.049136,-0.069468,0.069279,0.138746,-5031566323.399275,-0.049100,0.049075,-0.002891,-1.501539,0.000976
128133.634500,251170,90,1,0.000000,0.000000,0.000000,0.055417,-0.078433,0.078194,0.156626,3152618619.085576,-0.055289,0.055373,-0.003187,-1.499679,0.000976
171863.990500,251170,90,1,-0.000000,0.000115,-0.000000,0.062213,-0.088094,0.087772,0.175866,-7963299877.067093,-0.062152,0.062182,-0.003731,-1.499715,0.000976
234430.355600,251170,90,1,-0.000000,-0.000000,-0.000000,0.069620,-0.098422,0.098029,0.196451,-3394795076.245817,-0.069465,0.069517,-0.004093,-1.502254,0.000976
3243.681288,281860,90,1,-0.000000,-0.000000,-0.000000,0.009401,-0.013283,0.013274,0.026557,-275039747.384884,-0.009390,0.009384,-0.000596,-1.500466,0.000976
2854.831757,281850,90,1,0.000000,0.000000,0.000000,0.008825,-0.012463,0.012456,0.024919,150608564.646691,-0.008811,0.008822,-0.000531,-1.501536,0.000976
4527.587523,281850,90,1,-0.000000,-0.000000,-0.000000,0.011083,-0.015667,0.015655,0.031322,-241462918.012403,-0.011057,0.011082,-0.000775,-1.500251,0.000976
5672.472447,281850,90,1,0.000000,0.000000,0.000000,0.012388,-0.017471,0.017459,0.034930,409194098.842434,-0.012388,0.012394,-0.000660,-1.502413,0.000976
7177.279865,281850,90,1,-0.000000,-0.000000,-0.000000,0.013858,-0.019552,0.019537,0.039088,-394179604.355306,-0.013847,0.013858,-0.000746,-1.502405,0.000976
9120.733192,281850,90,1,0.000000,0.000003,0.000000,0.015550,-0.021943,0.021926,0.043869,442305358.674930,-0.015550,0.015538,-0.000696,-1.502795,0.000976
15000.419930,281850,90,1,0.000000,0.000000,0.000000,0.019636,-0.027727,0.027697,0.055424,574507324.884962,-0.019655,0.019606,-0.001177,-1.502377,0.000976
25046.690850,281860,90,1,0.000000,0.000000,0.000000,0.024855,-0.035142,0.035094,0.070235,446514764.257839,-0.024856,0.024836,-0.001457,-1.500050,0.000976
32107.629010,281860,90,1,0.000000,0.000000,0.000000,0.027890,-0.039448,0.039386,0.078834,865439337.979244,-0.027887,0.027858,-0.001707,-1.499994,0.000976
42962.832110,281860,90,1,-0.000000,-0.000000,-0.000000,0.031275,-0.044161,0.044081,0.088242,-5337585196.433291,-0.031306,0.031290,-0.001907,-1.502538,0.000976
54683.974760,281850,90,1,0.000000,0.000000,0.000000,0.034666,-0.048974,0.048873,0.097847,1145094711.984832,-0.034696,0.034676,-0.001947,-1.502022,0.000976
72754.561150,281860,90,1,-0.000000,0.000052,-0.000000,0.039211,-0.055406,0.055282,0.110688,-854289827.117522,-0.039177,0.039167,-0.002324,-1.502120,0.000976
127074.984600,281860,90,1,-0.000000,-0.000000,-0.000000,0.049459,-0.069981,0.069792,0.139772,-1125464349.556761,-0.049377,0.049408,-0.002954,-1.499772,0.000976
163416.782900,281850,90,1,-0.000000,-0.000000,-0.000000,0.055213,-0.078163,0.077918,0.156081,-6281966940.756306,-0.055045,0.055114,-0.003351,-1.499715,0.000976
224289.000000,281850,90,1,-0.000000,-0.000000,-0.000000,0.062174,-0.087910,0.087571,0.175481,-1591645008.847145,-0.062032,0.062051,-0.003947,-1.502052,0.000976
287415.678000,281860,90,1,0.000000,0.000000,0.000000,0.068737,-0.097230,0.096842,0.194072,1436468276.456717,-0.068591,0.068666,-0.004327,-1.501478,0.000976
4806.866695,316230,90,1,0.000000,0.000000,0.000000,0.009917,-0.014017,0.014011,0.028028,241778816.447624,-0.009902,0.009913,-0.000395,-1.500195,0.000976
9438.850999,316230,90,1,-0.000000,-0.000000,-0.000000,0.013819,-0.019502,0.019481,0.038983,-14150988169.239429,-0.013832,0.013797,-0.000939,-1.502827,0.000976
12093.855590,316230,90,1,0.000000,0.000000,0.000000,0.015546,-0.021947,0.021931,0.043877,1326624686.320557,-0.015519,0.015559,-0.000790,-1.502125,0.000976
15557.230730,316230,90,1,0.000000,0.000003,0.000000,0.017507,-0.024721,0.024695,0.049416,1120435991.817466,-0.017508,0.017487,-0.001071,-1.502321,0.000976
19778.731040,316230,90,1,-0.000000,-0.000000,-0.000000,0.019618,-0.027714,0.027681,0.055396,-913117542.467481,-0.019636,0.019583,-0.001182,-1.501598,0.000976
25667.995660,316230,90,1,0.000000,0.000000,0.000000,0.022152,-0.031319,0.031280,0.062599,5670972532.872230,-0.022154,0.022131,-0.001156,-1.500041,0.000976
33066.846250,316230,90,1,0.000000,0.000016,0.000000,0.024892,-0.035202,0.035155,0.070357,268304778.802577,-0.024827,0.024826,-0.001329,-1.499984,0.000976
43155.122730,316230,90,1,0.000000,0.000000,0.000000,0.027825,-0.039285,0.039220,0.078505,1295148957.601508,-0.027835,0.027837,-0.001647,-1.502781,0.000976
54682.608350,316230,90,1,0.000000,0.000000,0.000000,0.030933,-0.043690,0.043611,0.087301,6335010153.199130,-0.030918,0.030938,-0.001767,-1.502129,0.000976
71443.968180,316230,90,1,-0.000000,0.000042,-0.000000,0.034759,-0.049107,0.049015,0.098122,-7349531118328577.000000,-0.034713,0.034716,-0.001974,-1.502089,0.000976
94691.425060,316230,90,1,0.000000,0.000000,0.000000,0.039254,-0.055494,0.055368,0.110861,10049038292.491524,-0.039258,0.039256,-0.002395,-1.501225,0.000976
123821.811900,316230,90,1,-0.000000,0.000022,-0.000000,0.043992,-0.062240,0.062089,0.124329,-1001064837.520567,-0.043897,0.043979,-0.002671,-1.499635,0.000976
163722.346800,316230,90,1,0.000000,0.000070,0.000000,0.049478,-0.070043,0.069838,0.139880,1299106448.195004,-0.049445,0.049396,-0.002952,-1.499567,0.000976
35065.138410,56190,25,2,-0.000000,-0.000373,-0.000000,0.044654,-0.075896,0.078660,0.154556,-4156923956.617885,-0.038642,0.038382,0.028670,-1.193321,0.000976
61898.587310,56180,25,2,0.000000,-0.000348,0.000000,0.056584,-0.096396,0.099173,0.195570,3621370194.193635,-0.049027,0.048723,0.022634,-1.196305,0.000976
104974.692000,56180,25,2,0.000000,-0.000397,0.000000,0.071222,-0.121354,0.124732,0.246086,1350572645.981421,-0.061670,0.061321,0.021348,-1.195771,0.000976
177473.119700,56190,25,2,0.000000,-0.000523,0.000000,0.088765,-0.151272,0.155323,0.306596,6492568668.552422,-0.076896,0.076608,0.020202,-1.197230,0.000976
234721.262500,56180,25,2,0.000000,-0.000426,0.000000,0.100392,-0.171145,0.175415,0.346560,14685981783.981972,-0.087085,0.086559,0.018985,-1.197500,0.000976
304408.390400,56190,25,2,0.000000,-0.000406,0.000000,0.112072,-0.191363,0.195465,0.386828,16394534465.780334,-0.097310,0.096800,0.015035,-1.198195,0.000976
394656.598400,56180,25,2,-0.000000,-0.000701,-0.000000,0.125905,-0.214973,0.219749,0.434722,-128932262527.049179,-0.108935,0.108535,0.016277,-1.196252,0.000976
518367.525600,56180,25,2,-0.000000,-0.000786,-0.000000,0.141730,-0.242152,0.247193,0.489345,-48376447600.361633,-0.122661,0.122208,0.015652,-1.197312,0.000976
656397.898200,56190,25,2,-0.000000,-0.000766,-0.000000,0.156704,-0.267847,0.274406,0.542254,-9439084626.755976,-0.135560,0.134751,0.015957,-1.192812,0.000976
3699.346220,70800,25,2,0.000000,-0.000114,0.000000,0.015608,-0.026612,0.027581,0.054193,332972492.287696,-0.013505,0.013406,0.022897,-1.190650,0.000976
6982.319282,70780,25,2,-0.000000,-0.000124,-0.000000,0.020177,-0.034382,0.035546,0.069928,-350196731.896740,-0.017449,0.017341,0.022827,-1.191941,0.000976
9331.461697,70780,25,2,0.000000,-0.000140,0.000000,0.022577,-0.038522,0.039759,0.078281,592782259.554117,-0.019519,0.019423,0.020504,-1.190922,0.000976
11962.277200,70770,25,2,-0.000000,-0.000112,-0.000000,0.025083,-0.042761,0.044220,0.086980,-342471641.587023,-0.021715,0.021513,0.022822,-1.190459,0.000976
15710.223380,70780,25,2,-0.000000,-0.000186,-0.000000,0.028069,-0.047859,0.049510,0.097369,-1596838598.217761,-0.024261,0.024113,0.022740,-1.189877,0.000976
20998.229690,70770,25,2,-0.000000,-0.000196,-0.000000,0.031675,-0.053964,0.055581,0.109546,-415840726.256578,-0.027436,0.027237,0.021945,-1.193790,0.000976
27783.975150,70770,25,2,-0.000000,-0.000136,-0.000000,0.035657,-0.060714,0.062603,0.123316,-3042711789.390848,-0.030904,0.030668,0.022787,-1.194260,0.000976
37362.047010,70790,25,2,-0.000000,-0.000175,-0.000000,0.040265,-0.068653,0.070747,0.139399,-4581257891.238214,-0.034871,0.034566,0.022492,-1.191852,0.000976
49464.765540,70790,25,2,0.000000,-0.000172,0.000000,0.045032,-0.076890,0.079035,0.155925,15370996188.814724,-0.038968,0.038695,0.019806,-1.192396,0.000976
64214.286060,70790,25,2,-0.000000,-0.000264,-0.000000,0.050388,-0.085940,0.088518,0.174458,-1357823651.316512,-0.043595,0.043295,0.021978,-1.191836,0.000976
84971.338270,70770,25,2,-0.000000,-0.000361,-0.000000,0.056750,-0.096787,0.099426,0.196213,-7263955859.056043,-0.049090,0.048804,0.019194,-1.193168,0.000976
111441.199200,70780,25,2,0.000000,-0.000283,0.000000,0.063187,-0.107912,0.110609,0.218521,1960703465.698311,-0.054759,0.054249,0.018215,-1.193262,0.000976
144049.387600,70790,25,2,0.000000,-0.000290,0.000000,0.070721,-0.120674,0.123799,0.244473,18104812697.993916,-0.061216,0.060893,0.016905,-1.194921,0.000976
248915.461000,70780,25,2,-0.000000,-0.000300,-0.000000,0.089317,-0.152681,0.155987,0.308668,-2613146967.423927,-0.077301,0.076818,0.015266,-1.194130,0.000976
325087.104400,70780,25,2,-0.000000,-0.000285,-0.000000,0.100384,-0.171563,0.175277,0.346840,-51396179394.199265,-0.087015,0.086241,0.014845,-1.194339,0.000976
424127.094800,70780,25,2,-0.000000,-0.000375,-0.000000,0.113023,-0.193023,0.197578,0.390601,-8266805489.166588,-0.098097,0.097035,0.016938,-1.194186,0.000976
543356.583100,70780,25,2,-0.000000,-0.000320,-0.000000,0.125190,-0.213894,0.219252,0.433146,-164953779501298496.000000,-0.108672,0.107765,0.015788,-1.193339,0.000976
710924.804200,70790,25,2,-0.000000,-0.000260,-0.000000,0.141069,-0.241120,0.247277,0.488397,-12037956557.342384,-0.121983,0.121150,0.015817,-1.191025,0.000976
926553.071800,70780,25,2,-0.000000,-0.000665,-0.000000,0.159065,-0.271862,0.278606,0.550468,-12529480281.470629,-0.137856,0.136937,0.016299,-1.192225,0.000976
43754.376610,79430,25,2,0.000000,-0.000121,0.000000,0.040009,-0.068207,0.070025,0.138232,620741599.448828,-0.034613,0.034364,0.018873,-1.193143,0.000976
491943.892200,79430,25,2,-0.000000,-0.000264,-0.000000,0.111177,-0.189804,0.194408,0.384211,-28461728438.023144,-0.096097,0.095372,0.015203,-1.192203,0.000976
172539.380500,112170,25,2,0.000000,-0.000265,0.000000,0.056594,-0.096503,0.098629,0.195132,2318089692.212510,-0.048861,0.048583,0.016033,-1.192874,0.000976
1147399.960000,112180,25,2,0.000000,-0.000566,0.000000,0.127185,-0.216458,0.222037,0.438495,10018240249.396664,-0.109881,0.109387,0.018140,-1.191209,0.000976
2439.866947,125890,25,2,0.000000,-0.000081,0.000000,0.008808,-0.014969,0.015551,0.030519,346892112.038733,-0.007598,0.007536,0.027985,-1.185158,0.000976
4474.676010,125890,25,2,0.000000,-0.000108,0.000000,0.011401,-0.019362,0.020105,0.039467,142372793.727502,-0.009836,0.009776,0.028055,-1.186972,0.000976
5857.802540,125890,25,2,0.000000,-0.000099,0.000000,0.012755,-0.021686,0.022462,0.044148,932951281.333031,-0.011012,0.010945,0.024407,-1.187191,0.000976
7444.952317,125890,25,2,0.000000,-0.000139,0.000000,0.014137,-0.024022,0.024927,0.048948,253970875.879932,-0.012198,0.012119,0.027696,-1.186253,0.000976
9680.020954,125890,25,2,-0.000000,-0.000143,-0.000000,0.015882,-0.026989,0.028011,0.055000,-180705206.071873,-0.013701,0.013599,0.027184,-1.185880,0.000976
13174.972730,125890,25,2,-0.000000,-0.000135,-0.000000,0.017852,-0.030342,0.031256,0.061598,-914004836.237361,-0.015457,0.015319,0.023068,-1.191494,0.000976
23258.385310,125880,25,2,-0.000000,-0.000172,-0.000000,0.022702,-0.038593,0.039726,0.078319,-968597884.949454,-0.019617,0.019499,0.021694,-1.191232,0.000976
31116.249690,125900,25,2,-0.000000,-0.000113,-0.000000,0.025415,-0.043283,0.044461,0.087744,-268297339.570981,-0.021984,0.021847,0.019254,-1.191807,0.000976
40058.702010,125880,25,2,-0.000000,-0.000252,-0.000000,0.028429,-0.048332,0.049761,0.098093,-2079371908.121498,-0.024544,0.024425,0.022979,-1.190838,0.000976
52649.189740,125880,25,2,0.000000,-0.000234,0.000000,0.032012,-0.054426,0.055955,0.110381,16390003942.887751,-0.027689,0.027522,0.021123,-1.192389,0.000976
69198.914920,125880,25,2,0.000000,-0.000273,0.000000,0.035646,-0.060701,0.062254,0.122955,1595047025700012.000000,-0.030750,0.030662,0.019262,-1.191445,0.000976
90195.382760,125880,25,2,0.000000,-0.000274,0.000000,0.039869,-0.067777,0.069634,0.137411,1512052674.082632,-0.034477,0.034314,0.019826,-1.193240,0.000976
158471.394900,125890,25,2,0.000000,-0.000218,0.000000,0.050368,-0.085824,0.087802,0.173626,1257978951.914908,-0.043588,0.043277,0.016156,-1.192623,0.000976
206449.557200,125890,25,2,0.000000,-0.000286,0.000000,0.056621,-0.096290,0.098813,0.195103,1999291689.278592,-0.049008,0.048556,0.018077,-1.193275,0.000976
800032.233300,125890,25,2,0.000000,-0.000598,0.000000,0.100690,-0.171380,0.176200,0.347580,34368633582.932411,-0.086885,0.086431,0.018930,-1.189570,0.000976
1038206.085000,125890,25,2,0.000000,-0.000747,0.000000,0.113263,-0.192482,0.197924,0.390406,38660330514.928268,-0.097750,0.097349,0.019608,-1.192152,0.000976
1346868.704000,125890,25,2,-0.000000,-0.000740,-0.000000,0.126787,-0.215751,0.221449,0.437201,-43276221306.242004,-0.109389,0.109023,0.017520,-1.191429,0.000976
2331.578403,141290,25,2,0.000000,-0.000059,0.000000,0.007731,-0.013135,0.013640,0.026775,293191456.766660,-0.006669,0.006624,0.027342,-1.186477,0.000976
4166.859871,141280,25,2,0.000000,-0.000091,0.000000,0.009980,-0.016947,0.017603,0.034550,567748493.886319,-0.008625,0.008540,0.027149,-1.186857,0.000976
5479.735964,141280,25,2,0.000000,-0.000091,0.000000,0.011186,-0.019005,0.019713,0.038719,163635033.147444,-0.009668,0.009582,0.025799,-1.187800,0.000976
6975.395903,141280,25,2,-0.000000,-0.000115,-0.000000,0.012435,-0.021116,0.021942,0.043058,-374509175.553405,-0.010753,0.010640,0.027353,-1.186760,0.000976
9107.658573,141290,25,2,0.000000,-0.000107,0.000000,0.013951,-0.023676,0.024610,0.048287,223223905.755799,-0.012043,0.011948,0.028448,-1.186538,0.000976
12051.110650,141290,25,2,0.000000,-0.000114,0.000000,0.015652,-0.026577,0.027444,0.054021,1780807504.332718,-0.013533,0.013422,0.023812,-1.191243,0.000976
16103.914710,141290,25,2,-0.000000,-0.000086,-0.000000,0.017636,-0.029957,0.030900,0.060857,-202913689.158897,-0.015229,0.015144,0.021435,-1.192103,0.000976
21465.660970,141290,25,2,-0.000000,-0.000115,-0.000000,0.019923,-0.033867,0.034865,0.068732,-1275096639.822167,-0.017252,0.017074,0.021797,-1.191370,0.000976
36612.417940,141290,25,2,-0.000000,-0.000111,-0.000000,0.024945,-0.042351,0.043674,0.086025,-912260907.489441,-0.021550,0.021398,0.021952,-1.192698,0.000976
48330.721230,141280,25,2,0.000000,-0.000184,0.000000,0.028030,-0.047624,0.049114,0.096738,315414647.772585,-0.024222,0.024104,0.022194,-1.191194,0.000976
62678.691040,141290,25,2,0.000000,-0.000135,0.000000,0.031260,-0.053138,0.054618,0.107756,3201060032.172926,-0.027057,0.026827,0.019088,-1.191841,0.000976
82018.017120,141270,25,2,-0.000000,-0.000233,-0.000000,0.034960,-0.059405,0.061177,0.120582,-917935505.580246,-0.030272,0.029974,0.019271,-1.191681,0.000976
109103.468100,141280,25,2,-0.000000,-0.000214,-0.000000,0.039571,-0.067280,0.069095,0.136375,-2383589111.033215,-0.034217,0.034059,0.017652,-1.192517,0.000976
142320.290500,141280,25,2,0.000000,-0.000133,0.000000,0.044157,-0.075107,0.076946,0.152053,1614875415.313326,-0.038192,0.038066,0.015579,-1.195139,0.000976
186834.667500,141280,25,2,-0.000000,-0.000242,-0.000000,0.049601,-0.084319,0.086641,0.170959,-1813980888.222889,-0.042877,0.042673,0.018554,-1.192734,0.000976
247067.484000,141290,25,2,-0.000000,-0.000220,-0.000000,0.055916,-0.095044,0.097585,0.192629,-6362044320.375511,-0.048241,0.047961,0.018653,-1.191956,0.000976
318768.444800,141290,25,2,-0.000000,-0.000359,-0.000000,0.061955,-0.105220,0.108487,0.213708,-6344171906.823217,-0.053519,0.053212,0.020992,-1.190747,0.000976
419259.465400,141280,25,2,-0.000000,-0.000477,-0.000000,0.069723,-0.118473,0.122091,0.240564,-4199775840.961477,-0.060291,0.059813,0.020456,-1.191102,0.000976
549428.119700,141290,25,2,-0.000000,-0.000531,-0.000000,0.078609,-0.133373,0.137716,0.271090,-5749725608.761691,-0.067907,0.067509,0.023558,-1.190618,0.000976
722509.637200,141290,25,2,-0.000000,-0.000479,-0.000000,0.088320,-0.150054,0.154410,0.304464,-5652497089.083508,-0.076167,0.075938,0.019520,-1.191422,0.000976
938273.555400,141290,25,2,0.000000,-0.000457,0.000000,0.099359,-0.168619,0.173611,0.342231,1956608885.013127,-0.085903,0.085434,0.019605,-1.192970,0.000976
1220196.990000,141280,25,2,-0.000000,-0.000715,-0.000000,0.111225,-0.188984,0.194227,0.383211,-37964529651.115807,-0.096196,0.095617,0.017755,-1.192947,0.000976
2363.484595,158760,25,2,-0.000000,-0.000063,-0.000000,0.007046,-0.011965,0.012429,0.024393,-171785515.104469,-0.006080,0.006042,0.027170,-1.186902,0.000976
3118.634672,158760,25,2,-0.000000,-0.000074,-0.000000,0.007973,-0.013517,0.014071,0.027588,-209336182.348738,-0.006881,0.006816,0.027811,-1.186608,0.000976
4221.497255,158750,25,2,-0.000000,-0.000081,-0.000000,0.009129,-0.015479,0.016106,0.031585,-267077495.682690,-0.007889,0.007833,0.028960,-1.188106,0.000976
5526.347609,158750,25,2,-0.000000,-0.000077,-0.000000,0.010204,-0.017311,0.018001,0.035312,-696582216.260535,-0.008820,0.008765,0.026255,-1.188396,0.000976
6947.590361,158750,25,2,-0.000000,-0.000089,-0.000000,0.011331,-0.019223,0.020006,0.039230,-773535843.272927,-0.009794,0.009712,0.027945,-1.186932,0.000976
12053.370840,158750,25,2,-0.000000,-0.000125,-0.000000,0.014271,-0.024234,0.025038,0.049272,-1217816577.368368,-0.012328,0.012247,0.022486,-1.192365,0.000976
15821.105040,158740,25,2,0.000000,-0.000096,0.000000,0.016053,-0.027249,0.028182,0.055431,966966699.157654,-0.013890,0.013778,0.023119,-1.190486,0.000976
21126.605390,158750,25,2,0.000000,-0.000131,0.000000,0.018145,-0.030840,0.031772,0.062612,2064545724.586901,-0.015677,0.015561,0.019978,-1.192185,0.000976
27797.888600,158750,25,2,-0.000000,-0.000140,-0.000000,0.020350,-0.034602,0.035593,0.070195,-563200136.727360,-0.017589,0.017488,0.018362,-1.193822,0.000976
35763.303420,158750,25,2,-0.000000,-0.000206,-0.000000,0.022724,-0.038558,0.039823,0.078382,-2115391274.342176,-0.019672,0.019560,0.022597,-1.193733,0.000976
47536.058300,158740,25,2,0.000000,-0.000133,0.000000,0.025610,-0.043486,0.044853,0.088339,8741452285.490362,-0.022190,0.022048,0.020161,-1.192837,0.000976
62046.494270,158750,25,2,0.000000,-0.000198,0.000000,0.028458,-0.048374,0.049758,0.098132,940033132.821791,-0.024606,0.024487,0.018849,-1.192809,0.000976
106074.227600,158750,25,2,0.000000,-0.000252,0.000000,0.036054,-0.061253,0.062968,0.124221,1758066072.874019,-0.031139,0.030994,0.018124,-1.193212,0.000976
239077.419600,158750,25,2,-0.000000,-0.000320,-0.000000,0.051027,-0.086610,0.089031,0.175641,-3073604858.869534,-0.044132,0.043905,0.017097,-1.194284,0.000976
308285.346200,158750,25,2,-0.000000,-0.000277,-0.000000,0.056481,-0.095886,0.098929,0.194815,-1865708814.843240,-0.048856,0.048577,0.020490,-1.191460,0.000976
405974.447700,158750,25,2,0.000000,-0.000244,0.000000,0.063638,-0.107959,0.111431,0.219390,6516505285.502842,-0.055051,0.054683,0.019357,-1.191692,0.000976
1183718.214000,158750,25,2,0.000000,-0.000346,0.000000,0.101417,-0.172071,0.177137,0.349208,4515229661.025800,-0.087746,0.087350,0.016742,-1.193564,0.000976
3049.209039,177880,25,2,-0.000000,-0.000066,-0.000000,0.007014,-0.011878,0.012358,0.024237,-74040925.954295,-0.006063,0.006024,0.027575,-1.187889,0.000976
4143.605824,177900,25,2,-0.000000,-0.000076,-0.000000,0.008007,-0.013567,0.014111,0.027678,-143841036.105054,-0.006926,0.006870,0.027341,-1.188657,0.000976
5328.770452,177890,25,2,0.000000,-0.000057,0.000000,0.008972,-0.015207,0.015776,0.030984,91869339.553012,-0.007740,0.007693,0.025126,-1.189628,0.000976
6676.467320,177880,25,2,-0.000000,-0.000086,-0.000000,0.009964,-0.016886,0.017542,0.034428,-425145546.196734,-0.008615,0.008555,0.027025,-1.188714,0.000976
8681.967295,177890,25,2,-0.000000,-0.000096,-0.000000,0.011180,-0.018923,0.019695,0.038618,-602517151.426729,-0.009646,0.009568,0.028676,-1.188262,0.000976
11390.893280,177880,25,2,-0.000000,-0.000080,-0.000000,0.012504,-0.021195,0.021892,0.043088,-984954664.321078,-0.010817,0.010760,0.023344,-1.193911,0.000976
14998.683020,177900,25,2,0.000000,-0.000115,0.000000,0.014098,-0.023911,0.024707,0.048618,262488301.980394,-0.012193,0.012150,0.023485,-1.192920,0.000976
19830.682220,177900,25,2,-0.000000,-0.000093,-0.000000,0.015962,-0.027050,0.027932,0.054982,-259441728.935974,-0.013827,0.013752,0.020582,-1.194830,0.000976
25908.875940,177890,25,2,-0.000000,-0.000120,-0.000000,0.017865,-0.030318,0.031193,0.061511,-299891670.475662,-0.015449,0.015378,0.017836,-1.194539,0.000976
33429.215570,177890,25,2,-0.000000,-0.000155,-0.000000,0.019963,-0.033835,0.034902,0.068736,-10221201681.363441,-0.017293,0.017177,0.021057,-1.194136,0.000976
43892.812510,177890,25,2,0.000000,-0.000186,0.000000,0.022492,-0.038132,0.039299,0.077431,500694282.885493,-0.019424,0.019346,0.019837,-1.193944,0.000976
57418.881260,177890,25,2,0.000000,-0.000151,0.000000,0.024992,-0.042414,0.043543,0.085956,1112705585.980740,-0.021610,0.021535,0.015882,-1.196188,0.000976
73880.769610,177880,25,2,-0.000000,-0.000110,-0.000000,0.027963,-0.047404,0.048770,0.096174,-3579286105.788000,-0.024223,0.024037,0.017335,-1.195920,0.000976
97242.387340,177890,25,2,-0.000000,-0.000178,-0.000000,0.031621,-0.053665,0.055087,0.108752,-1011865281.904036,-0.027351,0.027203,0.016024,-1.195058,0.000976
126337.003500,177890,25,2,-0.000000,-0.000223,-0.000000,0.035375,-0.059940,0.061584,0.121524,-4024913771.284757,-0.030556,0.030484,0.017268,-1.197217,0.000976
165526.438100,177890,25,2,0.000000,-0.000249,0.000000,0.039706,-0.067326,0.069150,0.136475,10164658762.443914,-0.034358,0.034218,0.016689,-1.196050,0.000976
218872.009200,177890,25,2,0.000000,-0.000331,0.000000,0.044754,-0.075803,0.078045,0.153848,2864273746.053662,-0.038636,0.038526,0.018853,-1.194974,0.000976
279926.837700,177900,25,2,0.000000,-0.000341,0.000000,0.049546,-0.083803,0.086734,0.170537,1585458586.045543,-0.042770,0.042550,0.024231,-1.193645,0.000976
368376.393200,177880,25,2,0.000000,-0.000372,0.000000,0.055788,-0.094508,0.097446,0.191953,2115810242.893259,-0.048292,0.048045,0.020033,-1.193811,0.000976
485012.278500,177890,25,2,-0.000000,-0.000302,-0.000000,0.062932,-0.106602,0.109917,0.216519,-1741699585.065948,-0.054407,0.054186,0.019136,-1.194278,0.000976
636338.788100,177900,25,2,-0.000000,-0.000566,-0.000000,0.070663,-0.119634,0.123523,0.243157,-2067390683.521592,-0.061197,0.060744,0.020139,-1.193086,0.000976
826784.687400,177890,25,2,-0.000000,-0.000386,-0.000000,0.079452,-0.134416,0.138716,0.273131,-2392905337.382616,-0.068708,0.068244,0.019547,-1.194272,0.000976
1081934.644000,177890,25,2,-0.000000,-0.000348,-0.000000,0.088989,-0.150788,0.155057,0.305846,-3375000694.154290,-0.076948,0.076558,0.015827,-1.195309,0.000976
4122.392061,199160,25,2,0.000000,-0.000061,0.000000,0.007157,-0.012102,0.012598,0.024700,126359090.512066,-0.006188,0.006137,0.028996,-1.191446,0.000976
5402.128440,199160,25,2,-0.000000,-0.000053,-0.000000,0.008034,-0.013600,0.014133,0.027733,-59612519.924225,-0.006939,0.006891,0.024526,-1.190444,0.000976
8662.200851,199160,25,2,0.000000,-0.000082,0.000000,0.010002,-0.016914,0.017611,0.034525,787880444.760458,-0.008641,0.008567,0.026999,-1.189383,0.000976
11357.322090,199170,25,2,-0.000000,-0.000076,-0.000000,0.011182,-0.018944,0.019557,0.038502,-224515313.382392,-0.009692,0.009649,0.019478,-1.196045,0.000976
14895.035220,199160,25,2,0.000000,-0.000091,0.000000,0.012622,-0.021395,0.022085,0.043480,807799156.268343,-0.010889,0.010870,0.020813,-1.193651,0.000976
19347.398800,199170,25,2,0.000000,-0.000096,0.000000,0.014260,-0.024145,0.024942,0.049087,304208315.531152,-0.012361,0.012291,0.021685,-1.194953,0.000976
25348.517630,199170,25,2,0.000000,-0.000088,0.000000,0.016003,-0.027126,0.027949,0.055075,195080018.500296,-0.013843,0.013779,0.017517,-1.194947,0.000976
32519.816620,199170,25,2,0.000000,-0.000107,0.000000,0.017840,-0.030227,0.031196,0.061422,480729539.708379,-0.015440,0.015378,0.019747,-1.194046,0.000976
42328.563670,199160,25,2,0.000000,-0.000132,0.000000,0.020090,-0.034028,0.035073,0.069102,1028632356.667061,-0.017366,0.017288,0.018492,-1.195382,0.000976
54839.269980,199160,25,2,0.000000,-0.000135,0.000000,0.022367,-0.037881,0.039003,0.076884,7634582710.218316,-0.019334,0.019268,0.017630,-1.197109,0.000976
70785.823170,199160,25,2,-0.000000,-0.000115,-0.000000,0.025015,-0.042356,0.043639,0.085995,-474354152.215535,-0.021630,0.021539,0.018289,-1.195733,0.000976
94434.533460,199170,25,2,-0.000000,-0.000151,-0.000000,0.028339,-0.047976,0.049426,0.097402,-1160768316.292248,-0.024538,0.024438,0.017040,-1.195632,0.000976
120244.601900,199170,25,2,-0.000000,-0.000127,-0.000000,0.031619,-0.053567,0.055038,0.108605,-3597567567.738057,-0.027373,0.027217,0.014607,-1.196405,0.000976
156230.510500,199160,25,2,-0.000000,-0.000145,-0.000000,0.035511,-0.060101,0.061834,0.121935,-3305735921.808586,-0.030668,0.030612,0.017295,-1.196578,0.000976
206771.599800,199170,25,2,-0.000000,-0.000213,-0.000000,0.040023,-0.067746,0.069761,0.137506,-1322047461.626633,-0.034658,0.034538,0.016299,-1.195644,0.000976
349784.814800,199170,25,2,0.000000,-0.000230,0.000000,0.049964,-0.084469,0.087310,0.171779,2224507063.181740,-0.043169,0.042970,0.018985,-1.194418,0.000976
457801.744500,199170,25,2,0.000000,-0.000205,0.000000,0.056245,-0.095133,0.098254,0.193387,19198332808.072330,-0.048569,0.048315,0.018213,-1.193769,0.000976
778993.637800,199160,25,2,0.000000,-0.000414,0.000000,0.071007,-0.120010,0.123867,0.243877,10387288913.676819,-0.061430,0.061179,0.018341,-1.194846,0.000976
1017906.078000,199160,25,2,0.000000,-0.000405,0.000000,0.079531,-0.134568,0.138566,0.273134,40721297608.232193,-0.068781,0.068644,0.016383,-1.195661,0.000976
5385.119702,224180,25,2,0.000000,-0.000040,0.000000,0.007068,-0.011962,0.012425,0.024388,53221307.501697,-0.006126,0.006069,0.023106,-1.191842,0.000976
6701.869560,224180,25,2,0.000000,-0.000063,0.000000,0.007846,-0.013265,0.013802,0.027068,58217459.573070,-0.006798,0.006753,0.026188,-1.192169,0.000976
8647.374921,224180,25,2,-0.000000,-0.000063,-0.000000,0.008825,-0.014894,0.015529,0.030422,-1807293968.285767,-0.007637,0.007573,0.026103,-1.192368,0.000976
11245.260470,224180,25,2,0.000000,-0.000081,0.000000,0.009861,-0.016681,0.017242,0.033923,593958618.835848,-0.008542,0.008492,0.019116,-1.196594,0.000976
14643.255420,224180,25,2,0.000000,-0.000072,0.000000,0.011122,-0.018818,0.019448,0.038266,438045726.182956,-0.009642,0.009575,0.018792,-1.195227,0.000976
24490.693730,224180,25,2,0.000000,-0.000062,0.000000,0.014068,-0.023829,0.024539,0.048368,2915811557590501.500000,-0.012196,0.012125,0.014980,-1.196690,0.000976
31358.217460,224180,25,2,-0.000000,-0.000100,-0.000000,0.015733,-0.026614,0.027481,0.054095,-671263773.509261,-0.013633,0.013538,0.017360,-1.195770,0.000976
40739.821730,224180,25,2,0.000000,-0.000135,0.000000,0.017682,-0.029913,0.030886,0.060800,18106765619.605827,-0.015318,0.015213,0.019043,-1.195604,0.000976
52971.415440,224180,25,2,-0.000000,-0.000129,-0.000000,0.019693,-0.033336,0.034317,0.067652,-746861407.331481,-0.017062,0.016964,0.016183,-1.196939,0.000976
67690.991980,224180,25,2,0.000000,-0.000136,0.000000,0.022026,-0.037236,0.038416,0.075652,395699440.266957,-0.019102,0.018954,0.017295,-1.196576,0.000976
115482.345500,224180,25,2,0.000000,-0.000115,0.000000,0.027848,-0.047087,0.048422,0.095509,452634604.384825,-0.024174,0.024008,0.013353,-1.199065,0.000976
148187.002100,224170,25,2,0.000000,-0.000128,0.000000,0.031341,-0.052968,0.054546,0.107514,916959281.382135,-0.027100,0.027084,0.015329,-1.197595,0.000976
193713.748600,224180,25,2,-0.000000,-0.000098,-0.000000,0.035207,-0.059473,0.061297,0.120770,-456355182.019059,-0.030412,0.030305,0.015395,-1.197671,0.000976
250268.766900,224180,25,2,0.000000,-0.000198,0.000000,0.039074,-0.065983,0.068204,0.134187,1081400487.935987,-0.033761,0.033649,0.017222,-1.195751,0.000976
427617.458100,224180,25,2,-0.000000,-0.000223,-0.000000,0.049566,-0.083605,0.086474,0.170078,-1812688480.444146,-0.042858,0.042707,0.017519,-1.197133,0.000976
559054.747300,224180,25,2,0.000000,-0.000266,0.000000,0.055691,-0.094005,0.097159,0.191164,1839588340.103019,-0.048139,0.048007,0.017581,-1.196576,0.000976
726569.982100,224180,25,2,0.000000,-0.000347,0.000000,0.062506,-0.105417,0.108976,0.214393,32003132028.464745,-0.054059,0.053866,0.017419,-1.196595,0.000976
949514.627900,224190,25,2,-0.000000,-0.000187,-0.000000,0.070023,-0.118252,0.121950,0.240202,-11950694823.066442,-0.060706,0.060369,0.014173,-1.197006,0.000976
6957.920732,251230,25,2,-0.000000,-0.000055,-0.000000,0.007127,-0.012030,0.012527,0.024557,-50332154.228182,-0.006179,0.006114,0.023850,-1.192671,0.000976
8808.786164,251220,25,2,-0.000000,-0.000071,-0.000000,0.007966,-0.013447,0.013999,0.027446,-543778520.591295,-0.006881,0.006848,0.024772,-1.192846,0.000976
11483.234750,251220,25,2,0.000000,-0.000055,0.000000,0.008923,-0.015097,0.015601,0.030698,326343531.730427,-0.007702,0.007688,0.018252,-1.195157,0.000976
24949.145900,251220,25,2,0.000000,-0.000072,0.000000,0.012735,-0.021556,0.022207,0.043763,3260134052.995477,-0.011033,0.010958,0.015383,-1.196391,0.000976
31478.244110,251220,25,2,0.000000,-0.000103,0.000000,0.014237,-0.024045,0.024868,0.048912,177789365.688049,-0.012311,0.012284,0.018906,-1.196653,0.000976
41091.954880,251230,25,2,-0.000000,-0.000086,-0.000000,0.016039,-0.027075,0.028001,0.055075,-529809653.111121,-0.013897,0.013808,0.018116,-1.197319,0.000976
53193.740750,251230,25,2,-0.000000,-0.000060,-0.000000,0.017866,-0.030203,0.031126,0.061329,-4573812487.172622,-0.015460,0.015390,0.013687,-1.197273,0.000976
67880.201880,251230,25,2,0.000000,-0.000097,0.000000,0.019961,-0.033705,0.034810,0.068516,817600978.129082,-0.017284,0.017177,0.016835,-1.196912,0.000976
89039.525330,251220,25,2,-0.000000,-0.000103,-0.000000,0.022601,-0.038181,0.039314,0.077495,-609039603.363462,-0.019524,0.019504,0.013140,-1.198323,0.000976
113820.474800,251220,25,2,-0.000000,-0.000104,-0.000000,0.025207,-0.042574,0.043786,0.086360,-661835511.324410,-0.021794,0.021795,0.012577,-1.199998,0.000976
191506.869200,251230,25,2,-0.000000,-0.000119,-0.000000,0.031945,-0.053886,0.055580,0.109466,-2516277524.055208,-0.027715,0.027496,0.013892,-1.198345,0.000976
318524.185700,251220,25,2,0.000000,-0.000125,0.000000,0.039819,-0.067139,0.069529,0.136669,2038744676.389731,-0.034463,0.034237,0.016625,-1.195515,0.000976
416754.396300,251230,25,2,-0.000000,-0.000273,-0.000000,0.044877,-0.075576,0.078277,0.153853,-919076739.716517,-0.038770,0.038687,0.017728,-1.197391,0.000976
922254.630200,251230,25,2,0.000000,-0.000181,0.000000,0.063435,-0.106888,0.110400,0.217288,4639839646.394567,-0.054845,0.054721,0.014375,-1.197977,0.000976
7131.340313,282490,25,2,-0.000000,-0.000057,-0.000000,0.006396,-0.010786,0.011246,0.022032,-52817675.285633,-0.005531,0.005509,0.023907,-1.192948,0.000976
9116.476111,282490,25,2,-0.000000,-0.000063,-0.000000,0.007180,-0.012097,0.012617,0.024713,-222785168.098185,-0.006211,0.006182,0.023697,-1.193649,0.000976
11764.414420,282490,25,2,-0.000000,-0.000046,-0.000000,0.008025,-0.013553,0.014029,0.027582,-8217289677.300250,-0.006940,0.006898,0.017650,-1.196171,0.000976
15132.660050,282490,25,2,0.000000,-0.000052,0.000000,0.009047,-0.015278,0.015800,0.031078,243786799.934996,-0.007826,0.007794,0.017396,-1.197429,0.000976
19578.406830,282490,25,2,0.000000,-0.000045,0.000000,0.010206,-0.017249,0.017805,0.035054,3483755429.505292,-0.008827,0.008781,0.014497,-1.197360,0.000976
32105.325750,282490,25,2,-0.000000,-0.000076,-0.000000,0.012806,-0.021606,0.022355,0.043960,-3278396753.028971,-0.011079,0.011028,0.016366,-1.197549,0.000976
40917.797760,282490,25,2,0.000000,-0.000093,0.000000,0.014403,-0.024312,0.025119,0.049431,171491139.462858,-0.012469,0.012399,0.015978,-1.197798,0.000976
67650.580580,282490,25,2,-0.000000,-0.000080,-0.000000,0.017971,-0.030299,0.031288,0.061587,-171981496.278510,-0.015542,0.015486,0.014320,-1.198983,0.000976
88626.616700,282480,25,2,-0.000000,-0.000063,-0.000000,0.020326,-0.034237,0.035366,0.069603,-2312670634.133820,-0.017618,0.017563,0.014123,-1.198945,0.000976
112581.593500,282490,25,2,0.000000,-0.000100,0.000000,0.022643,-0.038190,0.039337,0.077527,4637365226.770425,-0.019617,0.019519,0.012132,-1.199905,0.000976
146015.977000,282490,25,2,0.000000,-0.000113,0.000000,0.025497,-0.042953,0.044333,0.087286,1374140022.938761,-0.022110,0.021975,0.012396,-1.200059,0.000976
186883.182600,282490,25,2,0.000000,-0.000087,0.000000,0.028701,-0.048308,0.049881,0.098190,3673720578.699658,-0.024909,0.024839,0.012696,-1.200616,0.000976
238615.256200,282500,25,2,-0.000000,-0.000232,-0.000000,0.031767,-0.053486,0.055408,0.108894,-2957197529.069966,-0.027468,0.027398,0.016069,-1.196220,0.000976
310849.462800,282490,25,2,-0.000000,-0.000165,-0.000000,0.035794,-0.060178,0.062388,0.122567,-1110692884.188294,-0.030965,0.030902,0.016199,-1.199585,0.000976
406710.763600,282490,25,2,-0.000000,-0.000175,-0.000000,0.040348,-0.067808,0.070349,0.138157,-10329143927.962967,-0.034970,0.034802,0.015839,-1.199158,0.000976
528596.220700,282490,25,2,0.000000,-0.000254,0.000000,0.045325,-0.076096,0.079048,0.155144,23206528025.473495,-0.039228,0.039066,0.018047,-1.198849,0.000976
894881.522000,282480,25,2,0.000000,-0.000196,0.000000,0.057020,-0.095914,0.099132,0.195046,2013407547.775859,-0.049321,0.049242,0.012162,-1.198955,0.000976
11797.231760,316470,25,2,-0.000000,-0.000029,-0.000000,0.007123,-0.012012,0.012442,0.024454,-110521601.749675,-0.006155,0.006127,0.015898,-1.196504,0.000976
15246.849770,316470,25,2,-0.000000,-0.000037,-0.000000,0.008031,-0.013539,0.014016,0.027555,-228424742.038006,-0.006940,0.006915,0.015092,-1.197770,0.000976
19653.607950,316460,25,2,-0.000000,-0.000053,-0.000000,0.009076,-0.015305,0.015826,0.031131,-774498329.608680,-0.007853,0.007839,0.014765,-1.198530,0.000976
25351.606940,316470,25,2,-0.000000,-0.000028,-0.000000,0.010191,-0.017177,0.017754,0.034931,-165652113.154156,-0.008842,0.008790,0.012807,-1.199361,0.000976
32051.454530,316470,25,2,0.000000,-0.000051,0.000000,0.011395,-0.019186,0.019867,0.039052,191286224.287951,-0.009859,0.009814,0.014915,-1.198301,0.000976
41017.715350,316460,25,2,-0.000000,-0.000019,-0.000000,0.012801,-0.021579,0.022289,0.043867,-182056149.918465,-0.011096,0.011065,0.013009,-1.199847,0.000976
51862.150400,316460,25,2,0.000000,-0.000058,0.000000,0.014206,-0.023967,0.024716,0.048683,1322404669.373503,-0.012315,0.012250,0.012107,-1.199593,0.000976
86357.059200,316470,25,2,0.000000,-0.000086,0.000000,0.018024,-0.030342,0.031312,0.061653,838918041.428680,-0.015584,0.015545,0.012776,-1.200238,0.000976
110223.787700,316470,25,2,0.000000,-0.000063,0.000000,0.020133,-0.033888,0.034972,0.068860,337974188.197497,-0.017404,0.017360,0.011699,-1.199656,0.000976
142256.689600,316460,25,2,-0.000000,-0.000052,-0.000000,0.022645,-0.038080,0.039368,0.077448,-966198533.652117,-0.019633,0.019572,0.012764,-1.200268,0.000976
185012.571300,316460,25,2,0.000000,-0.000034,0.000000,0.025537,-0.042898,0.044374,0.087272,523003850.880802,-0.022139,0.022068,0.012015,-1.200105,0.000976
231347.222300,316460,25,2,-0.000000,-0.000139,-0.000000,0.028281,-0.047492,0.049262,0.096753,-762102996.900345,-0.024447,0.024368,0.015038,-1.199177,0.000976
300655.235700,316470,25,2,0.000000,-0.000136,0.000000,0.031860,-0.053434,0.055548,0.108982,4078107571.314652,-0.027612,0.027506,0.016920,-1.198520,0.000976
390932.566200,316460,25,2,0.000000,-0.000159,0.000000,0.035852,-0.060174,0.062450,0.122624,1668765171.591868,-0.030969,0.030896,0.014912,-1.198617,0.000976
507061.623700,316460,25,2,-0.000000,-0.000227,-0.000000,0.040201,-0.067385,0.070069,0.137454,-3742345365.253681,-0.034765,0.034706,0.015928,-1.199188,0.000976
656005.436700,316470,25,2,-0.000000,-0.000115,-0.000000,0.045182,-0.075760,0.078591,0.154351,-1321895029.577535,-0.039190,0.038950,0.014375,-1.199944,0.000976
853420.773100,316460,25,2,-0.000000,-0.000200,-0.000000,0.050658,-0.084935,0.088035,0.172970,-12968417304.660685,-0.043849,0.043765,0.012618,-1.201101,0.000976
11979.429650,354580,25,2,0.000000,-0.000029,0.000000,0.006262,-0.010546,0.010934,0.021480,712490279.791592,-0.005425,0.005395,0.014586,-1.196849,0.000976
15422.802720,354590,25,2,-0.000000,-0.000028,-0.000000,0.007060,-0.011873,0.012334,0.024207,-180747742.417727,-0.006119,0.006092,0.015566,-1.197516,0.000976
19791.737150,354590,25,2,0.000000,-0.000035,0.000000,0.007979,-0.013414,0.013910,0.027324,181573138.448292,-0.006908,0.006893,0.015721,-1.199115,0.000976
25299.319280,354590,25,2,0.000000,-0.000011,0.000000,0.008926,-0.015037,0.015550,0.030588,1015583292.028251,-0.007719,0.007701,0.011180,-1.198455,0.000976
31850.473550,354590,25,2,0.000000,-0.000037,0.000000,0.009979,-0.016782,0.017403,0.034185,1021870338.313138,-0.008643,0.008622,0.014204,-1.198425,0.000976
40620.836110,354580,25,2,-0.000000,-0.000043,-0.000000,0.011227,-0.018881,0.019548,0.038429,-638701941.681981,-0.009710,0.009682,0.013499,-1.200124,0.000976
51709.133520,354580,25,2,0.000000,-0.000042,0.000000,0.012495,-0.021045,0.021705,0.042751,581585196.056308,-0.010828,0.010780,0.009350,-1.199185,0.000976
65261.656090,354590,25,2,-0.000000,-0.000042,-0.000000,0.013973,-0.023486,0.024289,0.047774,-246688207.568227,-0.012113,0.012068,0.011139,-1.199896,0.000976
84492.534840,354590,25,2,-0.000000,-0.000079,-0.000000,0.015826,-0.026540,0.027523,0.054062,-205137131.278493,-0.013732,0.013664,0.013421,-1.201285,0.000976
107426.429500,354590,25,2,-0.000000,-0.000044,-0.000000,0.017661,-0.029648,0.030649,0.060297,-328817534.719384,-0.015333,0.015261,0.010304,-1.201779,0.000976
137756.455300,354590,25,2,0.000000,-0.000079,0.000000,0.019818,-0.033257,0.034410,0.067667,349888450.310292,-0.017189,0.017109,0.010889,-1.201241,0.000976
178332.449600,354590,25,2,0.000000,-0.000096,0.000000,0.022371,-0.037472,0.038839,0.076311,848429006.777739,-0.019344,0.019309,0.011854,-1.202059,0.000976
226139.984000,354590,25,2,0.000000,-0.000060,0.000000,0.024801,-0.041470,0.043179,0.084650,819240514.412427,-0.021485,0.021384,0.015746,-1.202325,0.000976
287804.494400,354590,25,2,0.000000,-0.000061,0.000000,0.027856,-0.046627,0.048526,0.095153,1782754257.315833,-0.024123,0.024068,0.015560,-1.200511,0.000976
374001.585500,354590,25,2,0.000000,-0.000116,0.000000,0.031431,-0.052566,0.054728,0.107294,4597977357.930069,-0.027201,0.027175,0.015012,-1.200542,0.000976
482916.079500,354590,25,2,-0.000000,-0.000143,-0.000000,0.035272,-0.058963,0.061431,0.120394,-681484364.996622,-0.030511,0.030480,0.016085,-1.200091,0.000976
622421.669600,354590,25,2,-0.000000,-0.000166,-0.000000,0.039556,-0.066097,0.068782,0.134879,-5786443275.483501,-0.034284,0.034186,0.015160,-1.201908,0.000976
808512.760700,354590,25,2,0.000000,-0.000136,0.000000,0.044416,-0.074247,0.077120,0.151367,9096539737.394793,-0.038518,0.038389,0.011658,-1.202442,0.000976
20823.731680,396800,25,2,-0.000000,-0.000028,-0.000000,0.007364,-0.012391,0.012822,0.025213,-167572781.917352,-0.006383,0.006347,0.011341,-1.198484,0.000976
26430.842790,396800,25,2,0.000000,-0.000037,0.000000,0.008259,-0.013871,0.014387,0.028258,704751645.680531,-0.007149,0.007123,0.013775,-1.199704,0.000976
33106.503510,396800,25,2,0.000000,-0.000015,0.000000,0.009214,-0.015485,0.016055,0.031540,230115199.842726,-0.007964,0.007936,0.013301,-1.198726,0.000976
42765.957200,396800,25,2,-0.000000,-0.000031,-0.000000,0.010425,-0.017468,0.018155,0.035623,-111202006.973540,-0.009031,0.008986,0.014555,-1.200738,0.000976
54157.243390,396800,25,2,0.000000,-0.000015,0.000000,0.011580,-0.019423,0.020137,0.039560,182434387.593880,-0.010026,0.009980,0.012623,-1.201058,0.000976
67913.240240,396800,25,2,0.000000,-0.000011,0.000000,0.012937,-0.021711,0.022468,0.044179,358052696.621074,-0.011212,0.011184,0.009853,-1.200567,0.000976
87832.679680,396800,25,2,-0.000000,-0.000021,-0.000000,0.014629,-0.024509,0.025395,0.049904,-440599472.841200,-0.012669,0.012660,0.010893,-1.201221,0.000976
111566.679200,396800,25,2,0.000000,0.000000,0.000000,0.016339,-0.027392,0.028293,0.055685,1859031684.769348,-0.014147,0.014103,0.007285,-1.202677,0.000976
183078.676100,396800,25,2,0.000000,-0.000062,0.000000,0.020647,-0.034532,0.035795,0.070327,384413698.629434,-0.017896,0.017862,0.011149,-1.203079,0.000976
232622.260100,396800,25,2,-0.000000,-0.000074,-0.000000,0.022910,-0.038287,0.039825,0.078111,-558562253.951130,-0.019890,0.019772,0.012182,-1.201943,0.000976
297754.729100,396800,25,2,0.000000,-0.000032,0.000000,0.025756,-0.043040,0.044793,0.087833,549470953.295632,-0.022277,0.022294,0.013441,-1.201363,0.000976
382391.358200,396800,25,2,0.000000,-0.000038,0.000000,0.029007,-0.048436,0.050404,0.098839,645711674.173457,-0.025095,0.025090,0.012007,-1.202424,0.000976
492775.992100,396800,25,2,0.000000,-0.000106,0.000000,0.032569,-0.054322,0.056678,0.111000,1961816709.041665,-0.028163,0.028130,0.015752,-1.200201,0.000976
633806.277800,396790,25,2,0.000000,-0.000152,0.000000,0.036570,-0.061001,0.063476,0.124477,5349646046.728896,-0.031674,0.031609,0.013271,-1.201753,0.000976
20175.608050,446400,25,2,0.000000,-0.000012,0.000000,0.006212,-0.010414,0.010821,0.021234,135335106.011439,-0.005384,0.005361,0.014309,-1.200542,0.000976
25735.805890,446410,25,2,-0.000000,-0.000001,-0.000000,0.007006,-0.011726,0.012193,0.023919,-149455852.532976,-0.006081,0.006055,0.010992,-1.200772,0.000976
31984.257980,446410,25,2,-0.000000,-0.000014,-0.000000,0.007781,-0.013055,0.013538,0.026592,-71141038.012474,-0.006724,0.006715,0.010361,-1.200563,0.000976
40756.627150,446410,25,2,-0.000000,-0.000015,-0.000000,0.008780,-0.014710,0.015270,0.029979,-1284376631.197498,-0.007614,0.007586,0.011498,-1.201663,0.000976
51314.630640,446410,25,2,-0.000000,-0.000015,-0.000000,0.009756,-0.016354,0.016947,0.033301,-217187289.081087,-0.008443,0.008424,0.010131,-1.201124,0.000976
65316.527100,446410,25,2,-0.000000,-0.000033,-0.000000,0.010977,-0.018325,0.019067,0.037392,-181297564.874345,-0.009518,0.009487,0.012221,-1.202970,0.000976
85181.425100,446410,25,2,-0.000000,-0.000005,-0.000000,0.012449,-0.020787,0.021602,0.042389,-637364218.105363,-0.010777,0.010762,0.009579,-1.202162,0.000976
107135.068800,446400,25,2,0.000000,-0.000035,0.000000,0.013858,-0.023154,0.024026,0.047180,295630986.414207,-0.012013,0.011961,0.009641,-1.203163,0.000976
136699.734300,446410,25,2,0.000000,-0.000014,0.000000,0.015582,-0.025989,0.027017,0.053007,279929786.057719,-0.013517,0.013460,0.008806,-1.204511,0.000976
175226.174000,446400,25,2,0.000000,-0.000019,0.000000,0.017556,-0.029237,0.030468,0.059705,946155475.868815,-0.015190,0.015185,0.011380,-1.202679,0.000976
220469.057900,446410,25,2,-0.000000,-0.000065,-0.000000,0.019427,-0.032356,0.033837,0.066193,-1047015531.367474,-0.016840,0.016775,0.015340,-1.200647,0.000976
282815.632700,446410,25,2,-0.000000,-0.000060,-0.000000,0.021908,-0.036441,0.038131,0.074572,-801195073.615325,-0.019017,0.018913,0.014571,-1.201905,0.000976
361585.155900,446410,25,2,-0.000000,-0.000058,-0.000000,0.024700,-0.041053,0.042943,0.083997,-1686214114.619600,-0.021398,0.021318,0.013733,-1.202937,0.000976
462955.598800,446410,25,2,0.000000,-0.000066,0.000000,0.027696,-0.046005,0.048157,0.094162,7090184114.233441,-0.024049,0.023903,0.014012,-1.201766,0.000976
762006.705100,446410,25,2,0.000000,-0.000044,0.000000,0.034799,-0.057789,0.060377,0.118167,1319771165.135915,-0.030131,0.030049,0.011152,-1.203508,0.000976
15191.423410,56180,25,2,-0.000000,-0.000176,-0.000000,0.034802,-0.059530,0.060607,0.120137,-8909357434.377787,-0.030176,0.029999,0.013411,-1.197359,0.000976
20265.756170,56180,25,2,-0.000000,-0.000201,-0.000000,0.039365,-0.067326,0.068589,0.135915,-1612378826.273880,-0.034136,0.033918,0.013801,-1.197561,0.000976
27863.555810,56180,25,2,0.000000,-0.000125,0.000000,0.044969,-0.076975,0.078286,0.155261,1001056100.339107,-0.038969,0.038785,0.011888,-1.197511,0.000976
60186.660770,56180,25,2,-0.000000,-0.000173,-0.000000,0.062719,-0.107434,0.109078,0.216512,-1310701464.749720,-0.054323,0.054136,0.010358,-1.197598,0.000976
104361.298500,56180,25,2,0.000000,-0.000363,0.000000,0.079607,-0.136166,0.138507,0.274674,2145197600.475942,-0.068881,0.068683,0.014094,-1.197141,0.000976
138577.111100,56180,25,2,-0.000000,-0.000192,-0.000000,0.089911,-0.153972,0.156217,0.310189,-46034802017.814064,-0.077764,0.077635,0.010955,-1.197387,0.000976
182400.288800,56180,25,2,0.000000,-0.000238,0.000000,0.101345,-0.173476,0.176011,0.349486,4941782863.248050,-0.087682,0.087553,0.011575,-1.198151,0.000976
234166.756000,56180,25,2,0.000000,-0.000164,0.000000,0.112640,-0.192947,0.195552,0.388499,23068678665.097530,-0.097372,0.097361,0.010531,-1.197789,0.000976
307399.109100,56180,25,2,-0.000000,-0.000173,-0.000000,0.126676,-0.217079,0.219916,0.436995,-18531002586.621040,-0.109453,0.109546,0.010039,-1.197653,0.000976
399958.857800,56180,25,2,-0.000000,-0.000154,-0.000000,0.142404,-0.244035,0.247225,0.491260,-8101201546.457330,-0.123124,0.123051,0.009777,-1.197877,0.000976
516526.305200,56180,25,2,-0.000000,-0.000000,-0.000000,0.158164,-0.271185,0.274118,0.545303,-5061248160.424817,-0.136795,0.136683,0.007842,-1.198980,0.000976
11757.528390,70800,25,2,0.000000,-0.000091,0.000000,0.027598,-0.047318,0.048212,0.095531,376810818.583349,-0.023872,0.023729,0.012196,-1.194007,0.000976
15756.919200,70800,25,2,-0.000000,-0.000072,-0.000000,0.031242,-0.053555,0.054588,0.108143,-1390937669.570616,-0.027017,0.026857,0.012032,-1.193784,0.000976
21192.928170,70800,25,2,0.000000,-0.000106,0.000000,0.035714,-0.061212,0.062362,0.123574,2151228228.355468,-0.030883,0.030713,0.011909,-1.193970,0.000976
28363.354300,70800,25,2,-0.000000,-0.000083,-0.000000,0.040262,-0.069063,0.070254,0.139316,-2425185704.903165,-0.034780,0.034646,0.010736,-1.193818,0.000976
36201.937710,70800,25,2,-0.000000,-0.000050,-0.000000,0.044488,-0.076334,0.077622,0.153956,-843618989.137978,-0.038426,0.038304,0.010099,-1.193793,0.000976
47042.416270,70800,25,2,-0.000000,-0.000120,-0.000000,0.049873,-0.085530,0.087035,0.172565,-895969423.861524,-0.043112,0.042920,0.011064,-1.194383,0.000976
62195.870170,70800,25,2,-0.000000,-0.000110,-0.000000,0.056162,-0.096328,0.098005,0.194333,-14377496381.928143,-0.048525,0.048338,0.010859,-1.193940,0.000976
82415.348850,70800,25,2,-0.000000,-0.000182,-0.000000,0.063291,-0.108392,0.110363,0.218755,-1322649911.466069,-0.054705,0.054533,0.013443,-1.195233,0.000976
108854.859300,70800,25,2,0.000000,-0.000197,0.000000,0.071425,-0.122306,0.124435,0.246741,2708844136.492784,-0.061722,0.061609,0.012592,-1.195916,0.000976
143589.474400,70800,25,2,0.000000,-0.000005,0.000000,0.080417,-0.137904,0.139942,0.277846,9149636758.995281,-0.069589,0.069415,0.009931,-1.195721,0.000976
183563.766900,70800,25,2,0.000000,0.000000,0.000000,0.089273,-0.153131,0.155295,0.308427,6094346932.776355,-0.077236,0.077047,0.009245,-1.195647,0.000976
240938.297200,70800,25,2,-0.000000,-0.000095,-0.000000,0.100492,-0.172349,0.174889,0.347237,-2338728188.520915,-0.086880,0.086694,0.009951,-1.195523,0.000976
316780.710200,70800,25,2,0.000000,-0.000050,0.000000,0.113095,-0.193883,0.196759,0.390642,4136040443.965532,-0.097829,0.097658,0.010025,-1.196302,0.000976
408291.597300,70790,25,2,0.000000,-0.000116,0.000000,0.125637,-0.215354,0.218387,0.433741,64325042830.180313,-0.108659,0.108330,0.009430,-1.196768,0.000976
535420.648200,70810,25,2,0.000000,-0.000239,0.000000,0.141584,-0.242989,0.246061,0.489050,11152470366.022360,-0.122401,0.121986,0.007407,-1.196041,0.000976
696924.354100,70800,25,2,0.000000,-0.000140,0.000000,0.158906,-0.272710,0.275908,0.548619,40680294581.490005,-0.137733,0.137131,0.007150,-1.196731,0.000976
10118.784210,79440,25,2,-0.000000,-0.000089,-0.000000,0.024648,-0.042184,0.043010,0.085194,-1484663030.743567,-0.021302,0.021198,0.013589,-1.193396,0.000976
13582.258920,79430,25,2,-0.000000,-0.000090,-0.000000,0.027903,-0.047733,0.048712,0.096445,-328426379.656179,-0.024169,0.023988,0.014426,-1.192691,0.000976
24610.274160,79440,25,2,0.000000,-0.000075,0.000000,0.035871,-0.061441,0.062545,0.123986,2623681967.555058,-0.030963,0.030890,0.012130,-1.193205,0.000976
31707.805600,79430,25,2,0.000000,-0.000075,0.000000,0.039645,-0.067959,0.069054,0.137013,3383077965.123919,-0.034253,0.034097,0.010482,-1.192902,0.000976
41217.537770,79430,25,2,-0.000000,-0.000126,-0.000000,0.044428,-0.076127,0.077437,0.153565,-1109626267.941034,-0.038420,0.038169,0.011307,-1.192615,0.000976
54633.157610,79430,25,2,-0.000000,-0.000119,-0.000000,0.050013,-0.085702,0.087139,0.172841,-25607021955.855621,-0.043242,0.042980,0.010893,-1.192960,0.000976
96096.131240,79440,25,2,-0.000000,-0.000061,-0.000000,0.063557,-0.108793,0.110581,0.219374,-1227966887.570374,-0.055059,0.054847,0.012369,-1.195045,0.000976
127269.752400,79440,25,2,-0.000000,-0.000132,-0.000000,0.071606,-0.122633,0.124445,0.247077,-5237481194.619459,-0.062049,0.061657,0.010760,-1.195918,0.000976
163617.411600,79440,25,2,0.000000,-0.000151,0.000000,0.079674,-0.136513,0.138473,0.274986,2147012505.854436,-0.069029,0.068579,0.010085,-1.195169,0.000976
215056.758100,79430,25,2,-0.000000,-0.000165,-0.000000,0.089607,-0.153478,0.155676,0.309154,-13108254329.532473,-0.077400,0.077274,0.010917,-1.195246,0.000976
363848.884100,79440,25,2,-0.000000,-0.000204,-0.000000,0.111896,-0.191716,0.194384,0.386100,-10416437647.901918,-0.096889,0.096372,0.009426,-1.195160,0.000976
813158.476700,79440,25,2,0.000000,-0.000254,0.000000,0.158749,-0.272206,0.275225,0.547431,81280316766.148422,-0.137366,0.136750,0.007488,-1.196005,0.000976
8772.376872,89200,25,2,0.000000,-0.000049,0.000000,0.021887,-0.037441,0.038129,0.075570,22412126899.930386,-0.018944,0.018821,0.013203,-1.192196,0.000976
11782.029110,89200,25,2,-0.000000,-0.000073,-0.000000,0.024769,-0.042341,0.043195,0.085536,-551374198.906007,-0.021434,0.021262,0.014726,-1.191290,0.000976
16286.274660,89200,25,2,0.000000,-0.000064,0.000000,0.028270,-0.048351,0.049257,0.097608,474559657.822955,-0.024483,0.024293,0.013601,-1.191865,0.000976
21906.142850,89200,25,2,0.000000,-0.000039,0.000000,0.031915,-0.054599,0.055574,0.110173,2325831797623936.000000,-0.027652,0.027449,0.012559,-1.192209,0.000976
27636.918600,89200,25,2,-0.000000,-0.000004,-0.000000,0.035275,-0.060386,0.061397,0.121783,-12040543342.793863,-0.030531,0.030364,0.011522,-1.192045,0.000976
64281.125550,89200,25,2,-0.000000,-0.000098,-0.000000,0.050163,-0.085692,0.087205,0.172897,-1510792233.934559,-0.043433,0.043262,0.014338,-1.194160,0.000976
85521.193080,89200,25,2,0.000000,-0.000104,0.000000,0.056559,-0.096717,0.098205,0.194922,3048243943.577811,-0.048945,0.048811,0.012345,-1.194528,0.000976
112450.824700,89200,25,2,-0.000000,-0.000143,-0.000000,0.063710,-0.108920,0.110630,0.219550,-65235619910.427765,-0.055157,0.054947,0.012558,-1.194552,0.000976
191022.815700,89200,25,2,-0.000000,-0.000231,-0.000000,0.079651,-0.136311,0.138173,0.274484,-4078135094.107673,-0.068900,0.068653,0.010408,-1.194651,0.000976
250757.281200,89200,25,2,0.000000,-0.000320,0.000000,0.089586,-0.153312,0.155475,0.308787,5733518866.053203,-0.077499,0.077164,0.010962,-1.194452,0.000976
324463.449000,89200,25,2,0.000000,-0.000278,0.000000,0.099481,-0.170229,0.172493,0.342722,8489033472.954813,-0.086024,0.085644,0.010079,-1.194905,0.000976
430278.027500,89200,25,2,0.000000,-0.000202,0.000000,0.112349,-0.192350,0.194657,0.387007,115045714825.847137,-0.097127,0.096587,0.008796,-1.195102,0.000976
559790.712400,89200,25,2,-0.000000,-0.000207,-0.000000,0.126079,-0.215878,0.218337,0.434215,-11736794837.600094,-0.108903,0.108510,0.008460,-1.195265,0.000976
729330.276100,89200,25,2,0.000000,-0.000192,0.000000,0.141195,-0.241830,0.244317,0.486147,9638852180.030769,-0.122057,0.121572,0.007448,-1.195720,0.000976
954619.323000,89200,25,2,0.000000,-0.000246,0.000000,0.158832,-0.272013,0.274842,0.546855,81319243758.290039,-0.137309,0.136708,0.007601,-1.195696,0.000976
7316.289881,99910,25,2,-0.000000,-0.000062,-0.000000,0.019621,-0.033539,0.034190,0.067729,-4018464132.443779,-0.016935,0.016880,0.014495,-1.191831,0.000976
9882.490085,99910,25,2,0.000000,-0.000074,0.000000,0.022228,-0.037968,0.038780,0.076747,464514898.793277,-0.019197,0.019076,0.016021,-1.190689,0.000976
13983.801050,99910,25,2,-0.000000,-0.000065,-0.000000,0.025340,-0.043325,0.044144,0.087469,-5189566408.791034,-0.021863,0.021788,0.014377,-1.191395,0.000976
18666.304990,99910,25,2,0.000000,-0.000091,0.000000,0.028574,-0.048839,0.049764,0.098603,1044996079.606109,-0.024650,0.024585,0.014390,-1.191700,0.000976
31183.976670,99910,25,2,0.000000,-0.000091,0.000000,0.035436,-0.060610,0.061735,0.122345,625632753.247138,-0.030567,0.030461,0.013680,-1.190643,0.000976
41613.785460,99900,25,2,0.000000,-0.000163,0.000000,0.039968,-0.068326,0.069606,0.137931,5115908417.260060,-0.034538,0.034303,0.014190,-1.190646,0.000976
56241.750090,99900,25,2,-0.000000,-0.000115,-0.000000,0.044960,-0.076781,0.078090,0.154871,-1534636473.962299,-0.038875,0.038676,0.014053,-1.193548,0.000976
75101.697650,99910,25,2,0.000000,-0.000081,0.000000,0.050671,-0.086614,0.087988,0.174601,1789203493.485258,-0.043892,0.043562,0.013244,-1.194261,0.000976
99839.975160,99910,25,2,-0.000000,-0.000228,-0.000000,0.057136,-0.097670,0.099082,0.196752,-1194018509.365384,-0.049481,0.049162,0.011620,-1.195386,0.000976
128623.605600,99910,25,2,0.000000,-0.000213,0.000000,0.063444,-0.108527,0.110025,0.218552,3609271108.550153,-0.054918,0.054573,0.010769,-1.194592,0.000976
169092.438400,99910,25,2,0.000000,-0.000194,0.000000,0.071418,-0.122149,0.123922,0.246071,2216129467.646643,-0.061852,0.061356,0.011590,-1.194082,0.000976
223473.888800,99910,25,2,0.000000,-0.000269,0.000000,0.080314,-0.137301,0.139350,0.276652,1265259133.872466,-0.069559,0.069045,0.011848,-1.194508,0.000976
287916.853700,99910,25,2,-0.000000,-0.000358,-0.000000,0.089184,-0.152496,0.154663,0.307159,-3261580411.566325,-0.077202,0.076667,0.011366,-1.194426,0.000976
501697.502900,99900,25,2,0.000000,-0.000100,0.000000,0.113071,-0.193412,0.195677,0.389089,6093926576.350245,-0.097716,0.097303,0.009467,-1.195060,0.000976
656709.394800,99910,25,2,-0.000000,-0.000201,-0.000000,0.126440,-0.216398,0.218741,0.435139,-129473220624.605698,-0.109411,0.109014,0.008257,-1.195736,0.000976
6681.516782,112160,25,2,0.000000,-0.000085,0.000000,0.017418,-0.029771,0.030433,0.060205,775494273.138499,-0.015028,0.014947,0.015935,-1.190646,0.000976
8979.696481,112160,25,2,-0.000000,-0.000124,-0.000000,0.019726,-0.033696,0.034507,0.068202,-594087820.892115,-0.017018,0.016966,0.017939,-1.189783,0.000976
12635.385200,112170,25,2,0.000000,-0.000086,0.000000,0.022556,-0.038537,0.039388,0.077925,366621071.738815,-0.019507,0.019372,0.017063,-1.190131,0.000976
9516.315257,56190,50,2,-0.000000,-0.000213,-0.000000,0.031519,-0.053717,0.055410,0.109128,-16137314358.986584,-0.027302,0.027181,0.019978,-1.196550,0.000976
22278.134330,56190,50,2,0.000000,-0.000296,0.000000,0.044743,-0.076331,0.078417,0.154748,1992056317.984351,-0.038767,0.038603,0.019310,-1.195362,0.000976
70114.939510,56190,50,2,0.000000,-0.000429,0.000000,0.071153,-0.121300,0.124610,0.245910,24286800861.430859,-0.061682,0.061384,0.019629,-1.196935,0.000976
167677.223900,56180,50,2,-0.000000,-0.000653,-0.000000,0.100548,-0.171534,0.175281,0.346815,-1906686380.689153,-0.086931,0.086852,0.016534,-1.198887,0.000976
222761.285100,56180,50,2,0.000000,-0.000593,0.000000,0.112103,-0.191628,0.195335,0.386963,57397356434.581062,-0.096952,0.096720,0.014702,-1.196642,0.000976
296344.759700,56180,50,2,0.000000,-0.000567,0.000000,0.125992,-0.215313,0.219742,0.435055,2522134241408923.000000,-0.109082,0.108699,0.014625,-1.196766,0.000976
518131.119200,56190,50,2,0.000000,-0.000991,0.000000,0.156958,-0.267579,0.274829,0.542408,13393722991.518581,-0.135909,0.135117,0.018674,-1.196422,0.000976
2580.532563,70780,50,2,0.000000,-0.000070,0.000000,0.015602,-0.026651,0.027442,0.054093,275462810.122182,-0.013540,0.013432,0.018467,-1.193131,0.000976
3401.706415,70780,50,2,0.000000,-0.000065,0.000000,0.017602,-0.030076,0.030987,0.061063,514975555.164877,-0.015264,0.015143,0.017535,-1.190580,0.000976
7910.743154,70780,50,2,-0.000000,-0.000089,-0.000000,0.025060,-0.042820,0.044081,0.086902,-351528866.805599,-0.021738,0.021565,0.017269,-1.191364,0.000976
10472.366750,70780,50,2,-0.000000,-0.000107,-0.000000,0.028188,-0.048158,0.049572,0.097730,-7216088018.423154,-0.024441,0.024214,0.017996,-1.191791,0.000976
14170.439860,70780,50,2,-0.000000,-0.000147,-0.000000,0.031707,-0.054095,0.055482,0.109577,-612599217.756495,-0.027495,0.027293,0.018305,-1.196123,0.000976
33113.751620,70790,50,2,0.000000,-0.000265,0.000000,0.045065,-0.077079,0.078984,0.156063,1774877037.330811,-0.038974,0.038796,0.016903,-1.192583,0.000976
43224.382350,70790,50,2,-0.000000,-0.000229,-0.000000,0.050454,-0.086135,0.088421,0.174556,-12916325792.755846,-0.043716,0.043415,0.018543,-1.194358,0.000976
76722.179170,70780,50,2,-0.000000,-0.000032,-0.000000,0.063231,-0.108123,0.110420,0.218543,-9249748171.510218,-0.054861,0.054390,0.013044,-1.195031,0.000976
101065.148400,70790,50,2,0.000000,-0.000159,0.000000,0.070722,-0.121005,0.123645,0.244649,51160567376088880.000000,-0.061124,0.060836,0.012079,-1.193538,0.000976
240633.051300,70780,50,2,-0.000000,-0.000257,-0.000000,0.100465,-0.171583,0.175427,0.347011,-51437846381.352486,-0.087212,0.086430,0.015610,-1.196167,0.000976
323483.175600,70770,50,2,-0.000000,-0.000340,-0.000000,0.113167,-0.193391,0.197421,0.390811,-14485248288.479548,-0.097877,0.097657,0.013768,-1.195440,0.000976
422517.909500,70780,50,2,-0.000000,-0.000819,-0.000000,0.125117,-0.213531,0.219136,0.432668,-18302803489.492325,-0.108423,0.107807,0.018336,-1.193648,0.000976
563605.294200,70780,50,2,-0.000000,-0.000458,-0.000000,0.141134,-0.241217,0.247176,0.488392,-10323011437.245626,-0.122247,0.121237,0.015994,-1.191991,0.000976
73213.004750,112170,50,2,-0.000000,-0.000206,-0.000000,0.044845,-0.076477,0.078287,0.154764,-1996571754.388260,-0.038695,0.038488,0.016595,-1.192182,0.000976
295410.381200,112170,50,2,0.000000,-0.000672,0.000000,0.079426,-0.135284,0.138953,0.274237,2033300750.379496,-0.068556,0.068348,0.020445,-1.191011,0.000976
694108.389600,112170,50,2,-0.000000,-0.000802,-0.000000,0.113241,-0.192769,0.198109,0.390877,-6103121994.605042,-0.097814,0.097387,0.019030,-1.190539,0.000976
915842.334000,112170,50,2,-0.000000,-0.000824,-0.000000,0.127102,-0.216336,0.222123,0.438459,-14461511781.383787,-0.109866,0.109335,0.018436,-1.192083,0.000976
2213.649822,125890,50,2,0.000000,-0.000047,0.000000,0.008815,-0.015019,0.015528,0.030547,1504509969.984825,-0.007629,0.007560,0.022545,-1.186526,0.000976
2889.326587,125890,50,2,0.000000,-0.000075,0.000000,0.009929,-0.016901,0.017500,0.034401,80696853.993984,-0.008594,0.008513,0.025139,-1.186286,0.000976
8213.393135,125890,50,2,-0.000000,-0.000121,-0.000000,0.015882,-0.027023,0.027967,0.054990,-1251045379.165886,-0.013752,0.013628,0.024986,-1.186726,0.000976
10878.810820,125890,50,2,-0.000000,-0.000100,-0.000000,0.017844,-0.030381,0.031221,0.061603,-326295373.042268,-0.015450,0.015333,0.020036,-1.192584,0.000976
14300.778010,125900,50,2,-0.000000,-0.000089,-0.000000,0.020154,-0.034306,0.035295,0.069601,-261234077.125653,-0.017440,0.017315,0.020715,-1.191233,0.000976
18663.866800,125890,50,2,0.000000,-0.000133,0.000000,0.022705,-0.038686,0.039730,0.078416,11624868135.366480,-0.019639,0.019469,0.020007,-1.190465,0.000976
31608.188270,125890,50,2,0.000000,-0.000125,0.000000,0.028459,-0.048466,0.049724,0.098189,359775405.376794,-0.024650,0.024439,0.018378,-1.192727,0.000976
41487.090420,125890,50,2,-0.000000,-0.000133,-0.000000,0.032025,-0.054518,0.055992,0.110511,-2342381004.779423,-0.027750,0.027480,0.018883,-1.192058,0.000976
53830.046870,125890,50,2,-0.000000,-0.000189,-0.000000,0.035680,-0.060742,0.062302,0.123043,-1107152064.093228,-0.030892,0.030648,0.018919,-1.193383,0.000976
120281.503000,125880,50,2,-0.000000,-0.000216,-0.000000,0.050386,-0.085860,0.087626,0.173487,-5159545649.114915,-0.043492,0.043326,0.013957,-1.195043,0.000976
159097.576500,125890,50,2,-0.000000,-0.000239,-0.000000,0.056646,-0.096478,0.098797,0.195275,-58003264467.937706,-0.049056,0.048653,0.016582,-1.193308,0.000976
210718.816300,125890,50,2,-0.000000,-0.000254,-0.000000,0.063821,-0.108645,0.111317,0.219962,-9336155069.990660,-0.055292,0.054788,0.017712,-1.192632,0.000976
274881.863500,125890,50,2,-0.000000,-0.000343,-0.000000,0.070624,-0.120299,0.123442,0.243741,-3013288494.928636,-0.061088,0.060851,0.017312,-1.191493,0.000976
482113.329700,125890,50,2,0.000000,-0.000372,0.000000,0.089801,-0.152714,0.156974,0.309688,2419895879.099502,-0.077605,0.077286,0.017776,-1.192272,0.000976
638557.241000,125890,50,2,0.000000,-0.000680,0.000000,0.100727,-0.171288,0.176241,0.347529,25786096060.293877,-0.086872,0.086625,0.020145,-1.190732,0.000976
1103821.537000,125890,50,2,-0.000000,-0.000621,-0.000000,0.126844,-0.215807,0.221325,0.437132,-12988824009.698162,-0.109461,0.109247,0.016477,-1.192688,0.000976
2284.679550,141280,50,2,-0.000000,-0.000059,-0.000000,0.007722,-0.013141,0.013622,0.026763,-85944336.358194,-0.006661,0.006616,0.025017,-1.186305,0.000976
2952.023645,141290,50,2,-0.000000,-0.000049,-0.000000,0.008733,-0.014856,0.015398,0.030254,-241683464.828559,-0.007552,0.007486,0.025043,-1.185566,0.000976
3947.766710,141280,50,2,0.000000,-0.000071,0.000000,0.009985,-0.016997,0.017589,0.034585,262161284.246705,-0.008620,0.008553,0.024629,-1.186468,0.000976
5113.612355,141280,50,2,-0.000000,-0.000063,-0.000000,0.011191,-0.019058,0.019694,0.038753,-159164210.982811,-0.009658,0.009601,0.022016,-1.187175,0.000976
6403.582468,141280,50,2,0.000000,-0.000099,0.000000,0.012420,-0.021126,0.021902,0.043028,454219149.372184,-0.010733,0.010628,0.024958,-1.186478,0.000976
8260.233491,141280,50,2,0.000000,-0.000102,0.000000,0.013953,-0.023727,0.024589,0.048316,366354013.355012,-0.012052,0.011953,0.024607,-1.187187,0.000976
10799.472520,141280,50,2,-0.000000,-0.000079,-0.000000,0.015638,-0.026597,0.027364,0.053961,-242619255.898408,-0.013529,0.013462,0.018187,-1.193433,0.000976
18357.809030,141290,50,2,0.000000,-0.000150,0.000000,0.019923,-0.033899,0.034831,0.068729,474438923.036488,-0.017242,0.017109,0.019554,-1.192112,0.000976
23862.979930,141280,50,2,-0.000000,-0.000085,-0.000000,0.022319,-0.038005,0.038994,0.076999,-993679711.089332,-0.019279,0.019245,0.016631,-1.193547,0.000976
30258.893240,141290,50,2,0.000000,-0.000176,0.000000,0.024913,-0.042379,0.043550,0.085929,1962397991.090667,-0.021585,0.021398,0.019020,-1.193142,0.000976
51521.348300,141280,50,2,0.000000,-0.000130,0.000000,0.031248,-0.053209,0.054589,0.107798,2461363800.637425,-0.026992,0.026896,0.016742,-1.192197,0.000976
66588.933850,141270,50,2,-0.000000,-0.000248,-0.000000,0.034980,-0.059556,0.061149,0.120704,-2238745129.510787,-0.030247,0.030107,0.018368,-1.192344,0.000976
86444.143270,141290,50,2,-0.000000,-0.000207,-0.000000,0.039552,-0.067338,0.068982,0.136320,-1840959941.666324,-0.034234,0.033983,0.016288,-1.193617,0.000976
112306.440900,141280,50,2,-0.000000,-0.000159,-0.000000,0.044155,-0.075184,0.076951,0.152135,-5023896720.274710,-0.038106,0.038102,0.015206,-1.194020,0.000976
146730.616300,141290,50,2,0.000000,-0.000146,0.000000,0.049603,-0.084339,0.086539,0.170879,50792441002.583237,-0.042839,0.042576,0.017769,-1.193405,0.000976
251506.618100,141270,50,2,0.000000,-0.000249,0.000000,0.061919,-0.105266,0.108385,0.213652,1243241044.673703,-0.053612,0.053122,0.019393,-1.192247,0.000976
440298.740500,141290,50,2,-0.000000,-0.000329,-0.000000,0.078650,-0.133600,0.137488,0.271087,-13422877050.462839,-0.067933,0.067691,0.019049,-1.192696,0.000976
582475.156100,141280,50,2,0.000000,-0.000561,0.000000,0.088278,-0.149963,0.154441,0.304404,30131798428.103542,-0.076304,0.075751,0.019251,-1.190948,0.000976
766288.093500,141280,50,2,0.000000,-0.000564,0.000000,0.099209,-0.168581,0.173458,0.342039,101588740405.120514,-0.085841,0.085168,0.018523,-1.191956,0.000976
1006393.041000,141280,50,2,0.000000,-0.000549,0.000000,0.111189,-0.189021,0.194076,0.383097,10350665317.275896,-0.096167,0.095597,0.016442,-1.193181,0.000976
2336.789405,158750,50,2,0.000000,-0.000044,0.000000,0.007044,-0.011977,0.012433,0.024410,601106578.829808,-0.006086,0.006047,0.025756,-1.187631,0.000976
3015.177693,158760,50,2,-0.000000,-0.000066,-0.000000,0.007954,-0.013507,0.014035,0.027542,-138055101.134377,-0.006861,0.006797,0.027224,-1.186526,0.000976
4040.968549,158750,50,2,-0.000000,-0.000084,-0.000000,0.009112,-0.015482,0.016064,0.031547,-95211613.942587,-0.007869,0.007825,0.025409,-1.187683,0.000976
5200.054082,158750,50,2,0.000000,-0.000080,0.000000,0.010204,-0.017349,0.017976,0.035325,120104478.568940,-0.008815,0.008766,0.022584,-1.188391,0.000976
6493.928229,158750,50,2,-0.000000,-0.000106,-0.000000,0.011330,-0.019253,0.019974,0.039227,-5274486493027779.000000,-0.009783,0.009727,0.025251,-1.187746,0.000976
8333.920115,158750,50,2,-0.000000,-0.000081,-0.000000,0.012716,-0.021596,0.022429,0.044025,-147971320.352326,-0.010987,0.010915,0.025476,-1.187591,0.000976
10895.907810,158750,50,2,0.000000,-0.000116,0.000000,0.014263,-0.024262,0.025021,0.049284,175972182.455006,-0.012312,0.012239,0.020883,-1.190787,0.000976
14231.147340,158760,50,2,0.000000,-0.000076,0.000000,0.016099,-0.027382,0.028173,0.055554,867650600.419594,-0.013949,0.013851,0.018749,-1.191999,0.000976
18641.172560,158750,50,2,0.000000,-0.000083,0.000000,0.018157,-0.030915,0.031763,0.062677,254698808.420948,-0.015674,0.015592,0.017196,-1.192144,0.000976
23793.358410,158750,50,2,0.000000,-0.000099,0.000000,0.020319,-0.034579,0.035533,0.070112,5201696473.198204,-0.017567,0.017473,0.016780,-1.194070,0.000976
30363.300390,158750,50,2,0.000000,-0.000160,0.000000,0.022729,-0.038629,0.039793,0.078422,287344754.024317,-0.019648,0.019520,0.020041,-1.193273,0.000976
40052.434820,158750,50,2,0.000000,-0.000151,0.000000,0.025645,-0.043604,0.044873,0.088477,5252043718.417171,-0.022149,0.022032,0.018003,-1.192793,0.000976
51447.223300,158750,50,2,-0.000000,-0.000134,-0.000000,0.028520,-0.048509,0.049809,0.098319,-1717896590.726378,-0.024656,0.024518,0.015747,-1.193950,0.000976
87134.193160,158760,50,2,0.000000,-0.000131,0.000000,0.036095,-0.061329,0.062962,0.124291,12320232496.066471,-0.031151,0.031108,0.015805,-1.194267,0.000976
111176.753800,158750,50,2,0.000000,-0.000171,0.000000,0.040257,-0.068446,0.070170,0.138615,20611690804.973301,-0.034801,0.034633,0.014356,-1.195349,0.000976
145469.310900,158750,50,2,0.000000,-0.000276,0.000000,0.045271,-0.076953,0.078985,0.155937,1287696715.678741,-0.039105,0.038882,0.016423,-1.193757,0.000976
191931.673600,158750,50,2,-0.000000,-0.000257,-0.000000,0.051058,-0.086756,0.089054,0.175810,-1275204300.090202,-0.044113,0.043904,0.015277,-1.194215,0.000976
247291.454400,158750,50,2,-0.000000,-0.000239,-0.000000,0.056455,-0.095799,0.098824,0.194623,-1562431796.682937,-0.048918,0.048523,0.018194,-1.192469,0.000976
325325.145400,158750,50,2,-0.000000,-0.000352,-0.000000,0.063545,-0.107838,0.111329,0.219166,-1478855278.650957,-0.054952,0.054605,0.020744,-1.191599,0.000976
568804.294900,158750,50,2,-0.000000,-0.000342,-0.000000,0.080630,-0.136826,0.141043,0.277870,-5504335566.964577,-0.069687,0.069384,0.018519,-1.192382,0.000976
743696.733400,158750,50,2,0.000000,-0.000386,0.000000,0.090557,-0.153600,0.158314,0.311913,2727377695.340718,-0.078387,0.077941,0.018540,-1.193167,0.000976
980580.886900,158750,50,2,-0.000000,-0.000261,-0.000000,0.101372,-0.172146,0.177092,0.349238,-34601911825.447914,-0.087773,0.087199,0.016103,-1.193028,0.000976
2334.197958,177890,50,2,-0.000000,-0.000040,-0.000000,0.006192,-0.010504,0.010893,0.021397,-88060225.005135,-0.005341,0.005311,0.026279,-1.190838,0.000976
2996.517998,177890,50,2,0.000000,-0.000046,0.000000,0.006967,-0.011835,0.012270,0.024105,198183915.254799,-0.006026,0.005964,0.025950,-1.188154,0.000976
4030.433254,177890,50,2,-0.000000,-0.000069,-0.000000,0.008005,-0.013590,0.014073,0.027663,-264409331.397235,-0.006934,0.006864,0.023849,-1.189964,0.000976
5122.099321,177890,50,2,0.000000,-0.000074,0.000000,0.008975,-0.015239,0.015766,0.031005,1021188173.180665,-0.007771,0.007710,0.021999,-1.190140,0.000976
6376.520543,177880,50,2,-0.000000,-0.000071,-0.000000,0.009952,-0.016893,0.017495,0.034387,-84923045.826283,-0.008586,0.008527,0.024158,-1.188343,0.000976
8206.778719,177890,50,2,0.000000,-0.000071,0.000000,0.011190,-0.018971,0.019681,0.038652,1909738084.421328,-0.009655,0.009591,0.024752,-1.189403,0.000976
10614.112610,177880,50,2,-0.000000,-0.000073,-0.000000,0.012546,-0.021298,0.021927,0.043225,-160588314.382469,-0.010842,0.010784,0.019374,-1.194198,0.000976
13825.025400,177890,50,2,0.000000,-0.000123,0.000000,0.014129,-0.023981,0.024703,0.048684,352877509.393983,-0.012231,0.012181,0.020645,-1.194406,0.000976
23163.765140,177890,50,2,0.000000,-0.000095,0.000000,0.017845,-0.030344,0.031128,0.061472,870150248.782585,-0.015442,0.015372,0.015944,-1.194245,0.000976
29105.782670,177890,50,2,-0.000000,-0.000112,-0.000000,0.019954,-0.033915,0.034824,0.068739,-1075420639.478464,-0.017264,0.017191,0.016874,-1.193445,0.000976
37592.402000,177880,50,2,-0.000000,-0.000112,-0.000000,0.022462,-0.038116,0.039215,0.077331,-201761507.286135,-0.019408,0.019305,0.019663,-1.194479,0.000976
48951.266660,177890,50,2,0.000000,-0.000200,0.000000,0.025049,-0.042498,0.043661,0.086159,1282505884.812732,-0.021701,0.021602,0.018003,-1.195796,0.000976
62672.292440,177900,50,2,0.000000,-0.000143,0.000000,0.027977,-0.047501,0.048800,0.096301,7162004795.364167,-0.024213,0.024067,0.016117,-1.195930,0.000976
82234.762860,177880,50,2,-0.000000,-0.000096,-0.000000,0.031683,-0.053739,0.055176,0.108915,-636152626.300429,-0.027402,0.027264,0.016121,-1.195677,0.000976
106453.648700,177890,50,2,-0.000000,-0.000146,-0.000000,0.035371,-0.060051,0.061511,0.121562,-1509147913.646289,-0.030637,0.030531,0.013452,-1.196448,0.000976
136690.596600,177900,50,2,-0.000000,-0.000265,-0.000000,0.039702,-0.067340,0.069235,0.136576,-2258587727.157781,-0.034374,0.034272,0.017777,-1.195669,0.000976
179294.504400,177890,50,2,0.000000,-0.000233,0.000000,0.044695,-0.075834,0.077837,0.153671,897398648.736110,-0.038641,0.038484,0.015209,-1.195482,0.000976
230345.088700,177880,50,2,-0.000000,-0.000280,-0.000000,0.049500,-0.083928,0.086421,0.170350,-25344276028.871712,-0.042806,0.042696,0.018314,-1.194674,0.000976
303443.187000,177890,50,2,0.000000,-0.000293,0.000000,0.055752,-0.094511,0.097444,0.191955,3358209201.585085,-0.048133,0.047898,0.019078,-1.191458,0.000976
398881.240700,177890,50,2,0.000000,-0.000301,0.000000,0.062928,-0.106576,0.109926,0.216502,1610960508.459443,-0.054371,0.054086,0.018099,-1.194607,0.000976
522433.783900,177890,50,2,-0.000000,-0.000487,-0.000000,0.070571,-0.119454,0.123419,0.242873,-1605890736.701193,-0.060956,0.060712,0.021731,-1.193000,0.000976
684784.451300,177890,50,2,0.000000,-0.000331,0.000000,0.079368,-0.134420,0.138460,0.272879,4063659162.138553,-0.068531,0.068191,0.018157,-1.194208,0.000976
5376.107830,199170,50,2,-0.000000,-0.000046,-0.000000,0.008026,-0.013622,0.014101,0.027722,-149426910.449724,-0.006937,0.006908,0.021210,-1.191027,0.000976
6609.858898,199160,50,2,0.000000,-0.000071,0.000000,0.008912,-0.015102,0.015662,0.030764,380256454.165061,-0.007692,0.007652,0.023704,-1.190727,0.000976
8440.515031,199160,50,2,-0.000000,-0.000051,-0.000000,0.010004,-0.016942,0.017585,0.034528,-284553851.953539,-0.008635,0.008581,0.024064,-1.190986,0.000976
10949.073630,199160,50,2,-0.000000,-0.000069,-0.000000,0.011192,-0.018983,0.019576,0.038559,-212238584.691583,-0.009673,0.009623,0.017938,-1.194822,0.000976
18290.843450,199160,50,2,0.000000,-0.000083,0.000000,0.014264,-0.024197,0.024903,0.049100,280885221.985208,-0.012373,0.012294,0.017383,-1.195491,0.000976
29393.822020,199170,50,2,0.000000,-0.000097,0.000000,0.017818,-0.030240,0.031140,0.061380,214654944.468113,-0.015406,0.015344,0.018097,-1.193908,0.000976
49183.594000,199150,50,2,-0.000000,-0.000037,-0.000000,0.022413,-0.038014,0.039021,0.077035,-468378504.682629,-0.019381,0.019318,0.014398,-1.196833,0.000976
62753.409130,199170,50,2,-0.000000,-0.000085,-0.000000,0.025063,-0.042471,0.043693,0.086165,-855476911.811918,-0.021716,0.021626,0.014861,-1.196632,0.000976
81960.672780,199170,50,2,0.000000,-0.000153,0.000000,0.028329,-0.047983,0.049377,0.097360,805808966.999362,-0.024546,0.024451,0.016000,-1.196495,0.000976
104993.940800,199160,50,2,-0.000000,-0.000106,-0.000000,0.031644,-0.053659,0.055010,0.108669,-2314534218.137352,-0.027385,0.027318,0.012499,-1.197575,0.000976
135408.772300,199170,50,2,0.000000,-0.000152,0.000000,0.035516,-0.060190,0.061836,0.122026,1010238807.445530,-0.030766,0.030690,0.014359,-1.196949,0.000976
174250.451800,199170,50,2,0.000000,-0.000187,0.000000,0.040009,-0.067734,0.069696,0.137430,5121121343.600338,-0.034680,0.034535,0.015800,-1.197258,0.000976
223902.534800,199170,50,2,-0.000000,-0.000279,-0.000000,0.044316,-0.075061,0.077394,0.152455,-4537900394.185048,-0.038413,0.038217,0.016401,-1.195803,0.000976
382916.303800,199170,50,2,-0.000000,-0.000389,-0.000000,0.056237,-0.095161,0.098182,0.193343,-1857652319.096012,-0.048696,0.048393,0.017557,-1.195363,0.000976
500515.302000,199170,50,2,0.000000,-0.000462,0.000000,0.063099,-0.106808,0.110277,0.217085,1615333135.093031,-0.054550,0.054230,0.017775,-1.192924,0.000976
652474.836600,199160,50,2,-0.000000,-0.000380,-0.000000,0.070964,-0.119991,0.123788,0.243780,-12111289109.539558,-0.061378,0.061029,0.017661,-1.195741,0.000976
853678.268600,199160,50,2,0.000000,-0.000329,0.000000,0.079634,-0.134713,0.138682,0.273395,3397705915.230837,-0.068910,0.068732,0.014935,-1.196675,0.000976
5445.498952,224180,50,2,0.000000,-0.000054,0.000000,0.007061,-0.011968,0.012400,0.024367,41316584.704594,-0.006112,0.006064,0.021352,-1.192252,0.000976
6781.972841,224180,50,2,-0.000000,-0.000063,-0.000000,0.007858,-0.013300,0.013815,0.027115,-473336508.784869,-0.006803,0.006739,0.022482,-1.191396,0.000976
8618.337947,224180,50,2,-0.000000,-0.000052,-0.000000,0.008825,-0.014923,0.015520,0.030443,-258180262.958706,-0.007643,0.007565,0.024108,-1.191584,0.000976
11044.818250,224170,50,2,0.000000,-0.000037,0.000000,0.009875,-0.016741,0.017247,0.033988,306430895.585096,-0.008532,0.008490,0.017578,-1.195261,0.000976
14214.934950,224180,50,2,-0.000000,-0.000075,-0.000000,0.011107,-0.018800,0.019423,0.038223,-104345088.256261,-0.009629,0.009570,0.018909,-1.196505,0.000976
18311.148940,224180,50,2,0.000000,-0.000065,0.000000,0.012549,-0.021274,0.021893,0.043167,292042122.498345,-0.010854,0.010818,0.015799,-1.196541,0.000976
23479.703120,224180,50,2,-0.000000,-0.000055,-0.000000,0.014060,-0.023865,0.024514,0.048380,-411351429.304460,-0.012175,0.012117,0.013265,-1.196435,0.000976
29626.106760,224180,50,2,-0.000000,-0.000092,-0.000000,0.015700,-0.026621,0.027412,0.054033,-502415395.982127,-0.013592,0.013527,0.015840,-1.196095,0.000976
48572.696740,224180,50,2,-0.000000,-0.000090,-0.000000,0.019719,-0.033421,0.034348,0.067769,-4038494303.505264,-0.017064,0.017000,0.013690,-1.197185,0.000976
61424.925490,224180,50,2,-0.000000,-0.000149,-0.000000,0.022016,-0.037285,0.038374,0.075659,-4508806236.651300,-0.019049,0.018976,0.016593,-1.195354,0.000976
79804.005850,224170,50,2,-0.000000,-0.000056,-0.000000,0.024920,-0.042178,0.043358,0.085535,-398724779.194461,-0.021551,0.021457,0.013568,-1.198490,0.000976
102511.224500,224180,50,2,-0.000000,-0.000142,-0.000000,0.027883,-0.047183,0.048489,0.095672,-732099921.135786,-0.024153,0.024046,0.013739,-1.197782,0.000976
132255.407500,224190,50,2,-0.000000,-0.000145,-0.000000,0.031296,-0.052905,0.054481,0.107385,-3560776974.801569,-0.027083,0.027000,0.014335,-1.198449,0.000976
168355.224000,224180,50,2,-0.000000,-0.000206,-0.000000,0.035224,-0.059568,0.061303,0.120871,-3005791223.862874,-0.030542,0.030341,0.015142,-1.197489,0.000976
214432.075700,224180,50,2,0.000000,-0.000175,0.000000,0.038993,-0.065876,0.068117,0.133993,868008336.937906,-0.033678,0.033613,0.018274,-1.195941,0.000976
279271.928700,224190,50,2,-0.000000,-0.000297,-0.000000,0.043924,-0.074219,0.076778,0.150996,-2044475727.607699,-0.038010,0.037782,0.018932,-1.194720,0.000976
365372.795500,224180,50,2,0.000000,-0.000229,0.000000,0.049509,-0.083634,0.086402,0.170036,1748179158.340825,-0.042726,0.042709,0.016848,-1.195449,0.000976
476756.501200,224180,50,2,-0.000000,-0.000270,-0.000000,0.055701,-0.093954,0.097240,0.191194,-1541557462.374939,-0.048152,0.048080,0.018210,-1.196980,0.000976
617817.769800,224180,50,2,0.000000,-0.000349,0.000000,0.062546,-0.105495,0.109091,0.214587,16011643102.406900,-0.054093,0.053940,0.018073,-1.197484,0.000976
5665.710497,251220,50,2,-0.000000,-0.000044,-0.000000,0.006416,-0.010860,0.011259,0.022119,-211934734.964786,-0.005545,0.005528,0.019736,-1.193378,0.000976
7003.802864,251220,50,2,-0.000000,-0.000060,-0.000000,0.007113,-0.012035,0.012493,0.024527,-56465985.588039,-0.006143,0.006120,0.022078,-1.192877,0.000976
11504.054350,251220,50,2,0.000000,-0.000042,0.000000,0.008949,-0.015154,0.015624,0.030778,315982548.262766,-0.007761,0.007700,0.015346,-1.196164,0.000976
14678.358370,251230,50,2,-0.000000,-0.000049,-0.000000,0.010081,-0.017063,0.017605,0.034668,-122886191.805565,-0.008720,0.008698,0.016583,-1.197237,0.000976
30615.448060,251220,50,2,-0.000000,-0.000075,-0.000000,0.014253,-0.024096,0.024861,0.048957,-1459486876.904585,-0.012347,0.012263,0.016023,-1.196640,0.000976
39021.270450,251220,50,2,0.000000,-0.000082,0.000000,0.016033,-0.027117,0.027958,0.055076,1094489824.304355,-0.013858,0.013851,0.015160,-1.197790,0.000976
62369.333040,251210,50,2,0.000000,-0.000094,0.000000,0.019983,-0.033758,0.034785,0.068544,243600134.010947,-0.017301,0.017263,0.015535,-1.199105,0.000976
81449.884790,251230,50,2,-0.000000,-0.000058,-0.000000,0.022601,-0.038215,0.039313,0.077528,-3857168101.038054,-0.019576,0.019491,0.012287,-1.198702,0.000976
103346.794700,251230,50,2,-0.000000,-0.000063,-0.000000,0.025219,-0.042642,0.043820,0.086462,-1291190536.371460,-0.021843,0.021777,0.011815,-1.198705,0.000976
132806.147800,251220,50,2,0.000000,-0.000109,0.000000,0.028344,-0.047877,0.049262,0.097139,4146295177.684896,-0.024518,0.024493,0.012207,-1.199471,0.000976
171287.902400,251220,50,2,0.000000,-0.000194,0.000000,0.031896,-0.053830,0.055496,0.109326,343800464.925219,-0.027581,0.027539,0.014665,-1.198176,0.000976
214854.957800,251230,50,2,0.000000,-0.000185,0.000000,0.035351,-0.059682,0.061684,0.121367,5171283677.858748,-0.030544,0.030493,0.015628,-1.196590,0.000976
277787.332000,251210,50,2,0.000000,-0.000165,0.000000,0.039803,-0.067139,0.069479,0.136618,3396515567.249913,-0.034520,0.034330,0.015588,-1.196167,0.000976
362507.753800,251230,50,2,-0.000000,-0.000296,-0.000000,0.044899,-0.075630,0.078250,0.153881,-4597650424.662118,-0.038858,0.038835,0.016459,-1.199058,0.000976
470873.158000,251220,50,2,0.000000,-0.000225,0.000000,0.050384,-0.084875,0.087905,0.172781,1910857783.024828,-0.043628,0.043350,0.017618,-1.196973,0.000976
611376.264500,251230,50,2,-0.000000,-0.000316,-0.000000,0.056609,-0.095427,0.098586,0.194013,-57968295153.629730,-0.048931,0.048810,0.014610,-1.197471,0.000976
794088.364600,251230,50,2,-0.000000,-0.000338,-0.000000,0.063451,-0.106967,0.110384,0.217350,-1249489208.508538,-0.054838,0.054781,0.013525,-1.198293,0.000976
7243.035783,282480,50,2,0.000000,-0.000032,0.000000,0.006387,-0.010796,0.011216,0.022012,77861237.934050,-0.005527,0.005497,0.021026,-1.192704,0.000976
9164.466149,282480,50,2,-0.000000,-0.000036,-0.000000,0.007168,-0.012112,0.012574,0.024685,-667235885.421631,-0.006212,0.006174,0.020090,-1.194466,0.000976
11769.561670,282480,50,2,-0.000000,-0.000045,-0.000000,0.008041,-0.013600,0.014029,0.027630,-374253794.897069,-0.006958,0.006950,0.014367,-1.196945,0.000976
15176.683960,282490,50,2,-0.000000,-0.000047,-0.000000,0.009071,-0.015317,0.015841,0.031159,-127240924.692798,-0.007845,0.007810,0.015586,-1.197501,0.000976
19472.871760,282490,50,2,-0.000000,-0.000046,-0.000000,0.010223,-0.017263,0.017834,0.035098,-2617174162.103617,-0.008851,0.008810,0.015053,-1.198826,0.000976
24811.041970,282490,50,2,-0.000000,-0.000031,-0.000000,0.011458,-0.019375,0.019963,0.039338,-1466605444.061764,-0.009914,0.009887,0.012064,-1.199487,0.000976
31363.701420,282490,50,2,0.000000,-0.000060,0.000000,0.012805,-0.021626,0.022341,0.043968,156103269.975451,-0.011077,0.011038,0.015063,-1.197832,0.000976
39911.717260,282480,50,2,-0.000000,-0.000039,-0.000000,0.014419,-0.024362,0.025128,0.049490,-3691224677.009711,-0.012488,0.012463,0.013665,-1.197852,0.000976
50483.321010,282490,50,2,-0.000000,-0.000051,-0.000000,0.016012,-0.027087,0.027878,0.054964,-16396536543.646818,-0.013839,0.013789,0.010867,-1.197350,0.000976
63670.835760,282500,50,2,0.000000,-0.000053,0.000000,0.017939,-0.030298,0.031211,0.061508,1312078460.481390,-0.015538,0.015494,0.012863,-1.198753,0.000976
82346.399300,282490,50,2,-0.000000,-0.000089,-0.000000,0.020295,-0.034245,0.035283,0.069528,-1093769246.143411,-0.017568,0.017516,0.012090,-1.200225,0.000976
104468.542100,282490,50,2,-0.000000,-0.000058,-0.000000,0.022668,-0.038236,0.039394,0.077629,-2110208767.433625,-0.019616,0.019562,0.011423,-1.200220,0.000976
134072.019600,282490,50,2,0.000000,-0.000131,0.000000,0.025515,-0.043008,0.044355,0.087364,3265923747.016208,-0.022073,0.022002,0.012078,-1.199577,0.000976
172326.475800,282490,50,2,0.000000,-0.000136,0.000000,0.028714,-0.048374,0.049914,0.098288,565450835.258999,-0.024868,0.024762,0.012705,-1.200044,0.000976
217854.979200,282480,50,2,-0.000000,-0.000122,-0.000000,0.031788,-0.053529,0.055433,0.108962,-6510161677.476704,-0.027488,0.027387,0.014503,-1.198607,0.000976
360047.354600,282480,50,2,-0.000000,-0.000233,-0.000000,0.040344,-0.067873,0.070294,0.138167,-1332645281.744112,-0.034883,0.034727,0.015787,-1.198356,0.000976
465636.134600,282480,50,2,-0.000000,-0.000230,-0.000000,0.045347,-0.076187,0.079034,0.155221,-1207509210379549.000000,-0.039253,0.039062,0.016622,-1.199399,0.000976
778910.163100,282490,50,2,0.000000,-0.000204,0.000000,0.056994,-0.095796,0.099146,0.194942,29180444802.516106,-0.049322,0.049173,0.013603,-1.199958,0.000976
9317.710241,316460,50,2,-0.000000,-0.000046,-0.000000,0.006374,-0.010752,0.011184,0.021936,-114513152.507772,-0.005515,0.005493,0.019204,-1.194489,0.000976
11872.783430,316470,50,2,-0.000000,-0.000024,-0.000000,0.007137,-0.012053,0.012444,0.024496,-128208205.731034,-0.006192,0.006157,0.013413,-1.199214,0.000976
15318.140130,316470,50,2,0.000000,-0.000033,0.000000,0.008048,-0.013574,0.014039,0.027614,72287130.824085,-0.006978,0.006936,0.015088,-1.198662,0.000976
19686.531000,316470,50,2,-0.000000,-0.000030,-0.000000,0.009075,-0.015335,0.015808,0.031143,-62370928.000794,-0.007867,0.007827,0.013542,-1.198889,0.000976
25014.142590,316460,50,2,-0.000000,-0.000039,-0.000000,0.010171,-0.017184,0.017734,0.034918,-73862508.040650,-0.008791,0.008761,0.012686,-1.197712,0.000976
31274.397740,316470,50,2,-0.000000,-0.000031,-0.000000,0.011350,-0.019178,0.019782,0.038960,-305841192.428076,-0.009816,0.009782,0.012385,-1.197562,0.000976
39927.375680,316460,50,2,-0.000000,-0.000042,-0.000000,0.012791,-0.021583,0.022297,0.043880,-184478574.259671,-0.011080,0.011046,0.013930,-1.198828,0.000976
63713.458840,316460,50,2,-0.000000,-0.000054,-0.000000,0.015929,-0.026844,0.027706,0.054551,-307754206.473948,-0.013810,0.013784,0.011706,-1.201177,0.000976
82588.656850,316470,50,2,-0.000000,-0.000043,-0.000000,0.018038,-0.030404,0.031319,0.061723,-3078439447.000926,-0.015594,0.015581,0.010482,-1.200547,0.000976
104552.298200,316470,50,2,-0.000000,-0.000043,-0.000000,0.020151,-0.033943,0.034972,0.068915,-1086030847.735160,-0.017432,0.017394,0.009513,-1.200714,0.000976
133492.843700,316470,50,2,-0.000000,-0.000065,-0.000000,0.022667,-0.038144,0.039358,0.077502,-859648395.801060,-0.019612,0.019552,0.010531,-1.200947,0.000976
171237.612800,316460,50,2,-0.000000,-0.000028,-0.000000,0.025493,-0.042889,0.044265,0.087155,-2610537964.040370,-0.022093,0.022051,0.010851,-1.201044,0.000976
215458.310800,316460,50,2,-0.000000,-0.000060,-0.000000,0.028232,-0.047496,0.049179,0.096675,-507193273.265152,-0.024466,0.024364,0.014083,-1.197622,0.000976
277049.463100,316470,50,2,-0.000000,-0.000108,-0.000000,0.031840,-0.053439,0.055518,0.108957,-1207543173.529676,-0.027601,0.027464,0.016185,-1.198948,0.000976
353949.019500,316460,50,2,0.000000,-0.000132,0.000000,0.035868,-0.060221,0.062444,0.122665,18364286938.502033,-0.030990,0.030924,0.014043,-1.198928,0.000976
585756.793100,316470,50,2,-0.000000,-0.000101,-0.000000,0.045236,-0.075849,0.078648,0.154497,-1447565834.438574,-0.039209,0.039065,0.013498,-1.200922,0.000976
755913.520800,316470,50,2,0.000000,-0.000089,0.000000,0.050660,-0.084957,0.088012,0.172970,3051497334.419278,-0.043935,0.043727,0.011852,-1.201355,0.000976
12207.458930,354590,50,2,-0.000000,-0.000015,-0.000000,0.006270,-0.010563,0.010933,0.021497,-256809586.982544,-0.005434,0.005416,0.013711,-1.200108,0.000976
15599.889590,354590,50,2,-0.000000,-0.000015,-0.000000,0.007068,-0.011907,0.012328,0.024235,-78669237.904691,-0.006114,0.006092,0.013134,-1.199358,0.000976
19959.234900,354580,50,2,-0.000000,-0.000036,-0.000000,0.007978,-0.013442,0.013903,0.027344,-326769786.144478,-0.006907,0.006892,0.013175,-1.199142,0.000976
25416.580550,354590,50,2,0.000000,-0.000008,0.000000,0.008946,-0.015081,0.015572,0.030654,186956943.694127,-0.007737,0.007714,0.009998,-1.199401,0.000976
31855.270530,354590,50,2,-0.000000,-0.000019,-0.000000,0.009993,-0.016822,0.017419,0.034241,-487297383.468118,-0.008654,0.008631,0.011470,-1.198281,0.000976
40294.436450,354590,50,2,-0.000000,-0.000026,-0.000000,0.011256,-0.018947,0.019601,0.038548,-443332762.347275,-0.009744,0.009734,0.012385,-1.199410,0.000976
50652.257860,354590,50,2,0.000000,0.000000,0.000000,0.012493,-0.021056,0.021722,0.042778,236906681.884903,-0.010823,0.010801,0.008546,-1.200383,0.000976
63524.941690,354580,50,2,-0.000000,-0.000018,-0.000000,0.013975,-0.023482,0.024313,0.047795,-204432921.342885,-0.012091,0.012051,0.010958,-1.200106,0.000976
81844.935760,354590,50,2,0.000000,-0.000058,0.000000,0.015807,-0.026561,0.027448,0.054009,376426090.735155,-0.013711,0.013660,0.010543,-1.201821,0.000976
103562.277000,354590,50,2,0.000000,-0.000009,0.000000,0.017664,-0.029700,0.030656,0.060356,723521484.199449,-0.015307,0.015262,0.008239,-1.200528,0.000976
131492.254700,354590,50,2,0.000000,-0.000052,0.000000,0.019818,-0.033299,0.034399,0.067699,634189374.364570,-0.017180,0.017119,0.009212,-1.200675,0.000976
168385.787000,354590,50,2,-0.000000,-0.000050,-0.000000,0.022370,-0.037505,0.038838,0.076343,-331978316.396671,-0.019414,0.019339,0.010255,-1.201827,0.000976
211755.680600,354590,50,2,-0.000000,-0.000008,-0.000000,0.024765,-0.041559,0.043048,0.084606,-8453158771.307273,-0.021431,0.021361,0.010905,-1.201535,0.000976
270071.131900,354590,50,2,-0.000000,-0.000037,-0.000000,0.027824,-0.046690,0.048462,0.095152,-1424580707.484509,-0.024115,0.023982,0.013244,-1.198444,0.000976
441293.202500,354590,50,2,-0.000000,-0.000096,-0.000000,0.035305,-0.059048,0.061469,0.120516,-3615244305.181327,-0.030580,0.030527,0.014450,-1.200951,0.000976
565061.187700,354590,50,2,-0.000000,-0.000089,-0.000000,0.039586,-0.066213,0.068838,0.135051,-921282378.679236,-0.034250,0.034209,0.012953,-1.200584,0.000976
16454.365820,396800,50,2,0.000000,-0.000024,0.000000,0.006520,-0.010984,0.011370,0.022354,6676283834.241546,-0.005654,0.005620,0.012034,-1.197938,0.000976
20944.559460,396800,50,2,-0.000000,-0.000026,-0.000000,0.007373,-0.012402,0.012834,0.025235,-193589634.257759,-0.006394,0.006363,0.010524,-1.199107,0.000976
26591.678180,396800,50,2,0.000000,-0.000034,0.000000,0.008274,-0.013909,0.014409,0.028318,249185137.914765,-0.007178,0.007142,0.011548,-1.199734,0.000976
33134.672840,396800,50,2,-0.000000,-0.000009,-0.000000,0.009218,-0.015510,0.016048,0.031558,-235972334.895045,-0.007976,0.007956,0.010935,-1.199560,0.000976
42345.016740,396800,50,2,-0.000000,-0.000005,-0.000000,0.010410,-0.017485,0.018122,0.035607,-273334731.390146,-0.008999,0.008979,0.011652,-1.199868,0.000976
52522.577300,396800,50,2,-0.000000,-0.000014,-0.000000,0.011526,-0.019397,0.020034,0.039431,-135660708.220046,-0.009987,0.009963,0.009255,-1.200455,0.000976
66918.039180,396800,50,2,0.000000,-0.000024,0.000000,0.012951,-0.021736,0.022484,0.044220,232668171.199960,-0.011204,0.011169,0.007968,-1.200568,0.000976
85400.236420,396800,50,2,-0.000000,-0.000000,-0.000000,0.014607,-0.024514,0.025345,0.049859,-623211362.924370,-0.012641,0.012649,0.008968,-1.201021,0.000976
108091.737600,396800,50,2,-0.000000,-0.000000,-0.000000,0.016347,-0.027412,0.028352,0.055764,-507263951.691362,-0.014154,0.014096,0.008175,-1.201789,0.000976
174474.860800,396800,50,2,-0.000000,-0.000028,-0.000000,0.020631,-0.034562,0.035766,0.070328,-440132175.497039,-0.017872,0.017861,0.009432,-1.202934,0.000976
218755.447500,396800,50,2,-0.000000,-0.000066,-0.000000,0.022842,-0.038270,0.039731,0.078001,-687941346.462398,-0.019790,0.019697,0.011611,-1.199521,0.000976
280460.173800,396810,50,2,-0.000000,-0.000054,-0.000000,0.025790,-0.043120,0.044848,0.087967,-660227922.436564,-0.022326,0.022297,0.012275,-1.201374,0.000976
355438.988000,396800,50,2,0.000000,-0.000037,0.000000,0.029041,-0.048523,0.050509,0.099032,396503644.042072,-0.025179,0.025048,0.012796,-1.201053,0.000976
454618.767000,396800,50,2,-0.000000,-0.000127,-0.000000,0.032634,-0.054462,0.056715,0.111177,-11139174469.767406,-0.028338,0.028148,0.012397,-1.202178,0.000976
744973.392900,396800,50,2,-0.000000,-0.000038,-0.000000,0.041016,-0.068420,0.071176,0.139596,-3000056216.328440,-0.035500,0.035519,0.010852,-1.203252,0.000976
20265.005940,446400,50,2,-0.000000,-0.000004,-0.000000,0.006203,-0.010424,0.010797,0.021220,-33083122.602897,-0.005372,0.005357,0.009953,-1.200017,0.000976
25708.487330,446400,50,2,0.000000,-0.000019,0.000000,0.006976,-0.011715,0.012138,0.023853,793750406.041767,-0.006037,0.006018,0.010227,-1.200380,0.000976
31962.015150,446410,50,2,0.000000,-0.000014,0.000000,0.007786,-0.013065,0.013549,0.026614,257173384.998849,-0.006735,0.006712,0.010904,-1.200828,0.000976
40885.149090,446400,50,2,-0.000000,-0.000022,-0.000000,0.008801,-0.014739,0.015318,0.030057,-1126512237.619563,-0.007625,0.007584,0.010942,-1.199734,0.000976
51482.367150,446400,50,2,0.000000,-0.000005,0.000000,0.009764,-0.016392,0.016944,0.033336,169455268.051494,-0.008445,0.008410,0.007150,-1.200575,0.000976
83587.526290,446410,50,2,0.000000,0.000000,0.000000,0.012408,-0.020759,0.021547,0.042306,2117662826.674994,-0.010764,0.010729,0.009356,-1.201591,0.000976
104593.925600,446410,50,2,-0.000000,-0.000017,-0.000000,0.013888,-0.023185,0.024090,0.047275,-154576508.063423,-0.012030,0.012016,0.009648,-1.203601,0.000976
168827.856100,446400,50,2,0.000000,-0.000003,0.000000,0.017551,-0.029267,0.030444,0.059711,221874698.875198,-0.015230,0.015196,0.009455,-1.203110,0.000976
210969.370200,446400,50,2,-0.000000,-0.000037,-0.000000,0.019458,-0.032426,0.033855,0.066281,-5206577687358121.000000,-0.016843,0.016787,0.013546,-1.202239,0.000976
266481.891900,446410,50,2,-0.000000,-0.000068,-0.000000,0.021896,-0.036476,0.038128,0.074604,-4484311317.568995,-0.018971,0.018905,0.012896,-1.199768,0.000976
340353.109400,446410,50,2,0.000000,-0.000056,0.000000,0.024624,-0.041009,0.042796,0.083805,3151873603.055213,-0.021363,0.021287,0.012500,-1.202513,0.000976
432682.478500,446400,50,2,0.000000,-0.000105,0.000000,0.027647,-0.045973,0.048054,0.094027,1769431882.519899,-0.023948,0.023868,0.012895,-1.203198,0.000976
549898.074000,446410,50,2,0.000000,-0.000035,0.000000,0.031062,-0.051636,0.053909,0.105545,1026032854.816565,-0.026887,0.026837,0.010755,-1.203524,0.000976
703319.974200,446410,50,2,-0.000000,-0.000025,-0.000000,0.034824,-0.057860,0.060407,0.118268,-914345621.017970,-0.030150,0.030073,0.010237,-1.203947,0.000976
8916.816367,56180,50,2,0.000000,-0.000032,0.000000,0.034803,-0.059636,0.060493,0.120129,1875672263.695248,-0.030129,0.030058,0.009342,-1.197704,0.000976
11893.802980,56180,50,2,-0.000000,-0.000091,-0.000000,0.039408,-0.067468,0.068542,0.136010,-2123869727.372092,-0.034135,0.034035,0.011192,-1.198299,0.000976
16362.316510,56180,50,2,-0.000000,-0.000009,-0.000000,0.045074,-0.077250,0.078296,0.155546,-5769454712.303823,-0.039017,0.038974,0.008293,-1.198489,0.000976
21880.195570,56180,50,2,-0.000000,-0.000029,-0.000000,0.050821,-0.087114,0.088274,0.175388,-52042235875.631371,-0.043963,0.043930,0.008572,-1.198125,0.000976
28178.849950,56180,50,2,0.000000,0.000000,0.000000,0.056090,-0.096190,0.097411,0.193600,57438372895.239174,-0.048496,0.048515,0.007808,-1.197792,0.000976
36903.635760,56180,50,2,-0.000000,-0.000039,-0.000000,0.062763,-0.107614,0.109012,0.216626,-2471905967.670164,-0.054309,0.054291,0.008093,-1.198308,0.000976
49585.582190,56180,50,2,0.000000,-0.000015,0.000000,0.070741,-0.121279,0.122925,0.244204,36219142834.223289,-0.061202,0.061145,0.008576,-1.197948,0.000976
66624.216230,56180,50,2,0.000000,-0.000216,0.000000,0.079774,-0.136543,0.138726,0.275269,5834906096.518927,-0.069027,0.068899,0.012364,-1.197686,0.000976
90089.736270,56180,50,2,-0.000000,-0.000086,-0.000000,0.089960,-0.154002,0.156125,0.310127,-23029697183.631927,-0.077810,0.077806,0.010150,-1.199555,0.000976
121815.351500,56180,50,2,0.000000,-0.000161,0.000000,0.101445,-0.173731,0.176106,0.349837,17313242788.985909,-0.087700,0.087754,0.010466,-1.198284,0.000976
160936.144900,56180,50,2,-0.000000,-0.000060,-0.000000,0.112485,-0.192796,0.195273,0.388069,-2678714264.845779,-0.097244,0.097200,0.009470,-1.197761,0.000976
217225.935300,56180,50,2,-0.000000,-0.000067,-0.000000,0.126689,-0.217010,0.219934,0.436944,-3016960916.469454,-0.109578,0.109518,0.010180,-1.198360,0.000976
292214.962500,56180,50,2,-0.000000,-0.000121,-0.000000,0.142416,-0.244008,0.247197,0.491204,-145844697276.581055,-0.123140,0.123093,0.009703,-1.198201,0.000976
386695.389300,56180,50,2,-0.000000,-0.000041,-0.000000,0.158172,-0.270997,0.274273,0.545270,-40492038038.815651,-0.136778,0.136691,0.008930,-1.198863,0.000976
6846.479793,70800,50,2,0.000000,-0.000016,0.000000,0.027586,-0.047376,0.048104,0.095481,830836499.266520,-0.023812,0.023772,0.008597,-1.194360,0.000976
9230.411456,70800,50,2,-0.000000,-0.000019,-0.000000,0.031179,-0.053528,0.054411,0.107939,-1680368893.703162,-0.026923,0.026855,0.009301,-1.193636,0.000976
12784.915290,70800,50,2,0.000000,0.000000,0.000000,0.035689,-0.061248,0.062203,0.123451,4568165768.306204,-0.030831,0.030766,0.008587,-1.194942,0.000976
17155.301980,70800,50,2,0.000000,0.000000,0.000000,0.040253,-0.069105,0.070150,0.139255,10304755584.503014,-0.034757,0.034710,0.008193,-1.194805,0.000976
21764.362480,70800,50,2,0.000000,0.000000,0.000000,0.044467,-0.076388,0.077489,0.153877,1264845882.140367,-0.038453,0.038354,0.007974,-1.193935,0.000976
51666.791610,70800,50,2,-0.000000,-0.000148,-0.000000,0.063249,-0.108396,0.110244,0.218640,-64765223655.620461,-0.054704,0.054512,0.012478,-1.194663,0.000976
70315.493860,70790,50,2,-0.000000,-0.000085,-0.000000,0.071373,-0.122409,0.124179,0.246588,-8120598602.017114,-0.061715,0.061501,0.009223,-1.195728,0.000976
94032.443860,70790,50,2,-0.000000,-0.000150,-0.000000,0.080426,-0.137893,0.139920,0.277813,-82357923678.965286,-0.069517,0.069349,0.009960,-1.195798,0.000976
123275.768500,70800,50,2,0.000000,-0.000049,0.000000,0.089263,-0.153194,0.155208,0.308402,982851035.735830,-0.077354,0.077003,0.008665,-1.196059,0.000976
166119.826200,70800,50,2,-0.000000,-0.000000,-0.000000,0.100500,-0.172409,0.174832,0.347242,-12863996498.765699,-0.087037,0.086796,0.009612,-1.195664,0.000976
223381.222800,70800,50,2,-0.000000,-0.000000,-0.000000,0.112925,-0.193770,0.196402,0.390172,-2359891474.680214,-0.097868,0.097546,0.008755,-1.196062,0.000976
296162.161100,70800,50,2,-0.000000,-0.000155,-0.000000,0.125356,-0.215141,0.217986,0.433127,-32091453419.758888,-0.108617,0.108203,0.008440,-1.195526,0.000976
403706.777800,70800,50,2,0.000000,-0.000261,0.000000,0.141558,-0.242974,0.245696,0.488670,24159270014.903896,-0.122631,0.122074,0.006422,-1.196615,0.000976
536852.789300,70800,50,2,-0.000000,-0.000128,-0.000000,0.158873,-0.272594,0.275829,0.548423,-18076269655.772926,-0.137633,0.137126,0.007393,-1.196589,0.000976
6045.353415,79430,50,2,0.000000,-0.000031,0.000000,0.024614,-0.042199,0.042858,0.085057,381890809.487472,-0.021274,0.021179,0.009888,-1.193788,0.000976
8145.742745,79430,50,2,-0.000000,-0.000050,-0.000000,0.027806,-0.047647,0.048457,0.096104,-1498612528.911284,-0.024031,0.023908,0.010659,-1.193537,0.000976
11252.626580,79440,50,2,0.000000,0.000000,0.000000,0.031800,-0.054550,0.055407,0.109957,757280181.456426,-0.027547,0.027408,0.009211,-1.193008,0.000976
15063.352880,79430,50,2,0.000000,-0.000036,0.000000,0.035896,-0.061556,0.062485,0.124041,1531580211.790589,-0.031001,0.030905,0.009714,-1.193247,0.000976
19499.724490,79440,50,2,0.000000,-0.000001,0.000000,0.039686,-0.068087,0.069124,0.137211,6772992986.061360,-0.034376,0.034221,0.009199,-1.192985,0.000976
25172.748460,79440,50,2,0.000000,0.000000,0.000000,0.044494,-0.076319,0.077503,0.153822,5062423272.749178,-0.038484,0.038346,0.009165,-1.193216,0.000976
33586.320680,79430,50,2,-0.000000,-0.000041,-0.000000,0.049987,-0.085711,0.087042,0.172753,-10237462831.904066,-0.043169,0.043006,0.009455,-1.193031,0.000976
45729.167690,79440,50,2,-0.000000,-0.000127,-0.000000,0.056427,-0.096610,0.098138,0.194748,-7222605154.729509,-0.048861,0.048578,0.011580,-1.195398,0.000976
61702.805070,79430,50,2,0.000000,-0.000046,0.000000,0.063590,-0.108973,0.110457,0.219431,65115030372.556137,-0.054899,0.054874,0.009911,-1.195077,0.000976
83045.255660,79440,50,2,0.000000,-0.000239,0.000000,0.071723,-0.122898,0.124623,0.247521,3672217154.122612,-0.062109,0.061674,0.010258,-1.195161,0.000976
108798.387000,79430,50,2,0.000000,0.000000,0.000000,0.079661,-0.136576,0.138335,0.274910,3262904060.675305,-0.068812,0.068742,0.008878,-1.194844,0.000976
146597.729900,79440,50,2,0.000000,-0.000261,0.000000,0.089602,-0.153580,0.155693,0.309273,2621514031.439207,-0.077603,0.077063,0.009604,-1.195360,0.000976
196875.186800,79440,50,2,-0.000000,-0.000284,-0.000000,0.100776,-0.172717,0.175110,0.347827,-2106001519.707161,-0.087233,0.086669,0.009711,-1.194842,0.000976
261263.432100,79440,50,2,-0.000000,-0.000287,-0.000000,0.111967,-0.191881,0.194467,0.386348,-57328556087.143372,-0.096889,0.096268,0.009136,-1.194683,0.000976
355530.170800,79440,50,2,-0.000000,-0.000292,-0.000000,0.126265,-0.216414,0.219093,0.435507,-129288343228.154114,-0.109291,0.108734,0.008288,-1.195909,0.000976
474328.570000,79440,50,2,-0.000000,-0.000162,-0.000000,0.141774,-0.243105,0.245835,0.488940,-29035446788.551407,-0.122624,0.122052,0.006982,-1.195975,0.000976
637508.025300,79440,50,2,-0.000000,-0.000130,-0.000000,0.158713,-0.272287,0.275050,0.547336,-16252246108.942848,-0.137305,0.136785,0.006282,-1.196064,0.000976
7136.491293,89200,50,2,0.000000,-0.000017,0.000000,0.024766,-0.042381,0.043135,0.085516,390167569.294651,-0.021436,0.021316,0.012145,-1.192171,0.000976
13288.574200,89200,50,2,-0.000000,-0.000040,-0.000000,0.031893,-0.054618,0.055474,0.110092,-441332843.841560,-0.027597,0.027464,0.010261,-1.192527,0.000976
17173.488700,89200,50,2,0.000000,-0.000072,0.000000,0.035244,-0.060389,0.061303,0.121692,3609014001.138846,-0.030466,0.030370,0.010098,-1.192045,0.000976
22583.559940,89200,50,2,-0.000000,-0.000005,-0.000000,0.039488,-0.067625,0.068703,0.136328,-20217926098.913586,-0.034162,0.034011,0.010749,-1.192346,0.000976
40541.584150,89210,50,2,0.000000,-0.000081,0.000000,0.050137,-0.085739,0.087032,0.172770,1770356574.143727,-0.043268,0.043121,0.011442,-1.193463,0.000976
96514.652260,89200,50,2,0.000000,-0.000132,0.000000,0.070821,-0.121297,0.122745,0.244043,12086746821.272968,-0.061201,0.060960,0.008623,-1.194905,0.000976
173757.337400,89200,50,2,-0.000000,-0.000268,-0.000000,0.089726,-0.153555,0.155695,0.309250,-5742484100.814653,-0.077586,0.077122,0.010475,-1.194419,0.000976
228931.918600,89200,50,2,-0.000000,-0.000291,-0.000000,0.099477,-0.170182,0.172546,0.342728,-11318185115.124100,-0.086052,0.085521,0.010541,-1.194354,0.000976
311569.724900,89200,50,2,0.000000,-0.000327,0.000000,0.112300,-0.192243,0.194598,0.386842,16427787629.593122,-0.097058,0.096564,0.009307,-1.194841,0.000976
417537.120100,89200,50,2,-0.000000,-0.000238,-0.000000,0.126009,-0.215785,0.218218,0.434003,-32258682866.396820,-0.108880,0.108415,0.008423,-1.195062,0.000976
560572.006400,89200,50,2,-0.000000,-0.000115,-0.000000,0.141197,-0.241876,0.244303,0.486179,-16065068697.000784,-0.122019,0.121663,0.007361,-1.195920,0.000976
4635.450951,99910,50,2,0.000000,-0.000021,0.000000,0.019627,-0.033591,0.034165,0.067756,591118961.935469,-0.016974,0.016912,0.012022,-1.191827,0.000976
8619.532040,99910,50,2,-0.000000,-0.000017,-0.000000,0.025330,-0.043344,0.044108,0.087453,-589494727.681645,-0.021935,0.021806,0.012655,-1.191030,0.000976
11624.293840,99910,50,2,0.000000,-0.000014,0.000000,0.028560,-0.048877,0.049687,0.098565,596853332.922872,-0.024714,0.024585,0.011962,-1.192208,0.000976
15024.886060,99910,50,2,-0.000000,-0.000036,-0.000000,0.031666,-0.054230,0.055091,0.109321,-568873165.083263,-0.027404,0.027217,0.011070,-1.191062,0.000976
25977.494240,99910,50,2,-0.000000,-0.000016,-0.000000,0.039895,-0.068287,0.069443,0.137730,-8170494409.360181,-0.034536,0.034343,0.011980,-1.191166,0.000976
35374.279170,99910,50,2,-0.000000,-0.000197,-0.000000,0.044978,-0.076856,0.078110,0.154966,-6579630496.445463,-0.038943,0.038689,0.013493,-1.194638,0.000976
47781.042180,99900,50,2,-0.000000,-0.000062,-0.000000,0.050697,-0.086639,0.087920,0.174560,-3053751935.452846,-0.043776,0.043658,0.011696,-1.194624,0.000976
64496.632010,99910,50,2,0.000000,-0.000220,0.000000,0.057120,-0.097706,0.099069,0.196775,2016929666.028426,-0.049426,0.049146,0.011372,-1.194334,0.000976
85353.079240,99910,50,2,0.000000,-0.000177,0.000000,0.063465,-0.108604,0.110024,0.218628,5908030323.098916,-0.054945,0.054634,0.010147,-1.194924,0.000976
114346.996700,99910,50,2,-0.000000,-0.000248,-0.000000,0.071411,-0.122169,0.123865,0.246034,-4570264593.464397,-0.061806,0.061450,0.010923,-1.194458,0.000976
152444.218900,99900,50,2,0.000000,-0.000034,0.000000,0.080275,-0.137281,0.139182,0.276464,41101136333.117096,-0.069269,0.069229,0.010970,-1.193861,0.000976
202602.637500,99910,50,2,-0.000000,-0.000297,-0.000000,0.089178,-0.152475,0.154534,0.307009,-3382137894.467195,-0.077216,0.076737,0.010781,-1.195551,0.000976
274340.631500,99910,50,2,-0.000000,-0.000246,-0.000000,0.100710,-0.172235,0.174440,0.346675,-12890874465.488939,-0.087128,0.086766,0.009812,-1.195019,0.000976
367442.684500,99910,50,2,0.000000,-0.000208,0.000000,0.112976,-0.193298,0.195534,0.388832,9640551097.641623,-0.097713,0.097392,0.008773,-1.195517,0.000976
494705.035800,99910,50,2,-0.000000,-0.000238,-0.000000,0.126449,-0.216394,0.218846,0.435240,-129480487085.161224,-0.109377,0.108944,0.008535,-1.195422,0.000976
664208.573500,99910,50,2,0.000000,-0.000295,0.000000,0.142378,-0.243615,0.246425,0.490040,10413931745.344597,-0.123214,0.122606,0.008198,-1.195234,0.000976
4439.081264,112160,50,2,0.000000,-0.000029,0.000000,0.017441,-0.029865,0.030430,0.060295,1050539917.895398,-0.015096,0.014981,0.012862,-1.190986,0.000976
5798.195698,112170,50,2,0.000000,-0.000055,0.000000,0.019691,-0.033662,0.034398,0.068060,576090570.656831,-0.017017,0.016911,0.016588,-1.190173,0.000976
8123.874426,112170,50,2,0.000000,-0.000051,0.000000,0.022553,-0.038570,0.039352,0.077921,184756909.074940,-0.019491,0.019402,0.014215,-1.191014,0.000976
10998.884220,112170,50,2,0.000000,-0.000092,0.000000,0.025459,-0.043554,0.044375,0.087929,5214068695.709049,-0.022001,0.021923,0.013389,-1.191699,0.000976
14043.471530,112160,50,2,0.000000,-0.000049,0.000000,0.028075,-0.048072,0.048973,0.097045,399293527.550540,-0.024287,0.024130,0.012517,-1.190707,0.000976
18384.825350,112170,50,2,-0.000000,-0.000045,-0.000000,0.031395,-0.053741,0.054733,0.108474,-21059573000070800.000000,-0.027122,0.027013,0.013285,-1.190810,0.000976
4298.308867,56190,70,2,0.000000,-0.000124,0.000000,0.025359,-0.043304,0.044473,0.087776,1366722683.086490,-0.021998,0.021901,0.015705,-1.196845,0.000976
7262.601739,56190,70,2,-0.000000,-0.000151,-0.000000,0.031465,-0.053744,0.055228,0.108973,-1288789105.500806,-0.027286,0.027162,0.016327,-1.195947,0.000976
17055.564610,56190,70,2,0.000000,-0.000271,0.000000,0.044889,-0.076481,0.078585,0.155066,1242333279.222147,-0.038940,0.038780,0.019594,-1.198863,0.000976
56785.456940,56190,70,2,-0.000000,-0.000358,-0.000000,0.071296,-0.121628,0.124740,0.246368,-7300712909.390043,-0.061920,0.061533,0.017758,-1.196981,0.000976
102933.381500,56190,70,2,-0.000000,-0.000368,-0.000000,0.088881,-0.151756,0.155262,0.307017,-2600391447.708586,-0.077123,0.076702,0.015598,-1.197578,0.000976
257073.568200,56190,70,2,-0.000000,-0.000352,-0.000000,0.126182,-0.215520,0.220073,0.435593,-16151347467.806536,-0.109552,0.108846,0.013891,-1.198627,0.000976
347179.882000,56190,70,2,0.000000,-0.000620,0.000000,0.142025,-0.242767,0.247763,0.490530,3930641468.624249,-0.123240,0.122681,0.014491,-1.196999,0.000976
457820.643600,56190,70,2,0.000000,-0.000528,0.000000,0.157480,-0.268961,0.275360,0.544320,4886666334.275085,-0.136282,0.135900,0.014331,-1.196636,0.000976
2186.297222,70770,70,2,-0.000000,-0.000063,-0.000000,0.015662,-0.026756,0.027525,0.054282,-243002736.343114,-0.013569,0.013478,0.016272,-1.193564,0.000976
2836.083391,70790,70,2,0.000000,-0.000032,0.000000,0.017661,-0.030213,0.031079,0.061292,160040327.778133,-0.015253,0.015182,0.015918,-1.191035,0.000976
5148.844070,70780,70,2,-0.000000,-0.000041,-0.000000,0.022642,-0.038737,0.039774,0.078511,-526942514.510096,-0.019609,0.019415,0.014974,-1.191098,0.000976
6468.652462,70790,70,2,0.000000,-0.000035,0.000000,0.025159,-0.043038,0.044274,0.087312,1840215437.662103,-0.021767,0.021618,0.016071,-1.191501,0.000976
8428.792282,70790,70,2,-0.000000,-0.000024,-0.000000,0.028218,-0.048223,0.049653,0.097877,-1520788809.841660,-0.024436,0.024233,0.016569,-1.192137,0.000976
11337.933440,70770,70,2,0.000000,-0.000150,0.000000,0.031732,-0.054219,0.055586,0.109805,773663929.862923,-0.027431,0.027340,0.018573,-1.192384,0.000976
20287.889600,70780,70,2,-0.000000,-0.000145,-0.000000,0.040382,-0.069009,0.070677,0.139687,-3180847248.692872,-0.034959,0.034684,0.017112,-1.193210,0.000976
26441.014740,70780,70,2,0.000000,-0.000174,0.000000,0.045180,-0.077220,0.079027,0.156247,7710745188.899997,-0.039176,0.038852,0.016899,-1.194733,0.000976
34396.596540,70770,70,2,-0.000000,-0.000275,-0.000000,0.050478,-0.086213,0.088333,0.174546,-8614889165.878593,-0.043642,0.043482,0.017429,-1.194097,0.000976
46386.268260,70770,70,2,0.000000,-0.000307,0.000000,0.056867,-0.097099,0.099520,0.196619,1712698714.259900,-0.049155,0.049008,0.017618,-1.193391,0.000976
62537.414590,70790,70,2,0.000000,-0.000288,0.000000,0.063268,-0.108231,0.110571,0.218801,12957246381.152660,-0.054613,0.054515,0.014250,-1.193915,0.000976
84187.370320,70780,70,2,-0.000000,-0.000077,-0.000000,0.070900,-0.121190,0.123848,0.245038,-6050099930.794640,-0.061508,0.060989,0.013072,-1.195339,0.000976
114330.726200,70780,70,2,-0.000000,-0.000190,-0.000000,0.080098,-0.137053,0.139732,0.276785,-82016259040.612701,-0.069337,0.068941,0.013131,-1.194978,0.000976
152316.185100,70780,70,2,-0.000000,-0.000227,-0.000000,0.089299,-0.152819,0.155950,0.308769,-22860347508.972656,-0.077316,0.076841,0.014361,-1.193703,0.000976
207091.991200,70780,70,2,0.000000,-0.000050,0.000000,0.100411,-0.171918,0.175157,0.347075,11424580838.151472,-0.086979,0.086350,0.011787,-1.193639,0.000976
367820.164600,70770,70,2,-0.000000,-0.000592,-0.000000,0.125356,-0.214165,0.219538,0.433702,-21393860172.806225,-0.108448,0.107685,0.016312,-1.192383,0.000976
493921.231100,70790,70,2,-0.000000,-0.000308,-0.000000,0.141281,-0.241435,0.247872,0.489308,-36167999573.996681,-0.122152,0.121305,0.016847,-1.191855,0.000976
663688.893900,70780,70,2,-0.000000,-0.000591,-0.000000,0.159262,-0.272261,0.278951,0.551212,-6272496816.187240,-0.137948,0.137050,0.015169,-1.191558,0.000976
17400.229500,112170,70,2,-0.000000,-0.000123,-0.000000,0.025600,-0.043690,0.044732,0.088422,-2621466813.472566,-0.022171,0.021968,0.017389,-1.190916,0.000976
63327.093620,112170,70,2,-0.000000,-0.000171,-0.000000,0.044887,-0.076595,0.078271,0.154865,-8925054560.171986,-0.038870,0.038554,0.015214,-1.192987,0.000976
2863.495599,125890,70,2,-0.000000,-0.000066,-0.000000,0.009951,-0.016949,0.017526,0.034475,-291134716.210286,-0.008608,0.008538,0.022923,-1.186276,0.000976
3814.782033,125890,70,2,-0.000000,-0.000060,-0.000000,0.011410,-0.019444,0.020059,0.039502,-973660848.995323,-0.009877,0.009774,0.021109,-1.187963,0.000976
7804.398700,125890,70,2,-0.000000,-0.000098,-0.000000,0.015949,-0.027158,0.028060,0.055218,-333296236.505407,-0.013807,0.013690,0.022414,-1.187120,0.000976
10254.473010,125890,70,2,-0.000000,-0.000075,-0.000000,0.017887,-0.030486,0.031290,0.061776,-6105440016.484183,-0.015473,0.015356,0.018079,-1.190792,0.000976
22117.658700,125890,70,2,-0.000000,-0.000112,-0.000000,0.025447,-0.043415,0.044430,0.087845,-7679720633597168.000000,-0.022002,0.021859,0.016627,-1.191552,0.000976
36845.745360,125890,70,2,-0.000000,-0.000144,-0.000000,0.032110,-0.054659,0.056110,0.110768,-2055042788.759955,-0.027811,0.027570,0.018849,-1.192926,0.000976
48216.876690,125900,70,2,-0.000000,-0.000195,-0.000000,0.035733,-0.060928,0.062342,0.123270,-1829522520.431669,-0.030871,0.030731,0.015359,-1.192061,0.000976
61141.201030,125890,70,2,-0.000000,-0.000154,-0.000000,0.039946,-0.068058,0.069723,0.137781,-8180879256.826514,-0.034537,0.034339,0.016599,-1.192487,0.000976
80696.629090,125890,70,2,-0.000000,-0.000130,-0.000000,0.045164,-0.076970,0.078755,0.155725,-1927005518.519285,-0.039077,0.038791,0.015881,-1.193101,0.000976
105147.215400,125880,70,2,0.000000,-0.000193,0.000000,0.050384,-0.085946,0.087663,0.173609,6449085350.365217,-0.043494,0.043406,0.012913,-1.192802,0.000976
238186.738400,125890,70,2,0.000000,-0.000419,0.000000,0.070688,-0.120333,0.123683,0.244016,3446890832.778096,-0.061021,0.060809,0.019631,-1.190169,0.000976
316087.197100,125880,70,2,-0.000000,-0.000369,-0.000000,0.079590,-0.135410,0.139138,0.274549,-1044872295.845387,-0.068764,0.068349,0.019879,-1.190989,0.000976
421499.751300,125890,70,2,0.000000,-0.000499,0.000000,0.089804,-0.152760,0.157107,0.309867,30653844330.732224,-0.077504,0.077198,0.018859,-1.191636,0.000976
741313.228700,125890,70,2,0.000000,-0.000624,0.000000,0.113422,-0.192947,0.198113,0.391060,116143851458.210739,-0.097972,0.097659,0.018409,-1.191930,0.000976
973807.152100,125890,70,2,0.000000,-0.000668,0.000000,0.126982,-0.216174,0.221557,0.437731,65015078303.374336,-0.109544,0.109320,0.016404,-1.192418,0.000976
2250.183901,141290,70,2,0.000000,-0.000055,0.000000,0.007748,-0.013181,0.013653,0.026834,168812608.939781,-0.006687,0.006659,0.025180,-1.187811,0.000976
2878.198006,141290,70,2,0.000000,-0.000046,0.000000,0.008724,-0.014853,0.015375,0.030229,60774293.969798,-0.007550,0.007484,0.024136,-1.185525,0.000976
7764.073050,141280,70,2,-0.000000,-0.000093,-0.000000,0.013930,-0.023696,0.024545,0.048241,-3566041820.838498,-0.012037,0.011933,0.023509,-1.186781,0.000976
10130.566640,141290,70,2,0.000000,-0.000121,0.000000,0.015688,-0.026722,0.027437,0.054159,472485795.186156,-0.013561,0.013470,0.019453,-1.191788,0.000976
13086.876360,141280,70,2,-0.000000,-0.000102,-0.000000,0.017651,-0.030064,0.030911,0.060975,-516411821.739926,-0.015223,0.015190,0.019375,-1.191503,0.000976
21836.119040,141280,70,2,0.000000,-0.000078,0.000000,0.022367,-0.038111,0.039068,0.077178,336820692.376169,-0.019310,0.019249,0.015599,-1.192882,0.000976
27729.027410,141270,70,2,-0.000000,-0.000149,-0.000000,0.025001,-0.042527,0.043766,0.086293,-433909450.550092,-0.021631,0.021498,0.019189,-1.192598,0.000976
46169.463580,141300,70,2,-0.000000,-0.000145,-0.000000,0.031309,-0.053333,0.054613,0.107946,-801517154.416225,-0.027048,0.026914,0.016017,-1.192342,0.000976
58989.775110,141290,70,2,0.000000,-0.000241,0.000000,0.034989,-0.059584,0.061082,0.120666,1119644977.538201,-0.030317,0.030057,0.018021,-1.193043,0.000976
76861.188340,141280,70,2,-0.000000,-0.000120,-0.000000,0.039668,-0.067527,0.069237,0.136764,-3692726606.679184,-0.034269,0.034141,0.016872,-1.192829,0.000976
129912.219800,141280,70,2,0.000000,-0.000241,0.000000,0.049767,-0.084671,0.086766,0.171437,1960074395.697781,-0.043007,0.042934,0.015671,-1.194589,0.000976
171027.679300,141280,70,2,0.000000,-0.000188,0.000000,0.055997,-0.095259,0.097613,0.192872,11468272091.616434,-0.048418,0.048244,0.015617,-1.194505,0.000976
220742.914000,141280,70,2,0.000000,-0.000324,0.000000,0.062092,-0.105528,0.108647,0.214175,2543290799.791626,-0.053715,0.053350,0.018448,-1.191541,0.000976
291095.548300,141280,70,2,-0.000000,-0.000432,-0.000000,0.069899,-0.118727,0.122407,0.241134,-2752964062.818986,-0.060478,0.060019,0.020186,-1.191741,0.000976
385140.251500,141280,70,2,0.000000,-0.000548,0.000000,0.078792,-0.133756,0.137986,0.271742,1833703362.471913,-0.068185,0.067681,0.019899,-1.192097,0.000976
509068.646100,141280,70,2,-0.000000,-0.000404,-0.000000,0.088467,-0.150331,0.154814,0.305145,-5328824424.661769,-0.076487,0.075908,0.018487,-1.191134,0.000976
666199.582500,141290,70,2,0.000000,-0.000513,0.000000,0.099414,-0.168814,0.173761,0.342575,1644719244451596.750000,-0.085873,0.085615,0.019817,-1.192606,0.000976
884143.505500,141280,70,2,0.000000,-0.000569,0.000000,0.111384,-0.189241,0.194491,0.383732,19009631003.843826,-0.096324,0.095727,0.016988,-1.193337,0.000976
2386.545892,158760,70,2,0.000000,-0.000047,0.000000,0.007074,-0.012019,0.012459,0.024478,57947793.151980,-0.006106,0.006060,0.023905,-1.188988,0.000976
3052.123967,158750,70,2,-0.000000,-0.000067,-0.000000,0.007956,-0.013532,0.014031,0.027562,-239624817.287911,-0.006883,0.006835,0.025289,-1.187919,0.000976
4120.743232,158750,70,2,0.000000,-0.000073,0.000000,0.009144,-0.015537,0.016106,0.031643,180074894.297435,-0.007899,0.007831,0.023320,-1.189280,0.000976
5164.282576,158750,70,2,0.000000,-0.000069,0.000000,0.010231,-0.017409,0.018015,0.035424,327380352.553534,-0.008828,0.008755,0.021705,-1.187640,0.000976
8117.332917,158750,70,2,0.000000,-0.000091,0.000000,0.012726,-0.021639,0.022420,0.044058,191641766.213363,-0.010989,0.010919,0.023636,-1.187298,0.000976
10585.190130,158740,70,2,-0.000000,-0.000069,-0.000000,0.014301,-0.024347,0.025046,0.049392,-385378606.310611,-0.012375,0.012318,0.018682,-1.192146,0.000976
13652.170410,158750,70,2,0.000000,-0.000107,0.000000,0.016093,-0.027432,0.028182,0.055614,823981148.526852,-0.013874,0.013809,0.017816,-1.190071,0.000976
22400.533490,158750,70,2,0.000000,-0.000102,0.000000,0.020385,-0.034675,0.035657,0.070332,673364649.331501,-0.017604,0.017509,0.016528,-1.193126,0.000976
28437.152740,158750,70,2,0.000000,-0.000148,0.000000,0.022801,-0.038743,0.039900,0.078644,324282903.857597,-0.019715,0.019596,0.019223,-1.193554,0.000976
36873.756290,158750,70,2,-0.000000,-0.000140,-0.000000,0.025666,-0.043660,0.044866,0.088527,-611208153.795270,-0.022173,0.022080,0.016478,-1.193592,0.000976
60190.318510,158750,70,2,-0.000000,-0.000143,-0.000000,0.031920,-0.054353,0.055727,0.110079,-760148252.183959,-0.027543,0.027427,0.015101,-1.192725,0.000976
78425.361830,158760,70,2,0.000000,-0.000157,0.000000,0.036082,-0.061339,0.062915,0.124254,923692375.692792,-0.031228,0.031080,0.015936,-1.195386,0.000976
99306.087360,158750,70,2,0.000000,-0.000114,0.000000,0.040343,-0.068600,0.070310,0.138910,1180317626.853853,-0.034891,0.034722,0.012962,-1.195891,0.000976
129117.402500,158750,70,2,-0.000000,-0.000222,-0.000000,0.045382,-0.077094,0.079170,0.156264,-2581722812.377023,-0.039227,0.039042,0.015556,-1.194978,0.000976
169338.382100,158750,70,2,0.000000,-0.000288,0.000000,0.051100,-0.086776,0.089168,0.175944,2491735145.388098,-0.044214,0.043926,0.016339,-1.194413,0.000976
218648.626800,158750,70,2,0.000000,-0.000191,0.000000,0.056594,-0.096059,0.099031,0.195091,1756120633.882928,-0.048995,0.048772,0.018252,-1.194146,0.000976
285984.813500,158750,70,2,0.000000,-0.000262,0.000000,0.063683,-0.108047,0.111545,0.219591,1590510737.960556,-0.055063,0.054764,0.019740,-1.191966,0.000976
377878.413800,158760,70,2,-0.000000,-0.000500,-0.000000,0.071772,-0.121742,0.125545,0.247288,-1986335557.420093,-0.061978,0.061581,0.019719,-1.192876,0.000976
492975.682600,158750,70,2,-0.000000,-0.000420,-0.000000,0.080751,-0.136933,0.141372,0.278305,-2851349839.383773,-0.069887,0.069462,0.020137,-1.192822,0.000976
856584.172500,158750,70,2,0.000000,-0.000363,0.000000,0.101533,-0.172359,0.177252,0.349611,2034708880485835.250000,-0.087905,0.087462,0.016057,-1.194418,0.000976
2406.348567,177890,70,2,-0.000000,-0.000053,-0.000000,0.006211,-0.010556,0.010929,0.021485,-265012966.465612,-0.005371,0.005328,0.023077,-1.188597,0.000976
3083.167585,177890,70,2,0.000000,-0.000060,0.000000,0.006999,-0.011890,0.012316,0.024206,31572410.820198,-0.006050,0.005997,0.023889,-1.187636,0.000976
4118.749689,177880,70,2,0.000000,-0.000052,0.000000,0.008025,-0.013617,0.014100,0.027717,117400758.739090,-0.006928,0.006876,0.023425,-1.189781,0.000976
5223.268917,177890,70,2,0.000000,-0.000062,0.000000,0.008961,-0.015231,0.015735,0.030967,163862165.300416,-0.007757,0.007693,0.020793,-1.190230,0.000976
6384.546499,177890,70,2,0.000000,-0.000087,0.000000,0.009965,-0.016922,0.017526,0.034447,600248544.836515,-0.008623,0.008544,0.023966,-1.188690,0.000976
8111.442472,177890,70,2,-0.000000,-0.000070,-0.000000,0.011174,-0.018976,0.019652,0.038629,-220051194.845322,-0.009645,0.009576,0.024815,-1.188951,0.000976
10520.031170,177890,70,2,0.000000,-0.000092,0.000000,0.012523,-0.021313,0.021876,0.043189,164407789.955009,-0.010833,0.010794,0.017778,-1.193461,0.000976
13299.986720,177880,70,2,0.000000,-0.000065,0.000000,0.014116,-0.023977,0.024648,0.048624,126799088.521788,-0.012209,0.012151,0.018320,-1.195384,0.000976
22263.328400,177890,70,2,0.000000,-0.000083,0.000000,0.017862,-0.030399,0.031148,0.061547,415696892.000724,-0.015459,0.015404,0.014768,-1.194548,0.000976
35601.215450,177890,70,2,0.000000,-0.000137,0.000000,0.022484,-0.038200,0.039237,0.077436,1151179732.399057,-0.019452,0.019365,0.017091,-1.193983,0.000976
45815.364590,177890,70,2,0.000000,-0.000122,0.000000,0.025042,-0.042561,0.043637,0.086199,366335010.815575,-0.021679,0.021592,0.015300,-1.194692,0.000976
58384.463140,177890,70,2,-0.000000,-0.000195,-0.000000,0.028042,-0.047587,0.048886,0.096473,-624248058.086483,-0.024283,0.024186,0.017493,-1.195160,0.000976
75586.212940,177890,70,2,-0.000000,-0.000127,-0.000000,0.031679,-0.053795,0.055150,0.108945,-3243924970.378514,-0.027432,0.027297,0.014227,-1.194802,0.000976
96411.809140,177890,70,2,0.000000,-0.000144,0.000000,0.035380,-0.060067,0.061544,0.121611,1035117994.842496,-0.030678,0.030510,0.014323,-1.196678,0.000976
160117.468900,177880,70,2,0.000000,-0.000131,0.000000,0.044763,-0.075960,0.077858,0.153818,636631310.562396,-0.038697,0.038549,0.014778,-1.195851,0.000976
204956.861900,177890,70,2,-0.000000,-0.000189,-0.000000,0.049663,-0.084149,0.086763,0.170911,-2034203046.945644,-0.042916,0.042650,0.018605,-1.194120,0.000976
267545.416800,177880,70,2,-0.000000,-0.000359,-0.000000,0.055865,-0.094668,0.097589,0.192257,-4086171848.231273,-0.048337,0.048080,0.019865,-1.193886,0.000976
350717.544100,177880,70,2,-0.000000,-0.000379,-0.000000,0.063011,-0.106749,0.110055,0.216804,-4301551082.135199,-0.054521,0.054238,0.018797,-1.193554,0.000976
456902.868200,177880,70,2,0.000000,-0.000436,0.000000,0.070842,-0.119897,0.123709,0.243606,1170030015.393565,-0.061284,0.061037,0.019550,-1.194111,0.000976
596572.523100,177880,70,2,-0.000000,-0.000417,-0.000000,0.079506,-0.134603,0.138605,0.273208,-13569068330.248270,-0.068816,0.068600,0.017405,-1.195575,0.000976
782569.253400,177890,70,2,-0.000000,-0.000276,-0.000000,0.089045,-0.150897,0.155129,0.306026,-10131358595.156733,-0.076950,0.076544,0.015326,-1.195645,0.000976
4257.975692,199170,70,2,0.000000,-0.000051,0.000000,0.007177,-0.012166,0.012622,0.024788,459350343.925034,-0.006208,0.006175,0.023292,-1.190804,0.000976
6626.088298,199170,70,2,0.000000,-0.000071,0.000000,0.008920,-0.015113,0.015690,0.030803,351304552.564349,-0.007720,0.007672,0.024196,-1.191372,0.000976
8321.054016,199160,70,2,0.000000,-0.000083,0.000000,0.010021,-0.016983,0.017621,0.034604,155475445.918372,-0.008653,0.008595,0.024252,-1.189536,0.000976
10657.338590,199150,70,2,-0.000000,-0.000031,-0.000000,0.011213,-0.019047,0.019561,0.038608,-85056295.739166,-0.009691,0.009647,0.016599,-1.194665,0.000976
13760.425630,199170,70,2,0.000000,-0.000041,0.000000,0.012615,-0.021430,0.022035,0.043464,253288147.731797,-0.010910,0.010834,0.015568,-1.194174,0.000976
22590.350130,199160,70,2,-0.000000,-0.000070,-0.000000,0.016011,-0.027196,0.027912,0.055108,-512356279.834453,-0.013862,0.013822,0.014094,-1.195344,0.000976
28585.783100,199160,70,2,-0.000000,-0.000087,-0.000000,0.017893,-0.030366,0.031202,0.061568,-964363519.130399,-0.015515,0.015439,0.015057,-1.196248,0.000976
36021.340800,199170,70,2,-0.000000,-0.000104,-0.000000,0.020123,-0.034118,0.035144,0.069261,-1717202915.904975,-0.017426,0.017363,0.016732,-1.195703,0.000976
45770.889140,199170,70,2,-0.000000,-0.000088,-0.000000,0.022399,-0.037981,0.039064,0.077045,-2293644849.972363,-0.019428,0.019336,0.016151,-1.197380,0.000976
75225.727900,199160,70,2,0.000000,-0.000141,0.000000,0.028358,-0.048063,0.049381,0.097445,2074154866.330724,-0.024531,0.024482,0.015434,-1.197164,0.000976
95524.409550,199160,70,2,0.000000,-0.000182,0.000000,0.031664,-0.053699,0.055070,0.108769,1157982769.262019,-0.027344,0.027325,0.013590,-1.196909,0.000976
123473.714500,199170,70,2,-0.000000,-0.000163,-0.000000,0.035587,-0.060320,0.061972,0.122292,-792191343.087986,-0.030822,0.030725,0.014508,-1.196631,0.000976
156779.708700,199170,70,2,0.000000,-0.000185,0.000000,0.040078,-0.067858,0.069827,0.137685,20519710163.402794,-0.034724,0.034604,0.015662,-1.196982,0.000976
200620.956500,199170,70,2,-0.000000,-0.000262,-0.000000,0.044439,-0.075228,0.077600,0.152828,-858602168.592741,-0.038456,0.038306,0.016642,-1.196038,0.000976
259432.993200,199160,70,2,0.000000,-0.000223,0.000000,0.049941,-0.084507,0.087241,0.171748,1136429876.240612,-0.043177,0.042914,0.018549,-1.194780,0.000976
339430.729600,199160,70,2,0.000000,-0.000234,0.000000,0.056427,-0.095405,0.098491,0.193896,2512244780.351246,-0.048858,0.048497,0.018044,-1.196596,0.000976
440867.916500,199170,70,2,-0.000000,-0.000505,-0.000000,0.063220,-0.106880,0.110486,0.217366,-9248153961.736238,-0.054751,0.054431,0.019079,-1.195697,0.000976
571815.285500,199170,70,2,-0.000000,-0.000459,-0.000000,0.071077,-0.120144,0.124032,0.244176,-1427110843.452919,-0.061399,0.061162,0.018074,-1.196376,0.000976
742184.565200,199160,70,2,0.000000,-0.000313,0.000000,0.079754,-0.134826,0.138972,0.273798,2207254365.821616,-0.069035,0.068609,0.016174,-1.196597,0.000976
4247.894925,224180,70,2,-0.000000,-0.000057,-0.000000,0.006309,-0.010690,0.011084,0.021774,-153818013.314466,-0.005464,0.005417,0.022268,-1.192873,0.000976
5443.827939,224180,70,2,0.000000,-0.000044,0.000000,0.007079,-0.012007,0.012425,0.024432,61429009.931668,-0.006125,0.006078,0.018943,-1.192498,0.000976
8619.831887,224180,70,2,-0.000000,-0.000065,-0.000000,0.008819,-0.014932,0.015501,0.030433,-301038450.463231,-0.007640,0.007569,0.022304,-1.192036,0.000976
10850.809960,224180,70,2,-0.000000,-0.000036,-0.000000,0.009884,-0.016769,0.017264,0.034033,-778542040.065447,-0.008549,0.008515,0.014274,-1.195721,0.000976
13821.997760,224170,70,2,-0.000000,-0.000051,-0.000000,0.011119,-0.018865,0.019413,0.038278,-232369359.073435,-0.009595,0.009597,0.016642,-1.194957,0.000976
17783.805800,224180,70,2,0.000000,-0.000070,0.000000,0.012579,-0.021315,0.021961,0.043276,127529215.676931,-0.010888,0.010837,0.016044,-1.196011,0.000976
22666.864200,224170,70,2,0.000000,-0.000042,0.000000,0.014110,-0.023931,0.024592,0.048523,162347127.178634,-0.012190,0.012148,0.014203,-1.196360,0.000976
28304.299300,224180,70,2,0.000000,-0.000073,0.000000,0.015724,-0.026659,0.027434,0.054093,2012608816.668366,-0.013627,0.013547,0.014870,-1.197526,0.000976
36110.354390,224180,70,2,0.000000,-0.000102,0.000000,0.017697,-0.030004,0.030883,0.060887,402697264.712866,-0.015316,0.015238,0.015761,-1.195658,0.000976
45809.312280,224180,70,2,-0.000000,-0.000103,-0.000000,0.019751,-0.033455,0.034405,0.067860,-1555741041.470143,-0.017112,0.017067,0.013679,-1.198112,0.000976
57784.858880,224180,70,2,-0.000000,-0.000101,-0.000000,0.022094,-0.037390,0.038506,0.075896,-870161521.379608,-0.019116,0.019016,0.015131,-1.196455,0.000976
94218.550670,224180,70,2,0.000000,-0.000112,0.000000,0.027865,-0.047221,0.048414,0.095636,1141354205.907175,-0.024117,0.024061,0.010921,-1.198484,0.000976
120617.929500,224180,70,2,0.000000,-0.000152,0.000000,0.031330,-0.053013,0.054510,0.107523,641644837.545993,-0.027163,0.027005,0.012760,-1.198068,0.000976
155187.666500,224170,70,2,0.000000,-0.000135,0.000000,0.035303,-0.059679,0.061425,0.121104,5164381733.433843,-0.030537,0.030504,0.014266,-1.197587,0.000976
193580.776400,224180,70,2,0.000000,-0.000162,0.000000,0.039078,-0.066017,0.068246,0.134263,1250507885.799998,-0.033792,0.033685,0.017402,-1.196664,0.000976
249870.328600,224190,70,2,-0.000000,-0.000355,-0.000000,0.044039,-0.074317,0.076973,0.151290,-819932563.742852,-0.038151,0.037912,0.019124,-1.196012,0.000976
325390.482400,224180,70,2,0.000000,-0.000201,0.000000,0.049604,-0.083779,0.086633,0.170412,1181260796.242848,-0.042840,0.042775,0.017397,-1.195966,0.000976
420909.628500,224170,70,2,0.000000,-0.000330,0.000000,0.055822,-0.094139,0.097344,0.191484,2598240533.880800,-0.048333,0.048118,0.016822,-1.197762,0.000976
542796.734400,224180,70,2,0.000000,-0.000269,0.000000,0.062634,-0.105714,0.109208,0.214922,3206888356.550534,-0.054128,0.054023,0.015764,-1.196591,0.000976
705894.747800,224170,70,2,-0.000000,-0.000349,-0.000000,0.070207,-0.118593,0.122106,0.240699,-2765063955.727231,-0.060741,0.060548,0.013644,-1.197728,0.000976
5658.817577,251230,70,2,-0.000000,-0.000030,-0.000000,0.006430,-0.010886,0.011282,0.022168,-438969557.292251,-0.005565,0.005530,0.019008,-1.193094,0.000976
6995.789699,251220,70,2,0.000000,-0.000055,0.000000,0.007123,-0.012047,0.012510,0.024557,143020021.285217,-0.006163,0.006134,0.021267,-1.192327,0.000976
8817.723989,251230,70,2,-0.000000,-0.000058,-0.000000,0.007997,-0.013517,0.014049,0.027566,-132071230.910210,-0.006921,0.006863,0.022524,-1.192420,0.000976
11496.602600,251220,70,2,-0.000000,-0.000030,-0.000000,0.008968,-0.015192,0.015643,0.030835,-166959444.596504,-0.007767,0.007722,0.014057,-1.196857,0.000976
14297.219060,251220,70,2,-0.000000,-0.000056,-0.000000,0.010106,-0.017094,0.017643,0.034737,-383282468.124006,-0.008744,0.008710,0.016266,-1.198644,0.000976
18266.229860,251220,70,2,0.000000,-0.000049,0.000000,0.011384,-0.019274,0.019857,0.039131,91791854.440900,-0.009873,0.009797,0.014774,-1.197480,0.000976
23138.254990,251220,70,2,0.000000,-0.000043,0.000000,0.012747,-0.021610,0.022207,0.043817,567530319.864290,-0.011052,0.010984,0.012588,-1.197949,0.000976
29005.723460,251220,70,2,-0.000000,-0.000063,-0.000000,0.014263,-0.024140,0.024869,0.049009,-178110722.922596,-0.012330,0.012302,0.014344,-1.197662,0.000976
37090.534020,251230,70,2,0.000000,-0.000054,0.000000,0.016032,-0.027154,0.027947,0.055101,321888702.539319,-0.013872,0.013823,0.014642,-1.197311,0.000976
46934.011330,251230,70,2,0.000000,-0.000037,0.000000,0.017852,-0.030271,0.031051,0.061322,703080945.154474,-0.015449,0.015405,0.010805,-1.198784,0.000976
75774.566090,251220,70,2,0.000000,-0.000066,0.000000,0.022603,-0.038236,0.039309,0.077545,445104459.749456,-0.019557,0.019469,0.012177,-1.198122,0.000976
95624.036630,251230,70,2,-0.000000,-0.000032,-0.000000,0.025275,-0.042725,0.043895,0.086620,-2875681187.003913,-0.021913,0.021833,0.010749,-1.200778,0.000976
121700.785400,251220,70,2,0.000000,-0.000092,0.000000,0.028381,-0.047984,0.049338,0.097322,4843729207.083958,-0.024522,0.024536,0.011560,-1.198400,0.000976
156731.840900,251220,70,2,0.000000,-0.000105,0.000000,0.032011,-0.054047,0.055618,0.109665,1489943603.751650,-0.027674,0.027687,0.011815,-1.199416,0.000976
249635.729500,251220,70,2,0.000000,-0.000139,0.000000,0.039847,-0.067178,0.069532,0.136710,8160751563.243718,-0.034489,0.034327,0.017104,-1.197515,0.000976
323966.507200,251230,70,2,-0.000000,-0.000244,-0.000000,0.044890,-0.075718,0.078291,0.154009,-581861366.469829,-0.038762,0.038747,0.015495,-1.197178,0.000976
417453.404800,251230,70,2,-0.000000,-0.000258,-0.000000,0.050554,-0.085168,0.088137,0.173305,-1399104630.599622,-0.043719,0.043653,0.015122,-1.198112,0.000976
539271.573600,251230,70,2,0.000000,-0.000282,0.000000,0.056705,-0.095576,0.098696,0.194272,1569346039.023527,-0.049020,0.048971,0.014337,-1.198587,0.000976
694781.493900,251230,70,2,0.000000,-0.000334,0.000000,0.063607,-0.107166,0.110710,0.217877,4070865938.049070,-0.054991,0.054891,0.013961,-1.198882,0.000976
7118.263240,282490,70,2,0.000000,-0.000048,0.000000,0.006410,-0.010834,0.011256,0.022090,75442676.088506,-0.005545,0.005523,0.020569,-1.194139,0.000976
11480.475620,282480,70,2,-0.000000,-0.000041,-0.000000,0.008037,-0.013593,0.014038,0.027630,-94593634.461749,-0.006959,0.006943,0.016883,-1.197295,0.000976
14620.026050,282480,70,2,-0.000000,-0.000045,-0.000000,0.009051,-0.015313,0.015798,0.031111,-54843426.671712,-0.007828,0.007826,0.014711,-1.197827,0.000976
18744.580140,282480,70,2,0.000000,-0.000042,0.000000,0.010230,-0.017304,0.017826,0.035129,1163911116.007559,-0.008854,0.008843,0.012669,-1.197657,0.000976
23774.696300,282490,70,2,-0.000000,-0.000029,-0.000000,0.011462,-0.019397,0.019966,0.039363,-189300836.672629,-0.009909,0.009887,0.011604,-1.198648,0.000976
29772.079050,282490,70,2,-0.000000,-0.000058,-0.000000,0.012817,-0.021671,0.022342,0.044012,-504773524.083265,-0.011077,0.011043,0.013695,-1.197689,0.000976
38211.103680,282480,70,2,-0.000000,-0.000079,-0.000000,0.014456,-0.024426,0.025207,0.049632,-510437004.299645,-0.012510,0.012446,0.013541,-1.197016,0.000976
59719.145750,282480,70,2,-0.000000,-0.000028,-0.000000,0.017964,-0.030351,0.031238,0.061589,-437967303.260110,-0.015586,0.015546,0.011793,-1.199966,0.000976
76728.632340,282480,70,2,-0.000000,-0.000098,-0.000000,0.020322,-0.034320,0.035327,0.069647,-671284914.339326,-0.017601,0.017561,0.011444,-1.199402,0.000976
157262.113200,282490,70,2,-0.000000,-0.000099,-0.000000,0.028693,-0.048383,0.049886,0.098270,-4897007743.249156,-0.024829,0.024728,0.012231,-1.198776,0.000976
249653.533600,282480,70,2,-0.000000,-0.000128,-0.000000,0.035835,-0.060320,0.062460,0.122779,-3057922839.357200,-0.031016,0.030846,0.015083,-1.198658,0.000976
322525.611400,282490,70,2,-0.000000,-0.000088,-0.000000,0.040444,-0.068081,0.070417,0.138499,-690241038.272772,-0.035086,0.034914,0.012790,-1.198767,0.000976
414754.671900,282490,70,2,0.000000,-0.000143,0.000000,0.045329,-0.076224,0.078989,0.155213,1719142978.208150,-0.039331,0.039135,0.015177,-1.199328,0.000976
9091.330946,316470,70,2,-0.000000,-0.000041,-0.000000,0.006393,-0.010780,0.011210,0.021990,-61179194.696335,-0.005522,0.005496,0.019766,-1.195445,0.000976
11579.016990,316460,70,2,-0.000000,-0.000036,-0.000000,0.007147,-0.012073,0.012476,0.024548,-143494238.340996,-0.006185,0.006168,0.013814,-1.197833,0.000976
14759.733180,316470,70,2,0.000000,-0.000024,0.000000,0.008057,-0.013610,0.014060,0.027670,152776366.293227,-0.006986,0.006953,0.012912,-1.198254,0.000976
18834.041030,316460,70,2,0.000000,-0.000026,0.000000,0.009091,-0.015375,0.015825,0.031199,163310908.572259,-0.007852,0.007847,0.011311,-1.198800,0.000976
23894.608270,316470,70,2,-0.000000,-0.000010,-0.000000,0.010194,-0.017230,0.017746,0.034977,-99412872.875389,-0.008834,0.008798,0.009327,-1.198150,0.000976
29746.445430,316460,70,2,0.000000,-0.000048,0.000000,0.011377,-0.019207,0.019840,0.039047,613160057.645771,-0.009837,0.009834,0.013261,-1.197849,0.000976
38091.051980,316460,70,2,0.000000,-0.000050,0.000000,0.012848,-0.021663,0.022378,0.044041,822290995.753544,-0.011122,0.011079,0.012037,-1.199793,0.000976
47242.295090,316470,70,2,0.000000,-0.000029,0.000000,0.014232,-0.024056,0.024743,0.048799,251270391.592357,-0.012306,0.012272,0.009659,-1.199129,0.000976
59521.024720,316460,70,2,-0.000000,-0.000062,-0.000000,0.015970,-0.026931,0.027764,0.054694,-1022049543.495734,-0.013827,0.013834,0.009835,-1.200347,0.000976
76571.676470,316460,70,2,-0.000000,-0.000046,-0.000000,0.018049,-0.030460,0.031349,0.061808,-313253097.781646,-0.015611,0.015600,0.009063,-1.199289,0.000976
96321.466860,316460,70,2,0.000000,-0.000046,0.000000,0.020169,-0.033989,0.035022,0.069010,1588715979.137275,-0.017455,0.017410,0.009748,-1.201229,0.000976
122712.082600,316470,70,2,-0.000000,-0.000049,-0.000000,0.022688,-0.038200,0.039400,0.077599,-414863116.244656,-0.019618,0.019566,0.010189,-1.200173,0.000976
156250.607700,316470,70,2,0.000000,-0.000082,0.000000,0.025573,-0.043006,0.044402,0.087408,1007186309.976575,-0.022130,0.022063,0.010772,-1.200895,0.000976
195086.262900,316470,70,2,0.000000,-0.000074,0.000000,0.028247,-0.047528,0.049214,0.096742,1522347103.824165,-0.024464,0.024344,0.013229,-1.198946,0.000976
249494.124800,316470,70,2,0.000000,-0.000114,0.000000,0.031846,-0.053547,0.055502,0.109049,1811668055.234237,-0.027580,0.027468,0.012619,-1.198681,0.000976
316368.862800,316470,70,2,-0.000000,-0.000087,-0.000000,0.035929,-0.060342,0.062557,0.122899,-721395760.986665,-0.031140,0.031036,0.014070,-1.199725,0.000976
405420.423900,316460,70,2,-0.000000,-0.000158,-0.000000,0.040319,-0.067646,0.070178,0.137824,-2580448408.783281,-0.034976,0.034807,0.015064,-1.200090,0.000976
518344.947800,316460,70,2,0.000000,-0.000163,0.000000,0.045285,-0.076013,0.078738,0.154751,4215573035.841011,-0.039161,0.039071,0.012301,-1.199996,0.000976
666541.379500,316460,70,2,-0.000000,-0.000166,-0.000000,0.050742,-0.085148,0.088164,0.173312,-8659944973.416964,-0.043882,0.043762,0.011459,-1.200890,0.000976
11608.320780,354580,70,2,-0.000000,-0.000017,-0.000000,0.006266,-0.010576,0.010935,0.021511,-105184882.615906,-0.005431,0.005407,0.010842,-1.197638,0.000976
23850.925440,354590,70,2,0.000000,-0.000015,0.000000,0.008960,-0.015094,0.015620,0.030714,114681970.518959,-0.007757,0.007744,0.012062,-1.198692,0.000976
37484.093250,354590,70,2,-0.000000,-0.000033,-0.000000,0.011244,-0.018937,0.019598,0.038536,-169319659.950606,-0.009723,0.009718,0.013103,-1.198870,0.000976
47191.968400,354590,70,2,-0.000000,-0.000018,-0.000000,0.012499,-0.021078,0.021719,0.042797,-581770837.011851,-0.010807,0.010806,0.008549,-1.200365,0.000976
59161.925640,354580,70,2,0.000000,-0.000061,0.000000,0.013966,-0.023520,0.024268,0.047788,105153014.953071,-0.012085,0.012050,0.010456,-1.200655,0.000976
75794.356950,354600,70,2,-0.000000,-0.000006,-0.000000,0.015801,-0.026601,0.027460,0.054061,-190356572.325284,-0.013655,0.013624,0.009676,-1.199611,0.000976
95038.046150,354580,70,2,-0.000000,-0.000049,-0.000000,0.017703,-0.029750,0.030711,0.060461,-3625578581.960275,-0.015355,0.015314,0.009085,-1.201553,0.000976
120335.223700,354580,70,2,-0.000000,-0.000038,-0.000000,0.019833,-0.033331,0.034429,0.067760,-173578444.246598,-0.017163,0.017116,0.009788,-1.201628,0.000976
153500.064100,354590,70,2,-0.000000,-0.000059,-0.000000,0.022402,-0.037572,0.038921,0.076493,-573482135.381443,-0.019415,0.019379,0.010417,-1.201104,0.000976
308801.630600,354590,70,2,-0.000000,-0.000078,-0.000000,0.031399,-0.052647,0.054689,0.107336,-1071743590.287089,-0.027116,0.027145,0.013211,-1.199279,0.000976
392932.679000,354600,70,2,0.000000,-0.000144,0.000000,0.035337,-0.059118,0.061537,0.120656,1723094761.558594,-0.030692,0.030481,0.013516,-1.200908,0.000976
500546.170400,354600,70,2,-0.000000,-0.000205,-0.000000,0.039661,-0.066325,0.068989,0.135314,-1504183126.692923,-0.034429,0.034176,0.013369,-1.201123,0.000976
641243.141000,354590,70,2,0.000000,-0.000096,0.000000,0.044478,-0.074387,0.077315,0.151702,3253228971.666692,-0.038521,0.038467,0.012117,-1.201676,0.000976
19697.713580,396800,70,2,0.000000,-0.000020,0.000000,0.007377,-0.012420,0.012846,0.025265,66267373.589452,-0.006402,0.006365,0.010558,-1.199886,0.000976
24833.302080,396800,70,2,0.000000,-0.000028,0.000000,0.008251,-0.013910,0.014374,0.028284,126102712.775366,-0.007144,0.007110,0.010430,-1.197980,0.000976
31089.497740,396800,70,2,0.000000,-0.000011,0.000000,0.009253,-0.015557,0.016118,0.031675,108905702.978698,-0.007998,0.007974,0.011146,-1.199459,0.000976
38990.010460,396800,70,2,0.000000,-0.000030,0.000000,0.010395,-0.017496,0.018083,0.035579,105391912.649842,-0.008995,0.008972,0.010543,-1.199897,0.000976
61498.365160,396800,70,2,0.000000,-0.000010,0.000000,0.012945,-0.021746,0.022509,0.044255,122736659.014361,-0.011195,0.011163,0.010523,-1.200298,0.000976
99026.835640,396800,70,2,0.000000,-0.000006,0.000000,0.016357,-0.027442,0.028383,0.055825,408537756.936484,-0.014153,0.014121,0.008712,-1.201328,0.000976
125228.110900,396790,70,2,-0.000000,-0.000045,-0.000000,0.018409,-0.030828,0.031908,0.062736,-438390861.061171,-0.015987,0.015931,0.008915,-1.204124,0.000976
159050.196000,396800,70,2,-0.000000,-0.000015,-0.000000,0.020676,-0.034635,0.035850,0.070485,-1176219435.267381,-0.017928,0.017886,0.009150,-1.202803,0.000976
318175.124300,396800,70,2,-0.000000,-0.000065,-0.000000,0.029088,-0.048584,0.050623,0.099206,-1861631352.401999,-0.025158,0.025159,0.013117,-1.202056,0.000976
405387.172200,396810,70,2,-0.000000,-0.000110,-0.000000,0.032682,-0.054542,0.056839,0.111381,-33465582242.699596,-0.028325,0.028222,0.013060,-1.201733,0.000976
515178.924000,396800,70,2,-0.000000,-0.000115,-0.000000,0.036635,-0.061175,0.063613,0.124788,-37513312397.298279,-0.031781,0.031595,0.010538,-1.201834,0.000976
658330.588000,396800,70,2,0.000000,-0.000015,0.000000,0.041053,-0.068518,0.071269,0.139787,3503150669.926852,-0.035505,0.035533,0.010827,-1.202515,0.000976
23896.785330,446410,70,2,-0.000000,-0.000002,-0.000000,0.006989,-0.011737,0.012164,0.023901,-130116791.101988,-0.006065,0.006036,0.009640,-1.200070,0.000976
29802.379730,446410,70,2,0.000000,-0.000003,0.000000,0.007820,-0.013107,0.013625,0.026732,127113389.567311,-0.006783,0.006757,0.011374,-1.200235,0.000976
37527.533020,446400,70,2,0.000000,-0.000021,0.000000,0.008803,-0.014750,0.015328,0.030077,231147569.270575,-0.007619,0.007582,0.011258,-1.199499,0.000976
59563.276020,446400,70,2,0.000000,-0.000029,0.000000,0.010993,-0.018393,0.019101,0.037494,304241249.290880,-0.009515,0.009496,0.010018,-1.200636,0.000976
76622.221600,446410,70,2,-0.000000,-0.000001,-0.000000,0.012430,-0.020802,0.021578,0.042380,-100221593.494432,-0.010748,0.010748,0.008391,-1.201956,0.000976
95404.067040,446400,70,2,-0.000000,-0.000035,-0.000000,0.013871,-0.023206,0.024031,0.047237,-236723883.640667,-0.012025,0.011989,0.007353,-1.202922,0.000976
120684.281100,446410,70,2,0.000000,-0.000013,0.000000,0.015576,-0.026031,0.027025,0.053056,498437379.497951,-0.013495,0.013444,0.007580,-1.202633,0.000976
152880.115400,446400,70,2,0.000000,-0.000049,0.000000,0.017539,-0.029289,0.030409,0.059698,748309917.830804,-0.015207,0.015138,0.008461,-1.203273,0.000976
191419.029600,446400,70,2,-0.000000,-0.000043,-0.000000,0.019500,-0.032508,0.033952,0.066460,-443727342.851222,-0.016935,0.016860,0.013256,-1.201230,0.000976
239889.748500,446400,70,2,-0.000000,-0.000034,-0.000000,0.021949,-0.036568,0.038188,0.074757,-307882197.028648,-0.019040,0.018962,0.012740,-1.201992,0.000976
305783.602000,446410,70,2,0.000000,-0.000038,0.000000,0.024655,-0.041084,0.042883,0.083967,4207774524.244501,-0.021378,0.021338,0.012174,-1.201710,0.000976
386517.658300,446400,70,2,0.000000,-0.000101,0.000000,0.027754,-0.046108,0.048286,0.094394,1776261143.728856,-0.024064,0.023943,0.014582,-1.203167,0.000976
623033.326400,446410,70,2,0.000000,-0.000107,0.000000,0.034881,-0.057965,0.060574,0.118539,1984331704.433531,-0.030198,0.030108,0.011847,-1.203583,0.000976
6015.668219,56180,70,2,-0.000000,-0.000019,-0.000000,0.034863,-0.059763,0.060562,0.120326,-870714948.333958,-0.030169,0.030136,0.008496,-1.198487,0.000976
8205.304124,56180,70,2,-0.000000,-0.000045,-0.000000,0.039537,-0.067739,0.068706,0.136445,-10121478321.998451,-0.034193,0.034191,0.008910,-1.198521,0.000976
11216.054130,56180,70,2,0.000000,-0.000014,0.000000,0.045135,-0.077334,0.078427,0.155760,1593738025.980756,-0.039061,0.039024,0.008958,-1.198340,0.000976
15231.820660,56180,70,2,-0.000000,-0.000041,-0.000000,0.050809,-0.087064,0.088237,0.175300,-5780882303.683137,-0.043969,0.043980,0.008767,-1.199157,0.000976
20143.415620,56180,70,2,-0.000000,-0.000000,-0.000000,0.056271,-0.096513,0.097726,0.194239,-11524388720.073664,-0.048635,0.048662,0.007988,-1.197807,0.000976
26755.892580,56180,70,2,-0.000000,-0.000010,-0.000000,0.062792,-0.107646,0.109043,0.216689,-10716528571.545088,-0.054326,0.054306,0.007966,-1.198644,0.000976
51103.274350,56180,70,2,-0.000000,-0.000086,-0.000000,0.080039,-0.137026,0.139011,0.276037,-10244964803.338480,-0.069243,0.069188,0.010832,-1.198561,0.000976
70483.778190,56170,70,2,0.000000,-0.000171,0.000000,0.090041,-0.154127,0.156248,0.310375,10244713530.110634,-0.077946,0.077749,0.010177,-1.198200,0.000976
97789.131890,56170,70,2,-0.000000,-0.000328,-0.000000,0.101633,-0.173901,0.176251,0.350153,-52036245178.064148,-0.088039,0.087817,0.010946,-1.199356,0.000976
132243.224100,56180,70,2,-0.000000,-0.000028,-0.000000,0.112689,-0.193145,0.195573,0.388718,-4615742699.464889,-0.097421,0.097376,0.009220,-1.197825,0.000976
180733.516200,56180,70,2,0.000000,-0.000120,0.000000,0.126918,-0.217377,0.220231,0.437608,1876734588572485.250000,-0.109740,0.109716,0.010015,-1.198927,0.000976
246372.428500,56180,70,2,0.000000,-0.000213,0.000000,0.142602,-0.244222,0.247558,0.491780,36505954408.836754,-0.123304,0.123277,0.010143,-1.198190,0.000976
330066.832000,56180,70,2,0.000000,-0.000043,0.000000,0.158426,-0.271393,0.274777,0.546170,5594094237.542742,-0.136834,0.137001,0.009226,-1.198198,0.000976
6515.720194,70790,70,2,0.000000,-0.000023,0.000000,0.031308,-0.053742,0.054594,0.108336,1687341126.033762,-0.027075,0.026945,0.008464,-1.194134,0.000976
9073.712854,70800,70,2,-0.000000,-0.000000,-0.000000,0.035795,-0.061489,0.062378,0.123867,-1357547794.925468,-0.030962,0.030875,0.008027,-1.194337,0.000976
12077.010670,70800,70,2,-0.000000,-0.000000,-0.000000,0.040330,-0.069254,0.070261,0.139515,-5899752400.143375,-0.034877,0.034801,0.008076,-1.194792,0.000976
15515.733750,70800,70,2,0.000000,0.000000,0.000000,0.044594,-0.076590,0.077690,0.154280,1826554129.567375,-0.038526,0.038471,0.007753,-1.194733,0.000976
20678.159270,70800,70,2,0.000000,0.000000,0.000000,0.049890,-0.085688,0.086916,0.172604,1419101262.037732,-0.043081,0.043039,0.007806,-1.195058,0.000976
28030.008990,70800,70,2,-0.000000,-0.000000,-0.000000,0.056153,-0.096439,0.097851,0.194289,-14375190150.402512,-0.048500,0.048432,0.007644,-1.194540,0.000976
53661.691740,70800,70,2,-0.000000,-0.000003,-0.000000,0.071466,-0.122554,0.124321,0.246875,-3326428166.567158,-0.061940,0.061694,0.009590,-1.196372,0.000976
73106.038270,70800,70,2,-0.000000,-0.000000,-0.000000,0.080512,-0.138055,0.140058,0.278113,-1648891048.927032,-0.069679,0.069509,0.009800,-1.195877,0.000976
98971.498910,70800,70,2,0.000000,-0.000076,0.000000,0.089409,-0.153443,0.155467,0.308910,3662215530.771111,-0.077508,0.077119,0.008552,-1.196093,0.000976
135455.531800,70800,70,2,-0.000000,-0.000000,-0.000000,0.100662,-0.172717,0.175019,0.347735,-2342673254.925178,-0.087253,0.086877,0.008559,-1.196146,0.000976
186018.043000,70800,70,2,0.000000,-0.000037,0.000000,0.113180,-0.194149,0.196900,0.391048,14487040996.825891,-0.098009,0.097769,0.009536,-1.195690,0.000976
4350.801415,79440,70,2,0.000000,0.000000,0.000000,0.024694,-0.042379,0.042985,0.085364,341706949.555282,-0.021390,0.021301,0.008097,-1.193527,0.000976
5775.911544,79440,70,2,-0.000000,-0.000000,-0.000000,0.027920,-0.047875,0.048673,0.096549,-733069312.560175,-0.024158,0.024066,0.010263,-1.192893,0.000976
8032.245708,79430,70,2,-0.000000,-0.000019,-0.000000,0.031894,-0.054685,0.055523,0.110208,-816494733.874652,-0.027550,0.027462,0.009309,-1.193507,0.000976
10827.390280,79440,70,2,0.000000,0.000000,0.000000,0.035967,-0.061721,0.062621,0.124343,1315374097.106188,-0.031150,0.031018,0.008589,-1.193482,0.000976
14062.502900,79440,70,2,0.000000,-0.000041,0.000000,0.039744,-0.068189,0.069214,0.137403,20349074931.725597,-0.034424,0.034232,0.008841,-1.193430,0.000976
18185.949190,79440,70,2,-0.000000,-0.000000,-0.000000,0.044490,-0.076368,0.077475,0.153843,-1035412860.069886,-0.038518,0.038362,0.008543,-1.192956,0.000976
24695.452190,79430,70,2,0.000000,-0.000017,0.000000,0.050139,-0.086025,0.087271,0.173296,2066812973419403.250000,-0.043282,0.043144,0.008590,-1.192933,0.000976
34104.416370,79430,70,2,-0.000000,-0.000090,-0.000000,0.056532,-0.096809,0.098258,0.195067,-1929610683.939854,-0.048813,0.048724,0.011514,-1.195188,0.000976
46765.977460,79430,70,2,0.000000,-0.000104,0.000000,0.063680,-0.109051,0.110609,0.219660,65209037119.180336,-0.055007,0.054939,0.010805,-1.195813,0.000976
64439.996320,79430,70,2,0.000000,-0.000095,0.000000,0.071737,-0.122877,0.124563,0.247440,1933124518.038842,-0.061978,0.061963,0.010646,-1.196224,0.000976
85867.564040,79430,70,2,0.000000,0.000000,0.000000,0.079748,-0.136668,0.138455,0.275123,6805158786.050083,-0.068915,0.068846,0.009323,-1.195424,0.000976
117860.729700,79430,70,2,-0.000000,-0.000083,-0.000000,0.089792,-0.153818,0.155912,0.309730,-2357620874.858808,-0.077554,0.077471,0.010073,-1.195757,0.000976
161486.422600,79430,70,2,-0.000000,-0.000081,-0.000000,0.100963,-0.173018,0.175261,0.348279,-10338639458.974850,-0.087150,0.087101,0.009527,-1.195292,0.000976
219319.340400,79440,70,2,-0.000000,-0.000293,-0.000000,0.112090,-0.192092,0.194647,0.386739,-57390098972.119751,-0.097060,0.096488,0.009263,-1.195644,0.000976
302027.695300,79430,70,2,0.000000,-0.000005,0.000000,0.126499,-0.216794,0.219383,0.436177,9964247821.724688,-0.109372,0.109262,0.008784,-1.195487,0.000976
409038.713000,79440,70,2,0.000000,-0.000227,0.000000,0.141996,-0.243406,0.246272,0.489678,36351343633.790268,-0.122834,0.122315,0.007818,-1.195959,0.000976
554812.347000,79440,70,2,-0.000000,-0.000163,-0.000000,0.158933,-0.272493,0.275500,0.547993,-23249739744.099297,-0.137517,0.136916,0.006990,-1.195907,0.000976
3980.956151,89200,70,2,0.000000,-0.000013,0.000000,0.021978,-0.037643,0.038226,0.075868,326166456.578452,-0.019026,0.018943,0.009992,-1.192805,0.000976
5260.252892,89200,70,2,-0.000000,-0.000005,-0.000000,0.024832,-0.042523,0.043256,0.085779,-25427658440.535130,-0.021472,0.021356,0.011807,-1.191135,0.000976
7337.319432,89200,70,2,-0.000000,-0.000050,-0.000000,0.028360,-0.048576,0.049352,0.097928,-330005601.007106,-0.024531,0.024430,0.010631,-1.192191,0.000976
9851.795412,89200,70,2,0.000000,-0.000075,0.000000,0.032009,-0.054824,0.055644,0.110468,1260665866.258544,-0.027679,0.027590,0.009686,-1.193069,0.000976
12690.488370,89200,70,2,-0.000000,-0.000069,-0.000000,0.035326,-0.060547,0.061404,0.121951,-613112093.184915,-0.030529,0.030420,0.008715,-1.192529,0.000976
16625.716190,89200,70,2,0.000000,-0.000025,0.000000,0.039507,-0.067693,0.068705,0.136397,1037323506.573370,-0.034166,0.034039,0.009618,-1.192277,0.000976
21963.977320,89200,70,2,-0.000000,-0.000082,-0.000000,0.044520,-0.076267,0.077455,0.153722,-1302539823.584243,-0.038498,0.038354,0.009913,-1.192206,0.000976
30432.307310,89200,70,2,-0.000000,-0.000152,-0.000000,0.050199,-0.085947,0.087132,0.173079,-3426911660.344030,-0.043390,0.043177,0.010260,-1.194149,0.000976
41808.748350,89200,70,2,0.000000,-0.000170,0.000000,0.056696,-0.097020,0.098386,0.195405,2902823684.942470,-0.049028,0.048749,0.010584,-1.194646,0.000976
56663.076540,89200,70,2,-0.000000,-0.000210,-0.000000,0.063775,-0.109143,0.110617,0.219760,-3437145048.756428,-0.055146,0.054845,0.010695,-1.195120,0.000976
75987.651180,89200,70,2,0.000000,-0.000158,0.000000,0.070908,-0.121422,0.122973,0.244395,24203413356.155716,-0.061293,0.060980,0.009559,-1.194739,0.000976
103967.099900,89200,70,2,0.000000,-0.000166,0.000000,0.079860,-0.136732,0.138473,0.275205,20444096366.785698,-0.069047,0.068714,0.009473,-1.194974,0.000976
263653.344400,89200,70,2,0.000000,-0.000279,0.000000,0.112466,-0.192483,0.194799,0.387282,115174887954.022675,-0.097230,0.096785,0.009313,-1.195808,0.000976
486290.367000,89200,70,2,-0.000000,-0.000143,-0.000000,0.141399,-0.242143,0.244716,0.486860,-24131778209.129200,-0.122234,0.121745,0.007552,-1.195852,0.000976
659733.339300,89200,70,2,0.000000,-0.000307,0.000000,0.159092,-0.272373,0.275334,0.547707,32582031542.169292,-0.137639,0.136956,0.008022,-1.196322,0.000976
3616.438762,99910,70,2,-0.000000,-0.000017,-0.000000,0.019680,-0.033686,0.034241,0.067927,-261724238.216742,-0.017037,0.016918,0.011934,-1.192362,0.000976
6616.230885,99910,70,2,-0.000000,-0.000007,-0.000000,0.025434,-0.043539,0.044253,0.087792,-1860283327.613741,-0.022025,0.021896,0.011835,-1.192041,0.000976
8778.098178,99910,70,2,0.000000,-0.000056,0.000000,0.028685,-0.049115,0.049888,0.099003,772988539.173756,-0.024823,0.024649,0.010954,-1.191705,0.000976
11377.509070,99910,70,2,0.000000,-0.000039,0.000000,0.031698,-0.054298,0.055121,0.109418,579616350.330826,-0.027432,0.027249,0.010423,-1.191853,0.000976
19855.506280,99910,70,2,0.000000,-0.000011,0.000000,0.039912,-0.068316,0.069455,0.137771,2151038618.496093,-0.034553,0.034361,0.011779,-1.191533,0.000976
26892.045760,99910,70,2,-0.000000,-0.000187,-0.000000,0.045007,-0.076959,0.078151,0.155110,-2003807026.050674,-0.038957,0.038686,0.012583,-1.193819,0.000976
36969.599100,99910,70,2,-0.000000,-0.000147,-0.000000,0.050795,-0.086899,0.088065,0.174965,-3250864065.008742,-0.043967,0.043739,0.010692,-1.195025,0.000976
66801.213840,99910,70,2,0.000000,-0.000142,0.000000,0.063574,-0.108823,0.110183,0.219005,10850028740.911348,-0.055000,0.054740,0.009824,-1.194681,0.000976
91045.724450,99910,70,2,-0.000000,-0.000208,-0.000000,0.071470,-0.122304,0.123936,0.246239,-6098765953.005636,-0.061841,0.061481,0.010213,-1.194248,0.000976
165797.144900,99900,70,2,0.000000,-0.000065,0.000000,0.089355,-0.152776,0.154890,0.307666,10166568454.994951,-0.077160,0.076979,0.011296,-1.194570,0.000976
228349.274700,99900,70,2,0.000000,-0.000189,0.000000,0.100880,-0.172526,0.174585,0.347111,34434325326.998802,-0.087255,0.086792,0.008952,-1.195394,0.000976
313271.615000,99910,70,2,0.000000,-0.000203,0.000000,0.113226,-0.193745,0.196035,0.389780,38647760084.823471,-0.097878,0.097605,0.009289,-1.195058,0.000976
425729.892500,99910,70,2,0.000000,-0.000191,0.000000,0.126639,-0.216720,0.219170,0.435889,25935774042.772060,-0.109574,0.109102,0.008611,-1.195276,0.000976
576032.848100,99910,70,2,0.000000,-0.000290,0.000000,0.142503,-0.243841,0.246623,0.490463,11224828395.212564,-0.123298,0.122737,0.008117,-1.195122,0.000976
777226.706400,99900,70,2,-0.000000,-0.000000,-0.000000,0.160184,-0.273906,0.277074,0.550981,-2733800058.876831,-0.138254,0.138025,0.008787,-1.195619,0.000976
3647.441651,112160,70,2,0.000000,-0.000021,0.000000,0.017424,-0.029851,0.030390,0.060240,575545232.228204,-0.015069,0.014978,0.011814,-1.191364,0.000976
4806.783385,112160,70,2,-0.000000,-0.000049,-0.000000,0.019745,-0.033796,0.034496,0.068292,-336985566.884217,-0.017080,0.016955,0.014606,-1.189975,0.000976
6559.713664,112170,70,2,0.000000,-0.000092,0.000000,0.022547,-0.038596,0.039310,0.077906,349818681.954292,-0.019462,0.019423,0.013110,-1.190902,0.000976
11097.407070,112170,70,2,0.000000,-0.000083,0.000000,0.028101,-0.048147,0.048950,0.097097,1598629575.297872,-0.024248,0.024182,0.011429,-1.190885,0.000976
19262.290210,112170,70,2,-0.000000,-0.000141,-0.000000,0.035480,-0.060727,0.061865,0.122592,-2422088072.341355,-0.030640,0.030545,0.013206,-1.190835,0.000976
26161.973010,112170,70,2,-0.000000,-0.000167,-0.000000,0.039921,-0.068240,0.069432,0.137672,-3406581080.246215,-0.034473,0.034304,0.013646,-1.194152,0.000976
35092.015280,112170,70,2,-0.000000,-0.000110,-0.000000,0.045102,-0.077187,0.078324,0.155511,-839725732.946450,-0.038928,0.038799,0.011085,-1.194294,0.000976
47161.575580,112170,70,2,0.000000,-0.000177,0.000000,0.050749,-0.086822,0.088132,0.174953,1267477537.791550,-0.043824,0.043646,0.011584,-1.194408,0.000976
62416.138480,112160,70,2,0.000000,-0.000179,0.000000,0.056393,-0.096566,0.097965,0.194531,2510713773.647227,-0.048759,0.048556,0.010356,-1.194132,0.000976
84680.272760,112160,70,2,0.000000,-0.000151,0.000000,0.063534,-0.108738,0.110404,0.219142,21686238332.928017,-0.054945,0.054811,0.011044,-1.193900,0.000976
14147.988450,56190,90,2,-0.000000,-0.000268,-0.000000,0.044693,-0.076247,0.078379,0.154626,-1204347691.206422,-0.038816,0.038534,0.020386,-1.195562,0.000976
26623.278530,56190,90,2,-0.000000,-0.000274,-0.000000,0.056564,-0.096595,0.098832,0.195426,-2413412996.284517,-0.049057,0.048760,0.016202,-1.197840,0.000976
35744.533570,56190,90,2,0.000000,-0.000333,0.000000,0.063239,-0.107880,0.110671,0.218552,2815518302.044838,-0.054941,0.054600,0.018308,-1.196849,0.000976
49434.761740,56190,90,2,-0.000000,-0.000454,-0.000000,0.071186,-0.121411,0.124684,0.246096,-3644704978.327624,-0.061708,0.061416,0.019234,-1.196541,0.000976
68127.042000,56190,90,2,0.000000,-0.000430,0.000000,0.079487,-0.135477,0.138955,0.274432,20348643873.888443,-0.069003,0.068669,0.018864,-1.198770,0.000976
92616.973470,56190,90,2,-0.000000,-0.000619,-0.000000,0.088712,-0.151270,0.155247,0.306517,-2162890211.713686,-0.076975,0.076581,0.020331,-1.196706,0.000976
178035.458800,56190,90,2,-0.000000,-0.000337,-0.000000,0.112050,-0.191560,0.195334,0.386894,-6749402691.771155,-0.097185,0.096473,0.013342,-1.197510,0.000976
241559.455800,56180,90,2,0.000000,-0.000740,0.000000,0.125984,-0.215046,0.219545,0.434591,32251456474.454781,-0.109116,0.108838,0.015606,-1.199248,0.000976
328661.240600,56180,90,2,0.000000,-0.000776,0.000000,0.142011,-0.242269,0.247723,0.489992,24236837394.708000,-0.123077,0.122511,0.015836,-1.198443,0.000976
438181.106800,56190,90,2,-0.000000,-0.001048,-0.000000,0.157040,-0.267983,0.274920,0.542903,-80404531028.170502,-0.135828,0.135395,0.018723,-1.195323,0.000976
2704.899525,70780,90,2,0.000000,-0.000059,0.000000,0.017614,-0.030128,0.030965,0.061093,237326638.930794,-0.015247,0.015110,0.016242,-1.190985,0.000976
3590.832559,70780,90,2,0.000000,-0.000072,0.000000,0.020199,-0.034531,0.035474,0.070005,1034163842.962726,-0.017507,0.017342,0.016613,-1.192393,0.000976
4682.615279,70790,90,2,0.000000,-0.000072,0.000000,0.022590,-0.038693,0.039686,0.078378,436447720.425340,-0.019538,0.019424,0.012917,-1.191314,0.000976
5764.070872,70780,90,2,0.000000,-0.000078,0.000000,0.025103,-0.042935,0.044123,0.087058,395469972.885713,-0.021746,0.021538,0.016101,-1.191384,0.000976
7457.039582,70780,90,2,0.000000,-0.000100,0.000000,0.028180,-0.048172,0.049566,0.097738,824454545.454846,-0.024416,0.024231,0.017596,-1.190371,0.000976
13170.774640,70780,90,2,0.000000,-0.000140,0.000000,0.035686,-0.060894,0.062500,0.123394,2283898548.658435,-0.030967,0.030702,0.018683,-1.195203,0.000976
17506.793690,70770,90,2,-0.000000,-0.000156,-0.000000,0.040269,-0.068834,0.070432,0.139266,-2290830510.260949,-0.034833,0.034697,0.015191,-1.194392,0.000976
22906.405220,70790,90,2,-0.000000,-0.000213,-0.000000,0.045098,-0.077153,0.078961,0.156114,-1126361605.869817,-0.038992,0.038823,0.015562,-1.193541,0.000976
29969.864280,70780,90,2,0.000000,-0.000154,0.000000,0.050398,-0.086055,0.088216,0.174271,1258709034.295870,-0.043704,0.043314,0.017130,-1.194261,0.000976
40659.082520,70790,90,2,-0.000000,-0.000194,-0.000000,0.056706,-0.096870,0.099461,0.196331,-29032648813.848621,-0.049059,0.048741,0.018051,-1.192346,0.000976
55712.509600,70780,90,2,0.000000,-0.000180,0.000000,0.063293,-0.108165,0.110612,0.218777,7201304515.388454,-0.054860,0.054474,0.014807,-1.195235,0.000976
74970.491310,70780,90,2,0.000000,-0.000140,0.000000,0.070730,-0.121003,0.123678,0.244680,14485461002.118389,-0.061269,0.060778,0.014257,-1.192910,0.000976
103479.302900,70780,90,2,-0.000000,-0.000133,-0.000000,0.080040,-0.136797,0.139735,0.276531,-40981063786.613800,-0.069355,0.068821,0.014977,-1.194469,0.000976
262412.706100,70790,90,2,0.000000,-0.000562,0.000000,0.113121,-0.193308,0.197804,0.391112,23167028756.951912,-0.097898,0.097433,0.015925,-1.194338,0.000976
346636.236600,70770,90,2,0.000000,-0.000487,0.000000,0.125208,-0.213550,0.219349,0.432899,25642950050.507961,-0.108291,0.107707,0.019337,-1.192808,0.000976
646279.523400,70780,90,2,0.000000,-0.000675,0.000000,0.158929,-0.271467,0.278398,0.549865,5249816438.357238,-0.137550,0.136867,0.016750,-1.193093,0.000976
16268.792380,112170,90,2,-0.000000,-0.000133,-0.000000,0.025532,-0.043552,0.044629,0.088182,-1089378987.467712,-0.022048,0.021911,0.018682,-1.191023,0.000976
26649.752400,112170,90,2,0.000000,-0.000148,0.000000,0.031937,-0.054430,0.055802,0.110233,1557333196.866770,-0.027562,0.027418,0.018002,-1.192511,0.000976
34913.656840,112170,90,2,0.000000,-0.000183,0.000000,0.036003,-0.061378,0.062939,0.124317,585194803.399546,-0.031074,0.030855,0.018459,-1.190962,0.000976
2270.020480,125890,90,2,0.000000,-0.000050,0.000000,0.008802,-0.015002,0.015489,0.030491,132551980.533015,-0.007618,0.007560,0.021818,-1.187765,0.000976
2873.310248,125890,90,2,0.000000,-0.000061,0.000000,0.009926,-0.016926,0.017479,0.034404,68679766.015220,-0.008585,0.008520,0.022517,-1.185941,0.000976
3853.887671,125890,90,2,-0.000000,-0.000063,-0.000000,0.011424,-0.019465,0.020084,0.039549,-1169857190.345117,-0.009889,0.009776,0.021216,-1.187490,0.000976
6044.491118,125890,90,2,0.000000,-0.000088,0.000000,0.014162,-0.024133,0.024922,0.049055,176849875.343537,-0.012250,0.012149,0.022080,-1.186325,0.000976
12777.369870,125890,90,2,-0.000000,-0.000080,-0.000000,0.020106,-0.034247,0.035171,0.069418,-207966881.897966,-0.017401,0.017259,0.018714,-1.191745,0.000976
16343.505000,125890,90,2,0.000000,-0.000108,0.000000,0.022731,-0.038685,0.039717,0.078401,646563419.842164,-0.019699,0.019531,0.019045,-1.193791,0.000976
21057.179880,125890,90,2,-0.000000,-0.000119,-0.000000,0.025449,-0.043356,0.044435,0.087791,-352155063.198524,-0.022030,0.021871,0.017887,-1.193147,0.000976
26645.864780,125890,90,2,-0.000000,-0.000113,-0.000000,0.028399,-0.048414,0.049640,0.098054,-1038593789.354645,-0.024568,0.024374,0.017097,-1.191882,0.000976
44558.857500,125900,90,2,0.000000,-0.000206,0.000000,0.035653,-0.060816,0.062238,0.123054,570450905.676744,-0.030782,0.030702,0.015233,-1.192230,0.000976
56245.724340,125880,90,2,-0.000000,-0.000247,-0.000000,0.039911,-0.067999,0.069645,0.137645,-464413434.559425,-0.034457,0.034411,0.017517,-1.192679,0.000976
127772.348000,125890,90,2,0.000000,-0.000219,0.000000,0.056663,-0.096485,0.098773,0.195258,19341391142.817032,-0.049081,0.048697,0.016204,-1.193627,0.000976
170021.748500,125890,90,2,-0.000000,-0.000256,-0.000000,0.063811,-0.108613,0.111234,0.219847,-1485055324.703670,-0.055301,0.054817,0.016327,-1.194112,0.000976
220068.920000,125890,90,2,-0.000000,-0.000297,-0.000000,0.070717,-0.120271,0.123600,0.243871,-2896586072.180958,-0.061121,0.060840,0.017938,-1.192560,0.000976
292946.961100,125890,90,2,-0.000000,-0.000428,-0.000000,0.079601,-0.135424,0.139261,0.274685,-81509754797.501297,-0.068739,0.068486,0.018925,-1.192053,0.000976
393845.862900,125890,90,2,-0.000000,-0.000543,-0.000000,0.089626,-0.152441,0.156902,0.309343,-45887710143.194382,-0.077326,0.077004,0.019624,-1.190659,0.000976
530793.673200,125890,90,2,0.000000,-0.000759,0.000000,0.100677,-0.171092,0.176227,0.347320,6064304701.092717,-0.086980,0.086564,0.020867,-1.191466,0.000976
702974.604800,125890,90,2,-0.000000,-0.000675,-0.000000,0.113098,-0.192333,0.197717,0.390049,-14476493817.469076,-0.097613,0.097256,0.018102,-1.191569,0.000976
947651.765400,125890,90,2,0.000000,-0.000608,0.000000,0.126614,-0.215601,0.220933,0.436534,21608904981.018982,-0.109268,0.109012,0.016005,-1.192518,0.000976
2948.450913,141280,90,2,-0.000000,-0.000048,-0.000000,0.008722,-0.014856,0.015368,0.030224,-77659809.624053,-0.007527,0.007476,0.022530,-1.186817,0.000976
4953.419803,141280,90,2,-0.000000,-0.000051,-0.000000,0.011171,-0.019038,0.019640,0.038679,-317741891.474918,-0.009641,0.009584,0.019832,-1.188101,0.000976
6076.614250,141280,90,2,0.000000,-0.000077,0.000000,0.012426,-0.021159,0.021899,0.043058,3181079616.884037,-0.010726,0.010649,0.022259,-1.185965,0.000976
7631.052229,141290,90,2,-0.000000,-0.000071,-0.000000,0.013923,-0.023702,0.024516,0.048218,-365558210.527554,-0.012044,0.011951,0.023377,-1.186176,0.000976
9968.883131,141280,90,2,-0.000000,-0.000062,-0.000000,0.015648,-0.026657,0.027370,0.054027,-286143643.457694,-0.013525,0.013464,0.016726,-1.192907,0.000976
12783.864980,141280,90,2,-0.000000,-0.000079,-0.000000,0.017644,-0.030019,0.030864,0.060883,-258108722.588673,-0.015266,0.015198,0.018877,-1.193498,0.000976
16442.297240,141290,90,2,-0.000000,-0.000119,-0.000000,0.019909,-0.033903,0.034813,0.068716,-291243208.186992,-0.017227,0.017084,0.017927,-1.191505,0.000976
20845.443580,141270,90,2,0.000000,-0.000103,0.000000,0.022327,-0.038039,0.039036,0.077075,346401531.523522,-0.019307,0.019205,0.016561,-1.192301,0.000976
26359.490110,141290,90,2,-0.000000,-0.000164,-0.000000,0.024940,-0.042434,0.043603,0.086037,-405381686.222557,-0.021615,0.021422,0.019019,-1.193207,0.000976
34067.165760,141290,90,2,0.000000,-0.000199,0.000000,0.028095,-0.047798,0.049106,0.096904,4109883295.413074,-0.024341,0.024128,0.018565,-1.192637,0.000976
43430.933130,141290,90,2,0.000000,-0.000193,0.000000,0.031254,-0.053206,0.054519,0.107725,432488541.399962,-0.027044,0.026859,0.016398,-1.193752,0.000976
55665.775280,141280,90,2,-0.000000,-0.000154,-0.000000,0.035008,-0.059585,0.061160,0.120745,-2560614516.874272,-0.030228,0.030192,0.017506,-1.193155,0.000976
71791.639700,141270,90,2,-0.000000,-0.000218,-0.000000,0.039561,-0.067347,0.069027,0.136374,-1038738624.569725,-0.034242,0.034092,0.016204,-1.194701,0.000976
92438.608070,141280,90,2,0.000000,-0.000100,0.000000,0.044194,-0.075271,0.076998,0.152269,1676114845.674115,-0.038173,0.038118,0.013524,-1.193712,0.000976
120668.687300,141280,90,2,-0.000000,-0.000195,-0.000000,0.049694,-0.084548,0.086579,0.171128,-10506476465914414.000000,-0.042936,0.042804,0.015628,-1.194747,0.000976
158959.470300,141280,90,2,0.000000,-0.000232,0.000000,0.055989,-0.095161,0.097662,0.192823,7166535701.442102,-0.048421,0.048222,0.016351,-1.194167,0.000976
205432.417100,141280,90,2,-0.000000,-0.000346,-0.000000,0.061955,-0.105390,0.108473,0.213863,-12688401041.736561,-0.053483,0.053163,0.017515,-1.188942,0.000976
271895.409400,141280,90,2,0.000000,-0.000406,0.000000,0.069706,-0.118483,0.122055,0.240539,5490686550.049079,-0.060266,0.059887,0.019471,-1.190665,0.000976
358346.062500,141280,90,2,0.000000,-0.000457,0.000000,0.078719,-0.133754,0.137808,0.271562,20151670191.036518,-0.068049,0.067576,0.019846,-1.191256,0.000976
475946.825700,141290,90,2,-0.000000,-0.000437,-0.000000,0.088342,-0.150123,0.154390,0.304513,-6958624180.230748,-0.076239,0.076039,0.018498,-1.192208,0.000976
634395.406500,141290,90,2,0.000000,-0.000410,0.000000,0.099170,-0.168455,0.173197,0.341652,2115629868.167976,-0.085675,0.085279,0.018086,-1.192655,0.000976
848639.637000,141290,90,2,0.000000,-0.000301,0.000000,0.111108,-0.188862,0.193761,0.382623,113773334205.289627,-0.096055,0.095667,0.015630,-1.193530,0.000976
3102.430570,158750,90,2,0.000000,-0.000066,0.000000,0.007959,-0.013546,0.014038,0.027584,133604816.971613,-0.006868,0.006834,0.023155,-1.186734,0.000976
5164.702863,158750,90,2,-0.000000,-0.000077,-0.000000,0.010212,-0.017385,0.017974,0.035359,-205036731.935155,-0.008817,0.008756,0.020508,-1.188402,0.000976
6357.197798,158750,90,2,-0.000000,-0.000097,-0.000000,0.011324,-0.019261,0.019955,0.039217,-724723072.431072,-0.009771,0.009725,0.023199,-1.187633,0.000976
8023.438245,158750,90,2,0.000000,-0.000104,0.000000,0.012698,-0.021598,0.022383,0.043981,371506735.533715,-0.010962,0.010899,0.024208,-1.187118,0.000976
10441.507910,158750,90,2,-0.000000,-0.000074,-0.000000,0.014292,-0.024338,0.025019,0.049357,-636315223.402718,-0.012348,0.012279,0.017475,-1.192499,0.000976
13294.977020,158760,90,2,0.000000,-0.000060,0.000000,0.016092,-0.027388,0.028160,0.055547,510164925.229752,-0.013935,0.013849,0.016941,-1.193306,0.000976
17098.507780,158750,90,2,0.000000,-0.000122,0.000000,0.018172,-0.030911,0.031786,0.062697,404527448.977832,-0.015725,0.015617,0.018601,-1.193805,0.000976
21632.002860,158750,90,2,0.000000,-0.000108,0.000000,0.020350,-0.034637,0.035595,0.070232,2604827580.356863,-0.017561,0.017503,0.016722,-1.193102,0.000976
27235.899620,158750,90,2,0.000000,-0.000133,0.000000,0.022749,-0.038697,0.039831,0.078528,3882414555.284188,-0.019637,0.019534,0.018170,-1.192049,0.000976
35092.175010,158750,90,2,-0.000000,-0.000125,-0.000000,0.025642,-0.043586,0.044865,0.088451,-709659992.244658,-0.022165,0.022026,0.017876,-1.193292,0.000976
45341.100550,158740,90,2,-0.000000,-0.000117,-0.000000,0.028527,-0.048617,0.049758,0.098375,-3245759325.405375,-0.024675,0.024611,0.012573,-1.194107,0.000976
56824.030550,158760,90,2,0.000000,-0.000093,0.000000,0.031951,-0.054303,0.055715,0.110018,934797342.274121,-0.027635,0.027535,0.014956,-1.195323,0.000976
73895.913280,158750,90,2,0.000000,-0.000186,0.000000,0.036100,-0.061353,0.062979,0.124331,18482935223.985683,-0.031204,0.031054,0.015367,-1.195352,0.000976
93383.785910,158750,90,2,0.000000,-0.000125,0.000000,0.040278,-0.068601,0.070167,0.138768,2946079684.089510,-0.034767,0.034677,0.012100,-1.194489,0.000976
158650.383500,158750,90,2,0.000000,-0.000213,0.000000,0.050974,-0.086649,0.088941,0.175590,1065243537.310014,-0.044020,0.043821,0.015015,-1.194041,0.000976
202965.213400,158750,90,2,-0.000000,-0.000297,-0.000000,0.056536,-0.095934,0.098932,0.194866,-1523506029.572572,-0.048966,0.048681,0.018530,-1.193782,0.000976
463258.277500,158740,90,2,0.000000,-0.000503,0.000000,0.080550,-0.136666,0.140987,0.277653,27494434412.816284,-0.069489,0.069184,0.019308,-1.192246,0.000976
612299.642800,158750,90,2,-0.000000,-0.000395,-0.000000,0.090456,-0.153445,0.158119,0.311563,-5448656560.136459,-0.078312,0.077836,0.018360,-1.193831,0.000976
2460.755717,177890,90,2,0.000000,-0.000040,0.000000,0.006183,-0.010498,0.010885,0.021383,126626039.106084,-0.005341,0.005292,0.023361,-1.188802,0.000976
3164.058273,177890,90,2,0.000000,-0.000055,0.000000,0.006980,-0.011859,0.012289,0.024148,446752145.273571,-0.006042,0.005976,0.023633,-1.187498,0.000976
4113.471955,177900,90,2,-0.000000,-0.000063,-0.000000,0.008005,-0.013585,0.014087,0.027672,-68882102.107407,-0.006929,0.006876,0.024560,-1.190018,0.000976
5237.074402,177890,90,2,0.000000,-0.000076,0.000000,0.008961,-0.015226,0.015731,0.030957,80494766.270615,-0.007758,0.007700,0.021309,-1.190995,0.000976
6411.996928,177900,90,2,-0.000000,-0.000078,-0.000000,0.009940,-0.016887,0.017487,0.034374,-122634849.767089,-0.008588,0.008541,0.023561,-1.189279,0.000976
8110.995611,177890,90,2,-0.000000,-0.000097,-0.000000,0.011173,-0.018964,0.019651,0.038616,-673006618.663407,-0.009675,0.009585,0.024075,-1.189406,0.000976
10411.891680,177890,90,2,-0.000000,-0.000083,-0.000000,0.012518,-0.021289,0.021850,0.043139,-203467571.485218,-0.010837,0.010789,0.016450,-1.194837,0.000976
13212.419830,177890,90,2,0.000000,-0.000069,0.000000,0.014093,-0.023947,0.024613,0.048560,1110115268.756623,-0.012216,0.012136,0.017232,-1.194781,0.000976
16949.106410,177880,90,2,-0.000000,-0.000044,-0.000000,0.015914,-0.027059,0.027768,0.054826,-1086413618.653023,-0.013739,0.013688,0.016538,-1.194149,0.000976
21674.638650,177890,90,2,0.000000,-0.000060,0.000000,0.017873,-0.030387,0.031176,0.061563,2033573688.713136,-0.015483,0.015404,0.014731,-1.194447,0.000976
34296.822150,177890,90,2,-0.000000,-0.000113,-0.000000,0.022454,-0.038147,0.039210,0.077356,-302536481.205573,-0.019443,0.019330,0.016120,-1.193767,0.000976
43770.785870,177900,90,2,0.000000,-0.000116,0.000000,0.024973,-0.042465,0.043553,0.086018,3196545404.387547,-0.021586,0.021523,0.015509,-1.195190,0.000976
71566.303270,177880,90,2,0.000000,-0.000088,0.000000,0.031647,-0.053692,0.055099,0.108791,289348112.847366,-0.027357,0.027238,0.014871,-1.196653,0.000976
91348.611200,177890,90,2,-0.000000,-0.000176,-0.000000,0.035291,-0.059959,0.061409,0.121368,-785611654.394094,-0.030552,0.030441,0.014304,-1.195546,0.000976
115706.866600,177890,90,2,-0.000000,-0.000229,-0.000000,0.039691,-0.067339,0.069138,0.136476,-20321517630.607929,-0.034351,0.034209,0.016012,-1.195852,0.000976
150764.278000,177890,90,2,-0.000000,-0.000259,-0.000000,0.044706,-0.075820,0.077847,0.153668,-618635729.258337,-0.038591,0.038515,0.015195,-1.195937,0.000976
192266.846200,177880,90,2,0.000000,-0.000207,0.000000,0.049536,-0.083988,0.086529,0.170517,1334875922.986953,-0.042873,0.042653,0.016513,-1.193335,0.000976
252240.187500,177890,90,2,-0.000000,-0.000225,-0.000000,0.055709,-0.094508,0.097350,0.191858,-6338493033.862628,-0.048083,0.047861,0.018145,-1.192875,0.000976
329278.873100,177890,90,2,-0.000000,-0.000308,-0.000000,0.062958,-0.106674,0.109921,0.216595,-1432644408.975416,-0.054347,0.054129,0.017836,-1.194760,0.000976
427974.716800,177890,90,2,-0.000000,-0.000346,-0.000000,0.070684,-0.119639,0.123472,0.243111,-24126782383.683884,-0.061049,0.060756,0.019418,-1.194325,0.000976
564686.371700,177880,90,2,-0.000000,-0.000501,-0.000000,0.079292,-0.134209,0.138403,0.272611,-2619176293.478760,-0.068696,0.068267,0.019476,-1.194901,0.000976
740509.517300,177890,90,2,0.000000,-0.000267,0.000000,0.088828,-0.150512,0.154875,0.305387,2526654171.194845,-0.076764,0.076352,0.015738,-1.194864,0.000976
4184.158372,199170,90,2,0.000000,-0.000050,0.000000,0.007148,-0.012133,0.012563,0.024697,304972753.334838,-0.006181,0.006143,0.022239,-1.190525,0.000976
8258.619095,199170,90,2,0.000000,-0.000076,0.000000,0.009982,-0.016939,0.017560,0.034499,167566373.425918,-0.008626,0.008575,0.023026,-1.189682,0.000976
10575.361540,199170,90,2,-0.000000,-0.000052,-0.000000,0.011189,-0.018982,0.019571,0.038553,-11457648666.794151,-0.009694,0.009631,0.017908,-1.195001,0.000976
13457.808650,199170,90,2,0.000000,-0.000066,0.000000,0.012613,-0.021409,0.022056,0.043465,274807698.792034,-0.010924,0.010872,0.018258,-1.194037,0.000976
17141.996140,199160,90,2,0.000000,-0.000098,0.000000,0.014237,-0.024161,0.024851,0.049013,728945335.610286,-0.012331,0.012270,0.017296,-1.195256,0.000976
21956.762550,199170,90,2,-0.000000,-0.000051,-0.000000,0.015972,-0.027141,0.027863,0.055004,-527586785.323668,-0.013810,0.013730,0.014142,-1.195267,0.000976
27349.721210,199160,90,2,0.000000,-0.000102,0.000000,0.017851,-0.030289,0.031154,0.061443,365596800.779648,-0.015465,0.015392,0.016184,-1.195662,0.000976
43945.620790,199160,90,2,0.000000,-0.000104,0.000000,0.022372,-0.037980,0.038970,0.076950,1762250703.955562,-0.019384,0.019328,0.013554,-1.197220,0.000976
55308.784180,199160,90,2,-0.000000,-0.000175,-0.000000,0.025028,-0.042404,0.043620,0.086024,-400447734.455371,-0.021622,0.021599,0.017253,-1.196183,0.000976
71367.365460,199160,90,2,0.000000,-0.000174,0.000000,0.028343,-0.047998,0.049376,0.097374,2073080211.798026,-0.024503,0.024447,0.016797,-1.196781,0.000976
116338.076100,199170,90,2,0.000000,-0.000159,0.000000,0.035533,-0.060211,0.061899,0.122110,4042824816.798243,-0.030750,0.030574,0.014145,-1.196681,0.000976
147801.759000,199160,90,2,0.000000,-0.000217,0.000000,0.039979,-0.067731,0.069564,0.137295,1516228354.311908,-0.034558,0.034479,0.014844,-1.197235,0.000976
188137.913000,199160,90,2,-0.000000,-0.000174,-0.000000,0.044303,-0.075036,0.077345,0.152381,-11341540914.103714,-0.038281,0.038073,0.017444,-1.193703,0.000976
244757.278400,199170,90,2,-0.000000,-0.000311,-0.000000,0.049831,-0.084399,0.087013,0.171411,-3401783979.642684,-0.043141,0.042916,0.016698,-1.194747,0.000976
320320.802100,199170,90,2,-0.000000,-0.000317,-0.000000,0.056210,-0.095085,0.098137,0.193222,-1421855534945861.250000,-0.048473,0.048367,0.017892,-1.195392,0.000976
413209.359300,199170,90,2,0.000000,-0.000254,0.000000,0.063133,-0.106682,0.110371,0.217053,9235487874.993055,-0.054547,0.054263,0.019587,-1.194850,0.000976
537484.532500,199170,90,2,0.000000,-0.000455,0.000000,0.070906,-0.119943,0.123724,0.243667,14521614796.664114,-0.061208,0.061059,0.017401,-1.195128,0.000976
703803.055800,199160,90,2,-0.000000,-0.000256,-0.000000,0.079475,-0.134440,0.138514,0.272954,-27127877869.969463,-0.068807,0.068552,0.015125,-1.195812,0.000976
4282.162167,224180,90,2,-0.000000,-0.000035,-0.000000,0.006303,-0.010679,0.011087,0.021766,-100855604.749213,-0.005459,0.005408,0.023218,-1.191616,0.000976
5393.521768,224180,90,2,-0.000000,-0.000047,-0.000000,0.007064,-0.011978,0.012397,0.024375,-2411181799.834031,-0.006110,0.006072,0.018596,-1.192726,0.000976
6649.597681,224180,90,2,-0.000000,-0.000044,-0.000000,0.007846,-0.013293,0.013797,0.027090,-349313457.825446,-0.006791,0.006733,0.022584,-1.191136,0.000976
8466.403329,224180,90,2,-0.000000,-0.000055,-0.000000,0.008803,-0.014901,0.015485,0.030386,-643865493.134893,-0.007617,0.007550,0.023097,-1.190705,0.000976
10687.159020,224190,90,2,0.000000,-0.000043,0.000000,0.009857,-0.016718,0.017231,0.033949,1261642016.373811,-0.008508,0.008498,0.016984,-1.195153,0.000976
13570.172850,224180,90,2,-0.000000,-0.000077,-0.000000,0.011108,-0.018836,0.019423,0.038259,-344674674.586815,-0.009616,0.009562,0.017589,-1.195171,0.000976
17279.972560,224170,90,2,-0.000000,-0.000043,-0.000000,0.012544,-0.021283,0.021892,0.043175,-128454422.743031,-0.010873,0.010788,0.014509,-1.195547,0.000976
22112.537680,224180,90,2,0.000000,-0.000062,0.000000,0.014088,-0.023884,0.024579,0.048464,156802182.973020,-0.012189,0.012142,0.014074,-1.195619,0.000976
27359.023720,224180,90,2,0.000000,-0.000085,0.000000,0.015687,-0.026599,0.027379,0.053978,764919272.119550,-0.013580,0.013499,0.015020,-1.195504,0.000976
35077.723060,224180,90,2,0.000000,-0.000102,0.000000,0.017696,-0.029980,0.030877,0.060858,3624124117.543764,-0.015325,0.015246,0.015566,-1.196495,0.000976
43920.425240,224180,90,2,-0.000000,-0.000115,-0.000000,0.019721,-0.033396,0.034401,0.067797,-1835823290.904995,-0.017095,0.016980,0.015950,-1.197290,0.000976
54950.833620,224180,90,2,0.000000,-0.000128,0.000000,0.021996,-0.037311,0.038333,0.075644,726580548.354245,-0.019033,0.018945,0.013311,-1.196218,0.000976
70743.548270,224170,90,2,0.000000,-0.000048,0.000000,0.024947,-0.042233,0.043375,0.085608,432980583.952175,-0.021561,0.021508,0.012431,-1.199549,0.000976
89663.459000,224180,90,2,0.000000,-0.000145,0.000000,0.027836,-0.047120,0.048425,0.095544,14252243204.384392,-0.024124,0.024017,0.013057,-1.198195,0.000976
114384.486400,224170,90,2,-0.000000,-0.000045,-0.000000,0.031288,-0.052978,0.054407,0.107384,-628209708.626329,-0.027031,0.026961,0.011243,-1.197500,0.000976
146876.815200,224180,90,2,-0.000000,-0.000183,-0.000000,0.035247,-0.059609,0.061334,0.120943,-2406161871.822464,-0.030550,0.030371,0.013316,-1.197743,0.000976
235920.570900,224180,90,2,0.000000,-0.000193,0.000000,0.043927,-0.074224,0.076741,0.150965,1606462991.446119,-0.037937,0.037904,0.018162,-1.195777,0.000976
306547.793200,224180,90,2,0.000000,-0.000259,0.000000,0.049501,-0.083595,0.086437,0.170032,1333920111.419187,-0.042818,0.042679,0.017545,-1.196248,0.000976
511870.651900,224180,90,2,-0.000000,-0.000295,-0.000000,0.062445,-0.105337,0.108957,0.214294,-2283696679.260800,-0.054018,0.053847,0.017152,-1.197131,0.000976
665651.317700,224190,90,2,-0.000000,-0.000407,-0.000000,0.069975,-0.118164,0.121986,0.240149,-23684573979774416.000000,-0.060621,0.060222,0.015101,-1.196777,0.000976
5564.911886,251230,90,2,0.000000,-0.000028,0.000000,0.006394,-0.010838,0.011215,0.022053,155880812.555452,-0.005530,0.005491,0.017978,-1.192904,0.000976
8703.303821,251220,90,2,0.000000,-0.000066,0.000000,0.007986,-0.013498,0.014023,0.027521,209696539.499675,-0.006896,0.006870,0.021085,-1.193077,0.000976
11010.445290,251220,90,2,0.000000,-0.000034,0.000000,0.008921,-0.015125,0.015579,0.030705,240384701.417667,-0.007737,0.007697,0.014206,-1.196102,0.000976
13989.986860,251220,90,2,-0.000000,-0.000048,-0.000000,0.010067,-0.017040,0.017566,0.034606,-792992643.402942,-0.008703,0.008691,0.014828,-1.197572,0.000976
17803.670560,251220,90,2,0.000000,-0.000061,0.000000,0.011365,-0.019254,0.019819,0.039073,258611668.634835,-0.009846,0.009819,0.014849,-1.197294,0.000976
22553.809930,251230,90,2,-0.000000,-0.000030,-0.000000,0.012722,-0.021557,0.022182,0.043739,-352077815.400640,-0.011003,0.010977,0.013578,-1.196890,0.000976
28090.159360,251220,90,2,0.000000,-0.000067,0.000000,0.014209,-0.024083,0.024773,0.048856,285292016.944634,-0.012314,0.012254,0.014510,-1.196349,0.000976
36070.228930,251230,90,2,0.000000,-0.000043,0.000000,0.016028,-0.027128,0.027951,0.055079,965446504.956025,-0.013882,0.013802,0.013908,-1.196730,0.000976
45055.675270,251230,90,2,-0.000000,-0.000030,-0.000000,0.017843,-0.030213,0.031078,0.061291,-261010539.961805,-0.015456,0.015410,0.012982,-1.198155,0.000976
72225.395770,251230,90,2,-0.000000,-0.000029,-0.000000,0.022563,-0.038180,0.039248,0.077428,-453037770.211732,-0.019536,0.019454,0.011089,-1.197984,0.000976
116019.185600,251230,90,2,0.000000,-0.000038,0.000000,0.028342,-0.047908,0.049269,0.097177,1261843414.799533,-0.024566,0.024447,0.011014,-1.198821,0.000976
148683.719400,251230,90,2,-0.000000,-0.000100,-0.000000,0.031946,-0.053927,0.055562,0.109490,-1090434283.851468,-0.027681,0.027552,0.013113,-1.198639,0.000976
237483.219100,251230,90,2,-0.000000,-0.000163,-0.000000,0.039764,-0.067141,0.069336,0.136477,-6786500766.697285,-0.034409,0.034307,0.013227,-1.197520,0.000976
305489.572800,251220,90,2,-0.000000,-0.000136,-0.000000,0.044839,-0.075586,0.078261,0.153848,-765255629.291000,-0.038789,0.038565,0.017223,-1.196532,0.000976
393839.990400,251220,90,2,0.000000,-0.000162,0.000000,0.050375,-0.084913,0.087909,0.172821,2456376762.081204,-0.043575,0.043385,0.015914,-1.196388,0.000976
508481.547500,251230,90,2,-0.000000,-0.000323,-0.000000,0.056568,-0.095281,0.098566,0.193847,-3407408849.516435,-0.048895,0.048798,0.015775,-1.197305,0.000976
657592.029700,251230,90,2,-0.000000,-0.000371,-0.000000,0.063435,-0.106813,0.110446,0.217259,-5905257525.604277,-0.054837,0.054802,0.014634,-1.199177,0.000976
7055.334376,282490,90,2,0.000000,-0.000041,0.000000,0.006404,-0.010827,0.011248,0.022074,2185954219.418191,-0.005533,0.005501,0.019443,-1.193602,0.000976
8749.244331,282480,90,2,-0.000000,-0.000041,-0.000000,0.007154,-0.012091,0.012554,0.024644,-406963683.655681,-0.006196,0.006158,0.020536,-1.194481,0.000976
11173.727400,282490,90,2,-0.000000,-0.000048,-0.000000,0.008018,-0.013557,0.014016,0.027573,-100131092.411658,-0.006932,0.006915,0.016743,-1.197731,0.000976
14201.844060,282490,90,2,0.000000,-0.000036,0.000000,0.009045,-0.015292,0.015802,0.031093,1852432222.548014,-0.007822,0.007797,0.014894,-1.198216,0.000976
23016.784860,282490,90,2,0.000000,-0.000031,0.000000,0.011451,-0.019383,0.019958,0.039340,651412523.143141,-0.009890,0.009877,0.011163,-1.197861,0.000976
36679.481080,282480,90,2,0.000000,-0.000024,0.000000,0.014439,-0.024384,0.025171,0.049555,162483769.294567,-0.012517,0.012480,0.013213,-1.198752,0.000976
46109.655340,282490,90,2,0.000000,-0.000051,0.000000,0.016047,-0.027129,0.027915,0.055044,912900554.528165,-0.013901,0.013844,0.011226,-1.199964,0.000976
57151.420860,282490,90,2,0.000000,-0.000057,0.000000,0.017918,-0.030293,0.031167,0.061461,591861664.408544,-0.015487,0.015454,0.010476,-1.199055,0.000976
92170.837550,282480,90,2,-0.000000,-0.000024,-0.000000,0.022645,-0.038247,0.039349,0.077596,-1932387762.066965,-0.019625,0.019582,0.010722,-1.199312,0.000976
117329.637500,282480,90,2,0.000000,-0.000030,0.000000,0.025488,-0.042982,0.044301,0.087283,442368436.461139,-0.022103,0.022043,0.010805,-1.200151,0.000976
239871.348700,282480,90,2,0.000000,-0.000161,0.000000,0.035784,-0.060172,0.062424,0.122596,852151267.488108,-0.030958,0.030828,0.015552,-1.199279,0.000976
304640.358700,282490,90,2,0.000000,-0.000165,0.000000,0.040320,-0.067868,0.070312,0.138181,2064408498.800217,-0.034934,0.034754,0.014315,-1.197231,0.000976
392090.281400,282490,90,2,0.000000,-0.000162,0.000000,0.045260,-0.076119,0.078945,0.155064,3862185611.644522,-0.039249,0.039061,0.015475,-1.198228,0.000976
503296.128800,282490,90,2,-0.000000,-0.000186,-0.000000,0.050879,-0.085529,0.088584,0.174113,-3721449531.331774,-0.044010,0.043924,0.014495,-1.199617,0.000976
8920.696852,316470,90,2,-0.000000,-0.000041,-0.000000,0.006362,-0.010735,0.011167,0.021902,-224658577.472701,-0.005506,0.005465,0.019747,-1.194602,0.000976
11348.402970,316460,90,2,0.000000,-0.000040,0.000000,0.007133,-0.012059,0.012439,0.024498,97392334.554121,-0.006169,0.006174,0.012374,-1.199443,0.000976
14460.595590,316470,90,2,0.000000,-0.000015,0.000000,0.008049,-0.013610,0.014041,0.027650,65410590.329350,-0.006970,0.006929,0.011647,-1.197234,0.000976
45761.636000,316470,90,2,0.000000,-0.000027,0.000000,0.014261,-0.024059,0.024798,0.048857,2920649514.348915,-0.012345,0.012321,0.011142,-1.200564,0.000976
57337.022690,316460,90,2,0.000000,-0.000035,0.000000,0.015952,-0.026879,0.027761,0.054640,302496183.933823,-0.013823,0.013795,0.011300,-1.199851,0.000976
92369.456940,316460,90,2,-0.000000,-0.000068,-0.000000,0.020136,-0.033945,0.034986,0.068931,-981852868.203620,-0.017417,0.017386,0.008906,-1.199718,0.000976
117236.412400,316470,90,2,0.000000,-0.000053,0.000000,0.022649,-0.038114,0.039341,0.077455,966352032.960298,-0.019578,0.019556,0.010489,-1.201023,0.000976
149297.026500,316470,90,2,-0.000000,-0.000073,-0.000000,0.025526,-0.042906,0.044361,0.087267,-901317027.390362,-0.022078,0.022006,0.011414,-1.200162,0.000976
186299.415200,316460,90,2,-0.000000,-0.000158,-0.000000,0.028220,-0.047440,0.049166,0.096606,-9632606203.240704,-0.024388,0.024366,0.016000,-1.199173,0.000976
237811.484800,316460,90,2,0.000000,-0.000069,0.000000,0.031805,-0.053429,0.055433,0.108862,8142154926.460931,-0.027499,0.027372,0.011976,-1.198931,0.000976
300634.383800,316460,90,2,0.000000,-0.000155,0.000000,0.035809,-0.060136,0.062373,0.122509,2619154396.094207,-0.030963,0.030950,0.013862,-1.200254,0.000976
491539.924100,316460,90,2,0.000000,-0.000224,0.000000,0.045194,-0.075757,0.078704,0.154460,2892407587.933643,-0.039134,0.039062,0.014455,-1.200339,0.000976
634463.792600,316470,90,2,-0.000000,-0.000103,-0.000000,0.050611,-0.084910,0.087987,0.172897,-909226011.657640,-0.043863,0.043695,0.011946,-1.200442,0.000976
11351.615120,354580,90,2,-0.000000,-0.000034,-0.000000,0.006252,-0.010537,0.010917,0.021454,-3201019045.546092,-0.005420,0.005397,0.014863,-1.198338,0.000976
14545.859700,354590,90,2,-0.000000,-0.000007,-0.000000,0.007065,-0.011911,0.012323,0.024234,-56517240.480911,-0.006122,0.006111,0.011818,-1.199837,0.000976
18396.463340,354580,90,2,-0.000000,-0.000045,-0.000000,0.007974,-0.013423,0.013902,0.027325,-81651365.684519,-0.006919,0.006884,0.013747,-1.199825,0.000976
28951.566890,354590,90,2,-0.000000,-0.000020,-0.000000,0.009968,-0.016806,0.017378,0.034184,-1134158788.079201,-0.008619,0.008621,0.011537,-1.198387,0.000976
36377.460430,354590,90,2,0.000000,-0.000028,0.000000,0.011256,-0.018932,0.019612,0.038544,111907617.603130,-0.009753,0.009735,0.012068,-1.200024,0.000976
45688.428870,354590,90,2,0.000000,0.000000,0.000000,0.012483,-0.021038,0.021703,0.042741,209555676.026927,-0.010822,0.010802,0.008764,-1.201138,0.000976
57272.840370,354590,90,2,0.000000,-0.000024,0.000000,0.013975,-0.023530,0.024293,0.047823,3577719118.288740,-0.012103,0.012098,0.009967,-1.200769,0.000976
73046.403830,354590,90,2,0.000000,-0.000051,0.000000,0.015803,-0.026546,0.027463,0.054009,2311704009.147939,-0.013719,0.013652,0.011284,-1.201994,0.000976
115740.543800,354590,90,2,0.000000,-0.000058,0.000000,0.019845,-0.033312,0.034469,0.067781,883553116.463435,-0.017206,0.017160,0.010128,-1.201865,0.000976
147146.712000,354590,90,2,-0.000000,-0.000069,-0.000000,0.022345,-0.037487,0.038819,0.076305,-263008253.284282,-0.019360,0.019330,0.010598,-1.201147,0.000976
230739.675600,354590,90,2,-0.000000,-0.000053,-0.000000,0.027819,-0.046648,0.048479,0.095127,-1055043947.929737,-0.024080,0.024039,0.012962,-1.199972,0.000976
376864.552900,354590,90,2,0.000000,-0.000080,0.000000,0.035208,-0.058925,0.061321,0.120246,538110894.986475,-0.030447,0.030467,0.013678,-1.200198,0.000976
614290.188000,354590,90,2,0.000000,-0.000058,0.000000,0.044388,-0.074243,0.077100,0.151343,3246695596.933461,-0.038455,0.038374,0.009848,-1.201835,0.000976
15075.094040,396810,90,2,0.000000,-0.000021,0.000000,0.006511,-0.010960,0.011371,0.022330,43295509.165189,-0.005640,0.005612,0.012821,-1.197552,0.000976
19344.942520,396800,90,2,0.000000,-0.000011,0.000000,0.007383,-0.012409,0.012862,0.025271,61465889.131050,-0.006386,0.006368,0.011722,-1.200179,0.000976
30132.497790,396800,90,2,0.000000,0.000000,0.000000,0.009215,-0.015502,0.016039,0.031540,104146693.983747,-0.007967,0.007943,0.009911,-1.200457,0.000976
37983.621570,396810,90,2,0.000000,-0.000031,0.000000,0.010365,-0.017436,0.018045,0.035480,294832132.986276,-0.008989,0.008948,0.010628,-1.200114,0.000976
47667.426500,396800,90,2,-0.000000,-0.000008,-0.000000,0.011523,-0.019403,0.020024,0.039428,-256520572.430516,-0.009972,0.009968,0.008777,-1.200106,0.000976
59820.257890,396810,90,2,0.000000,-0.000045,0.000000,0.012940,-0.021711,0.022500,0.044211,294452698.006014,-0.011224,0.011185,0.011134,-1.201368,0.000976
76027.761520,396800,90,2,0.000000,-0.000019,0.000000,0.014612,-0.024496,0.025366,0.049862,554168586.769068,-0.012660,0.012648,0.009503,-1.202296,0.000976
95674.689480,396800,90,2,0.000000,-0.000002,0.000000,0.016347,-0.027407,0.028370,0.055777,1287602153.894284,-0.014156,0.014117,0.008481,-1.201855,0.000976
120981.904700,396800,90,2,0.000000,-0.000011,0.000000,0.018358,-0.030758,0.031880,0.062638,537092824.832160,-0.015903,0.015883,0.009351,-1.201375,0.000976
153478.401000,396800,90,2,0.000000,-0.000003,0.000000,0.020677,-0.034616,0.035874,0.070491,784202449.797772,-0.017910,0.017904,0.008745,-1.201418,0.000976
191115.847100,396800,90,2,-0.000000,-0.000089,-0.000000,0.022893,-0.038305,0.039858,0.078164,-1172096820.231468,-0.019851,0.019724,0.012924,-1.200581,0.000976
239696.433800,396800,90,2,0.000000,-0.000117,0.000000,0.025692,-0.042993,0.044693,0.087686,26308978321.304726,-0.022245,0.022153,0.011753,-1.200349,0.000976
305707.543100,396800,90,2,0.000000,-0.000126,0.000000,0.028976,-0.048433,0.050418,0.098851,539475229.415166,-0.025144,0.024981,0.012408,-1.200495,0.000976
388388.135900,396800,90,2,0.000000,-0.000065,0.000000,0.032583,-0.054396,0.056700,0.111096,538150695.855535,-0.028150,0.028181,0.013066,-1.200629,0.000976
633185.745900,396800,90,2,0.000000,-0.000030,0.000000,0.040966,-0.068321,0.071127,0.139448,2996337842.987278,-0.035454,0.035463,0.011139,-1.203168,0.000976
18660.414530,446410,90,2,-0.000000,-0.000010,-0.000000,0.006213,-0.010435,0.010825,0.021260,-45771948.028540,-0.005381,0.005364,0.010986,-1.199494,0.000976
23611.079730,446400,90,2,0.000000,-0.000015,0.000000,0.007000,-0.011742,0.012180,0.023922,123593806.992378,-0.006065,0.006039,0.009095,-1.201238,0.000976
29203.231300,446410,90,2,-0.000000,-0.000003,-0.000000,0.007797,-0.013075,0.013583,0.026658,-169868761.213072,-0.006761,0.006732,0.010207,-1.199746,0.000976
36771.801980,446410,90,2,0.000000,-0.000018,0.000000,0.008807,-0.014739,0.015334,0.030073,134596100.347077,-0.007623,0.007607,0.010986,-1.201572,0.000976
46266.662950,446410,90,2,-0.000000,-0.000014,-0.000000,0.009792,-0.016402,0.017021,0.033423,-1114159037.664702,-0.008476,0.008470,0.010274,-1.202631,0.000976
58150.363570,446400,90,2,0.000000,-0.000014,0.000000,0.010934,-0.018324,0.018989,0.037312,266581525.677707,-0.009479,0.009441,0.007436,-1.202894,0.000976
74400.168810,446400,90,2,-0.000000,-0.000036,-0.000000,0.012417,-0.020755,0.021581,0.042336,-186983768.451968,-0.010755,0.010727,0.011730,-1.201768,0.000976
93113.112200,446410,90,2,-0.000000,-0.000022,-0.000000,0.013856,-0.023168,0.024043,0.047211,-118234887.838558,-0.011983,0.011987,0.008492,-1.202538,0.000976
117534.316000,446410,90,2,-0.000000,-0.000020,-0.000000,0.015538,-0.025969,0.026992,0.052960,-1591095782.923090,-0.013450,0.013400,0.009517,-1.201331,0.000976
231730.537300,446400,90,2,0.000000,-0.000042,0.000000,0.021880,-0.036437,0.038114,0.074551,361372141.388977,-0.018930,0.018883,0.013188,-1.201201,0.000976
476056.703300,446410,90,2,0.000000,-0.000072,0.000000,0.031011,-0.051562,0.053903,0.105465,1671310437.946608,-0.026919,0.026775,0.012403,-1.202148,0.000976
605116.455100,446410,90,2,-0.000000,-0.000060,-0.000000,0.034815,-0.057802,0.060453,0.118255,-1620500620.965587,-0.030146,0.030103,0.011291,-1.204211,0.000976
4625.948633,56180,90,2,0.000000,-0.000009,0.000000,0.034853,-0.059751,0.060534,0.120285,5948194831.998776,-0.030145,0.030136,0.008081,-1.198090,0.000976
6209.645660,56180,90,2,-0.000000,-0.000060,-0.000000,0.039453,-0.067577,0.068580,0.136157,-5049960257.109290,-0.034143,0.034113,0.009548,-1.198519,0.000976
8634.114766,56180,90,2,-0.000000,-0.000032,-0.000000,0.045118,-0.077302,0.078357,0.155659,-1490353231.082670,-0.039060,0.039034,0.008493,-1.199202,0.000976
11901.882880,56180,90,2,0.000000,-0.000003,0.000000,0.050782,-0.087071,0.088176,0.175246,4727365530.068482,-0.043901,0.043925,0.007943,-1.198299,0.000976
16135.450610,56180,90,2,0.000000,-0.000002,0.000000,0.056164,-0.096296,0.097503,0.193799,14378188250.979088,-0.048556,0.048522,0.008071,-1.198536,0.000976
21733.066140,56180,90,2,0.000000,-0.000024,0.000000,0.062764,-0.107631,0.109021,0.216651,2921375418.746074,-0.054283,0.054264,0.007994,-1.197826,0.000976
30644.493010,56180,90,2,0.000000,-0.000016,0.000000,0.070753,-0.121260,0.122880,0.244140,10350043119.276699,-0.061218,0.061193,0.008268,-1.198811,0.000976
43748.808260,56180,90,2,0.000000,-0.000148,0.000000,0.079905,-0.136770,0.138768,0.275538,27274153621.180035,-0.069137,0.069049,0.011196,-1.198366,0.000976
62093.509440,56180,90,2,-0.000000,-0.000122,-0.000000,0.090047,-0.154192,0.156373,0.310565,-8382603208.821333,-0.077906,0.077855,0.010867,-1.198398,0.000976
120860.031700,56180,90,2,-0.000000,-0.000097,-0.000000,0.112596,-0.192910,0.195426,0.388336,-2812144370.847908,-0.097339,0.097353,0.009733,-1.198194,0.000976
167394.544000,56180,90,2,0.000000,-0.000176,0.000000,0.126787,-0.217152,0.220066,0.437218,21638329840.017639,-0.109677,0.109623,0.009887,-1.198434,0.000976
232899.591200,56180,90,2,-0.000000,-0.000210,-0.000000,0.142386,-0.243836,0.247184,0.491020,-24300592253.084465,-0.123135,0.123087,0.009957,-1.198283,0.000976
317373.276900,56180,90,2,-0.000000,-0.000043,-0.000000,0.158276,-0.271103,0.274388,0.545492,-3241500319.364385,-0.136770,0.136759,0.008791,-1.199072,0.000976
3855.403161,70800,90,2,0.000000,0.000000,0.000000,0.027636,-0.047433,0.048174,0.095607,34857568891818748.000000,-0.023878,0.023843,0.008512,-1.195255,0.000976
5010.658185,70800,90,2,0.000000,0.000000,0.000000,0.031212,-0.053585,0.054443,0.108028,31960790807.299557,-0.026957,0.026909,0.008713,-1.194494,0.000976
12313.772700,70800,90,2,-0.000000,-0.000000,-0.000000,0.044495,-0.076432,0.077482,0.153913,-2278120701.807991,-0.038486,0.038406,0.007151,-1.195090,0.000976
16469.757610,70800,90,2,-0.000000,-0.000000,-0.000000,0.049687,-0.085325,0.086548,0.171873,-7268476527.260278,-0.042911,0.042874,0.007389,-1.195390,0.000976
22641.582090,70800,90,2,0.000000,0.000000,0.000000,0.056016,-0.096157,0.097632,0.193790,28680707887.139904,-0.048371,0.048305,0.008571,-1.194802,0.000976
32185.324390,70800,90,2,-0.000000,-0.000080,-0.000000,0.063284,-0.108492,0.110194,0.218686,-1751437602.281680,-0.054725,0.054632,0.011471,-1.195826,0.000976
45604.684480,70800,90,2,-0.000000,-0.000013,-0.000000,0.071349,-0.122364,0.124109,0.246474,-987313604.372120,-0.061830,0.061628,0.010197,-1.196350,0.000976
63658.940750,70800,90,2,-0.000000,-0.000052,-0.000000,0.080397,-0.137810,0.139860,0.277670,-4842759576.874881,-0.069546,0.069433,0.010482,-1.196801,0.000976
122057.875200,70800,90,2,-0.000000,-0.000036,-0.000000,0.100509,-0.172344,0.174825,0.347169,-34307568910.361546,-0.086975,0.086830,0.009622,-1.196603,0.000976
170979.098500,70800,90,2,0.000000,-0.000038,0.000000,0.112904,-0.193673,0.196401,0.390074,3400421063.401264,-0.097737,0.097475,0.009546,-1.195601,0.000976
233589.704200,70800,90,2,-0.000000,-0.000210,-0.000000,0.125341,-0.215083,0.217779,0.432862,-42782809339.813095,-0.108575,0.108143,0.007152,-1.196268,0.000976
327688.711400,70800,90,2,-0.000000,-0.000070,-0.000000,0.141715,-0.243058,0.246106,0.489164,-6046473904.016276,-0.122839,0.122282,0.007827,-1.196710,0.000976
447495.129700,70800,90,2,-0.000000,-0.000000,-0.000000,0.159012,-0.272691,0.276068,0.548759,-20353600149.490070,-0.137738,0.137407,0.007225,-1.197204,0.000976
3629.804343,79430,90,2,0.000000,0.000000,0.000000,0.024636,-0.042274,0.042863,0.085137,2522725542.823545,-0.021269,0.021215,0.007665,-1.193453,0.000976
4808.291382,79440,90,2,-0.000000,-0.000000,-0.000000,0.027940,-0.047914,0.048701,0.096615,-1505805100.052435,-0.024194,0.024076,0.009607,-1.192956,0.000976
8789.364332,79430,90,2,0.000000,-0.000003,0.000000,0.035838,-0.061473,0.062368,0.123841,18348899336.785660,-0.030936,0.030859,0.008676,-1.193592,0.000976
11471.960100,79440,90,2,0.000000,-0.000041,0.000000,0.039718,-0.068147,0.069136,0.137283,1196213879.585167,-0.034404,0.034202,0.008446,-1.193910,0.000976
14740.897330,79440,90,2,-0.000000,-0.000000,-0.000000,0.044458,-0.076275,0.077426,0.153701,-9105009587.989828,-0.038509,0.038338,0.008662,-1.193415,0.000976
20269.422780,79430,90,2,0.000000,-0.000010,0.000000,0.049992,-0.085759,0.086995,0.172755,25595557078.560802,-0.043164,0.043041,0.008606,-1.193474,0.000976
28641.575120,79440,90,2,0.000000,-0.000127,0.000000,0.056528,-0.096862,0.098308,0.195171,1808903678.460996,-0.048961,0.048659,0.010045,-1.194434,0.000976
39570.335940,79440,90,2,-0.000000,-0.000129,-0.000000,0.063598,-0.108923,0.110590,0.219512,-7236075779.834579,-0.055114,0.054724,0.010879,-1.195429,0.000976
104433.533000,79440,90,2,0.000000,-0.000253,0.000000,0.089628,-0.153612,0.155786,0.309398,2185221713.469770,-0.077572,0.077078,0.009826,-1.194516,0.000976
146196.176000,79430,90,2,0.000000,-0.000150,0.000000,0.100728,-0.172547,0.174966,0.347513,10314471935.272467,-0.087005,0.086861,0.010417,-1.195225,0.000976
202241.895400,79440,90,2,-0.000000,-0.000268,-0.000000,0.111984,-0.191910,0.194444,0.386354,-7166954073.807473,-0.096988,0.096376,0.008951,-1.195672,0.000976
283718.176100,79440,90,2,0.000000,-0.000292,0.000000,0.126392,-0.216694,0.219290,0.435984,9955759049.627605,-0.109453,0.108843,0.008059,-1.195808,0.000976
532943.953400,79440,90,2,-0.000000,-0.000316,-0.000000,0.158704,-0.272062,0.275183,0.547245,-14773771906.126085,-0.137425,0.136735,0.007411,-1.196365,0.000976
3402.951784,89200,90,2,-0.000000,-0.000026,-0.000000,0.021883,-0.037475,0.038042,0.075518,-219691250.807483,-0.018944,0.018863,0.009556,-1.193715,0.000976
4509.832952,89200,90,2,0.000000,-0.000033,0.000000,0.024739,-0.042369,0.043066,0.085435,275358300.501017,-0.021394,0.021302,0.010579,-1.192039,0.000976
6219.101004,89200,90,2,0.000000,-0.000047,0.000000,0.028347,-0.048549,0.049301,0.097851,3225301237.426818,-0.024531,0.024428,0.010004,-1.193083,0.000976
8296.446408,89200,90,2,0.000000,-0.000064,0.000000,0.031964,-0.054761,0.055553,0.110314,6546181579.788160,-0.027635,0.027537,0.009103,-1.193180,0.000976
10674.607450,89200,90,2,0.000000,-0.000077,0.000000,0.035349,-0.060589,0.061422,0.122011,2010989762.954668,-0.030564,0.030458,0.008476,-1.192910,0.000976
13957.745540,89200,90,2,0.000000,-0.000050,0.000000,0.039538,-0.067745,0.068759,0.136504,632612060.183842,-0.034194,0.034080,0.009571,-1.192513,0.000976
18431.752620,89200,90,2,-0.000000,-0.000051,-0.000000,0.044468,-0.076199,0.077346,0.153545,-2276780148.703545,-0.038446,0.038303,0.009621,-1.192067,0.000976
25677.916490,89200,90,2,-0.000000,-0.000166,-0.000000,0.050193,-0.085867,0.087170,0.173037,-1048935808.004813,-0.043395,0.043171,0.011393,-1.194190,0.000976
35435.355120,89200,90,2,0.000000,-0.000201,0.000000,0.056593,-0.096847,0.098226,0.195074,6439047232.714562,-0.048922,0.048657,0.011044,-1.194346,0.000976
48969.466370,89200,90,2,-0.000000,-0.000219,-0.000000,0.063837,-0.109238,0.110757,0.219995,-1520205471.815281,-0.055237,0.054900,0.010860,-1.194788,0.000976
66602.142290,89200,90,2,-0.000000,-0.000178,-0.000000,0.070843,-0.121287,0.122841,0.244129,-36271546630.524811,-0.061260,0.060958,0.009709,-1.195032,0.000976
91657.202410,89200,90,2,0.000000,-0.000243,0.000000,0.079683,-0.136414,0.138198,0.274612,4533090790.393082,-0.068877,0.068503,0.010072,-1.194770,0.000976
173689.828600,89200,90,2,0.000000,-0.000293,0.000000,0.099513,-0.170211,0.172549,0.342760,16983519064.800110,-0.086104,0.085585,0.010314,-1.195560,0.000976
244843.978200,89200,90,2,-0.000000,-0.000266,-0.000000,0.112297,-0.192163,0.194607,0.386770,-38330798020.495270,-0.097155,0.096608,0.009429,-1.195921,0.000976
337354.556500,89200,90,2,-0.000000,-0.000272,-0.000000,0.126166,-0.215971,0.218494,0.434464,-25838827467.128246,-0.109031,0.108555,0.009050,-1.195397,0.000976
464149.219100,89200,90,2,0.000000,-0.000218,0.000000,0.141232,-0.241804,0.244397,0.486201,36155498431.873573,-0.122085,0.121634,0.007715,-1.196011,0.000976
3202.188971,99900,90,2,0.000000,-0.000018,0.000000,0.019645,-0.033631,0.034146,0.067777,291540703.178410,-0.016951,0.016908,0.010317,-1.192120,0.000976
4201.233831,99910,90,2,0.000000,-0.000005,0.000000,0.022200,-0.037998,0.038666,0.076665,270632240.632039,-0.019225,0.019112,0.012492,-1.191321,0.000976
5615.042185,99900,90,2,-0.000000,-0.000032,-0.000000,0.025416,-0.043486,0.044201,0.087687,-1131568288.886142,-0.021942,0.021864,0.011513,-1.191840,0.000976
9606.226554,99910,90,2,-0.000000,-0.000076,-0.000000,0.031604,-0.054121,0.054954,0.109075,-2311587002.754047,-0.027353,0.027140,0.010625,-1.192098,0.000976
12587.975790,99900,90,2,-0.000000,-0.000045,-0.000000,0.035479,-0.060736,0.061665,0.122401,-7266022557.199831,-0.030630,0.030524,0.010446,-1.191894,0.000976
16760.966990,99910,90,2,-0.000000,-0.000034,-0.000000,0.039784,-0.068109,0.069241,0.137350,-1314168436.127585,-0.034433,0.034224,0.011824,-1.191276,0.000976
22674.082700,99910,90,2,0.000000,-0.000205,0.000000,0.044966,-0.076856,0.078075,0.154931,1023215897.999285,-0.038951,0.038655,0.012879,-1.194887,0.000976
31239.972250,99910,90,2,-0.000000,-0.000179,-0.000000,0.050713,-0.086730,0.087993,0.174723,-1527343540.929778,-0.043882,0.043617,0.011609,-1.194130,0.000976
43124.002060,99910,90,2,-0.000000,-0.000168,-0.000000,0.057148,-0.097763,0.099060,0.196822,-2167406826.174501,-0.049478,0.049193,0.010466,-1.195239,0.000976
58014.824810,99910,90,2,0.000000,-0.000167,0.000000,0.063474,-0.108646,0.110025,0.218671,3610948291.586687,-0.054912,0.054656,0.009856,-1.194541,0.000976
110409.900000,99910,90,2,-0.000000,-0.000312,-0.000000,0.080367,-0.137468,0.139401,0.276869,-3918840846.005065,-0.069577,0.069113,0.011132,-1.194245,0.000976
150584.693100,99910,90,2,-0.000000,-0.000211,-0.000000,0.089152,-0.152499,0.154481,0.306979,-3803821266.958813,-0.077163,0.076784,0.009991,-1.195127,0.000976
209944.450700,99910,90,2,-0.000000,-0.000366,-0.000000,0.100736,-0.172214,0.174615,0.346830,-7368137688.026208,-0.087235,0.086670,0.011323,-1.194963,0.000976
291288.801500,99910,90,2,0.000000,-0.000283,0.000000,0.112924,-0.193176,0.195566,0.388742,28908428115.862659,-0.097652,0.097230,0.009430,-1.194833,0.000976
402454.664800,99910,90,2,-0.000000,-0.000240,-0.000000,0.126444,-0.216374,0.218818,0.435192,-21579786706.041122,-0.109428,0.108943,0.008235,-1.195433,0.000976
551737.645400,99900,90,2,0.000000,0.000000,0.000000,0.142378,-0.243532,0.246292,0.489824,1375424134.786245,-0.122866,0.122656,0.008348,-1.195624,0.000976
756429.429100,99910,90,2,-0.000000,-0.000410,-0.000000,0.159866,-0.273375,0.276682,0.550057,-54567265178.183327,-0.138436,0.137562,0.008703,-1.195596,0.000976
3355.326673,112170,90,2,-0.000000,-0.000065,-0.000000,0.017418,-0.029821,0.030357,0.060178,-189746767.548500,-0.015041,0.015009,0.011854,-1.191533,0.000976
4368.111993,112170,90,2,0.000000,-0.000064,0.000000,0.019666,-0.033660,0.034325,0.067985,1258606379.902275,-0.016976,0.016909,0.014245,-1.189938,0.000976
7744.292208,112170,90,2,-0.000000,-0.000101,-0.000000,0.025413,-0.043489,0.044289,0.087778,-2891437389.990790,-0.021955,0.021882,0.012735,-1.191549,0.000976
9940.636176,112160,90,2,-0.000000,-0.000028,-0.000000,0.028098,-0.048137,0.048995,0.097131,-959085667.545411,-0.024296,0.024167,0.011481,-1.190903,0.000976
8574.680781,354610,25,2,-0.000000,-0.000014,-0.000000,0.009975,-0.017060,0.017185,0.034245,-1702370745.443422,-0.008638,0.008618,0.004825,-1.197721,0.000976
15040.691890,354610,25,2,-0.000000,-0.000000,-0.000000,0.012727,-0.021763,0.021903,0.043665,-6516267490.396859,-0.011006,0.010972,0.004072,-1.198565,0.000976
19969.130710,354610,25,2,0.000000,-0.000010,0.000000,0.014337,-0.024509,0.024687,0.049196,341414654.293792,-0.012415,0.012382,0.004329,-1.198325,0.000976
26475.304450,354610,25,2,-0.000000,-0.000000,-0.000000,0.016193,-0.027684,0.027873,0.055557,-789611851.919615,-0.013995,0.013962,0.004033,-1.198358,0.000976
34452.855370,354610,25,2,-0.000000,-0.000001,-0.000000,0.018056,-0.030857,0.031090,0.061948,-260419460.931915,-0.015624,0.015565,0.004499,-1.198316,0.000976
45460.323740,354610,25,2,0.000000,0.000000,0.000000,0.020230,-0.034587,0.034800,0.069387,351106688.263901,-0.017512,0.017473,0.003487,-1.198604,0.000976
59634.058410,354610,25,2,-0.000000,-0.000001,-0.000000,0.022644,-0.038689,0.038956,0.077645,-3312430844.058244,-0.019613,0.019548,0.003749,-1.198732,0.000976
420412.485900,354610,25,2,-0.000000,-0.000000,-0.000000,0.050724,-0.086490,0.086947,0.173437,-2597044178.466241,-0.043833,0.043849,0.001928,-1.200956,0.000976
551657.538300,354610,25,2,-0.000000,-0.000000,-0.000000,0.056777,-0.096785,0.097344,0.194129,-1529992214.974098,-0.049099,0.049047,0.002162,-1.201035,0.000976
952415.633800,354610,25,2,-0.000000,-0.000000,-0.000000,0.071605,-0.122034,0.122701,0.244735,-24441221569.862228,-0.061972,0.061814,0.002166,-1.201002,0.000976
1249054.807000,354610,25,2,-0.000000,-0.000000,-0.000000,0.080485,-0.137109,0.137882,0.274991,-10302074528.316372,-0.069707,0.069502,0.001825,-1.201280,0.000976
1641314.178000,354610,25,2,0.000000,0.000000,0.000000,0.090440,-0.154053,0.154890,0.308943,92607573274.114853,-0.078275,0.078090,0.001774,-1.201365,0.000976
2764832.535000,354610,25,2,-0.000000,-0.000000,-0.000000,0.113459,-0.193078,0.194399,0.387477,-58090307058.781883,-0.098099,0.097907,0.002998,-1.201075,0.000976
3606150.040000,354610,25,2,0.000000,0.000000,0.000000,0.127701,-0.217316,0.218597,0.435913,2564044882.934403,-0.110308,0.110327,0.002194,-1.201432,0.000976
6862.476523,396820,25,2,-0.000000,-0.000000,-0.000000,0.008017,-0.013696,0.013788,0.027485,-547282550.094965,-0.006941,0.006926,0.003352,-1.199031,0.000976
11657.816600,396820,25,2,0.000000,0.000000,0.000000,0.010162,-0.017344,0.017497,0.034841,107280359.198103,-0.008773,0.008772,0.004875,-1.198442,0.000976
14969.436900,396820,25,2,0.000000,0.000000,0.000000,0.011357,-0.019401,0.019527,0.038928,581495534.563431,-0.009800,0.009799,0.003830,-1.198917,0.000976
19656.236360,396820,25,2,0.000000,0.000000,0.000000,0.012777,-0.021833,0.021976,0.043809,172157975.032698,-0.011036,0.011023,0.003834,-1.198573,0.000976
26416.461070,396820,25,2,0.000000,-0.000002,0.000000,0.014517,-0.024788,0.024968,0.049756,247759678.367144,-0.012541,0.012536,0.003666,-1.198831,0.000976
33758.624160,396820,25,2,0.000000,0.000000,0.000000,0.016169,-0.027605,0.027814,0.055418,403837309.526556,-0.013958,0.013955,0.003960,-1.198663,0.000976
57554.710410,396820,25,2,0.000000,0.000000,0.000000,0.020238,-0.034543,0.034784,0.069327,163177949.006708,-0.017490,0.017450,0.003601,-1.199172,0.000976
133070.098800,396820,25,2,0.000000,0.000000,0.000000,0.028638,-0.048857,0.049143,0.098000,497045283.501628,-0.024817,0.024806,0.002516,-1.200445,0.000976
175199.172500,396820,25,2,0.000000,-0.000026,0.000000,0.032099,-0.054753,0.055081,0.109834,684768157.325000,-0.027743,0.027764,0.002571,-1.200327,0.000976
228712.247500,396820,25,2,-0.000000,-0.000000,-0.000000,0.036128,-0.061583,0.061964,0.123547,-1321242271.569032,-0.031274,0.031290,0.002056,-1.200616,0.000976
518325.671900,396820,25,2,0.000000,-0.000017,0.000000,0.050685,-0.086347,0.086777,0.173125,4325142515.583040,-0.043764,0.043790,0.001838,-1.201421,0.000976
896561.201600,396820,25,2,0.000000,0.000000,0.000000,0.063965,-0.108872,0.109495,0.218367,65499997868.455917,-0.055315,0.055238,0.001928,-1.201561,0.000976
2600226.706000,396820,25,2,-0.000000,-0.000028,-0.000000,0.101312,-0.172177,0.173359,0.345535,-3143727341.528181,-0.087589,0.087482,0.002495,-1.201447,0.000976
3398056.234000,396820,25,2,-0.000000,-0.000000,-0.000000,0.114087,-0.193826,0.195068,0.388894,-3768553554.045708,-0.098533,0.098493,0.001934,-1.202135,0.000976
8620.244159,354610,25,2,-0.000000,-0.000000,-0.000000,0.009989,-0.017215,0.017069,0.034285,-129474811.790006,-0.008617,0.008639,-0.005059,-1.197754,0.000976
15102.655200,354620,25,2,0.000000,0.000014,0.000000,0.012727,-0.021899,0.021756,0.043655,188881468.183330,-0.011002,0.011011,-0.003877,-1.198512,0.000976
19975.288860,354610,25,2,-0.000000,-0.000000,-0.000000,0.014320,-0.024668,0.024468,0.049136,-1629244491.055874,-0.012354,0.012384,-0.004598,-1.198110,0.000976
26954.656470,354610,25,2,-0.000000,-0.000000,-0.000000,0.016244,-0.027971,0.027754,0.055725,-1279564613.104744,-0.014031,0.014026,-0.004583,-1.198363,0.000976
34488.569740,354610,25,2,0.000000,0.000000,0.000000,0.018044,-0.031074,0.030827,0.061901,2639632865.998485,-0.015579,0.015594,-0.004880,-1.198219,0.000976
45487.666030,354610,25,2,0.000000,0.000007,0.000000,0.020219,-0.034794,0.034545,0.069338,690125029.676271,-0.017482,0.017447,-0.003838,-1.198394,0.000976
59913.625000,354610,25,2,-0.000000,-0.000000,-0.000000,0.022677,-0.039023,0.038732,0.077755,-663451513.736408,-0.019575,0.019608,-0.003870,-1.198634,0.000976
2123084.309000,354610,25,2,0.000000,0.000121,0.000000,0.100948,-0.172961,0.171883,0.344844,34456761999.546425,-0.087423,0.087216,-0.002972,-1.200658,0.000976
2771293.873000,354610,25,2,-0.000000,0.000070,-0.000000,0.113652,-0.194623,0.193412,0.388035,-3422919330.162764,-0.098377,0.098165,-0.002628,-1.201238,0.000976
3616132.536000,354610,25,2,0.000000,0.000096,0.000000,0.127825,-0.218737,0.217539,0.436276,3635925388.947448,-0.110734,0.110495,-0.002210,-1.201380,0.000976
6757.300190,396820,25,2,0.000000,0.000000,0.000000,0.008012,-0.013782,0.013679,0.027461,86358472.049921,-0.006925,0.006920,-0.003349,-1.199138,0.000976
8567.370143,396820,25,2,-0.000000,0.000002,-0.000000,0.008917,-0.015354,0.015222,0.030575,-136280042.849955,-0.007695,0.007721,-0.004135,-1.198378,0.000976
11418.577470,396820,25,2,0.000000,0.000000,0.000000,0.010138,-0.017449,0.017305,0.034754,519077879.221720,-0.008739,0.008771,-0.004363,-1.198885,0.000976
14854.775430,396820,25,2,-0.000000,-0.000000,-0.000000,0.011379,-0.019567,0.019435,0.039002,-130922044.196354,-0.009818,0.009845,-0.003509,-1.198868,0.000976
33249.426740,396820,25,2,-0.000000,0.000000,-0.000000,0.016148,-0.027780,0.027560,0.055340,-258370237.330583,-0.013935,0.013985,-0.004171,-1.198749,0.000976
43531.904340,396820,25,2,-0.000000,-0.000000,-0.000000,0.018073,-0.031082,0.030844,0.061926,-1682430375.310681,-0.015583,0.015638,-0.003670,-1.198735,0.000976
57146.806490,396820,25,2,0.000000,0.000000,0.000000,0.020253,-0.034818,0.034556,0.069375,211620723.324039,-0.017471,0.017530,-0.003556,-1.199014,0.000976
131737.054400,396820,25,2,0.000000,0.000000,0.000000,0.028607,-0.049076,0.048808,0.097884,861573151.893246,-0.024706,0.024731,-0.002405,-1.200315,0.000976
174411.411700,396820,25,2,0.000000,0.000000,0.000000,0.032143,-0.055139,0.054820,0.109959,1936134431.226211,-0.027763,0.027805,-0.002514,-1.200429,0.000976
227663.473800,396820,25,2,-0.000000,-0.000000,-0.000000,0.036116,-0.061916,0.061583,0.123499,-2054617091.547029,-0.031219,0.031204,-0.002155,-1.200545,0.000976
517431.551500,396820,25,2,0.000000,0.000000,0.000000,0.050702,-0.086824,0.086340,0.173164,6489870346.191580,-0.043775,0.043935,-0.002151,-1.201349,0.000976
683795.472900,396820,25,2,-0.000000,-0.000000,-0.000000,0.057087,-0.097695,0.097183,0.194878,-29228450622.553875,-0.049282,0.049463,-0.001827,-1.201680,0.000976
898673.651900,396820,25,2,0.000000,0.000000,0.000000,0.064107,-0.109704,0.109107,0.218812,9937536317853328.000000,-0.055395,0.055501,-0.002024,-1.201632,0.000976
1541628.341000,396820,25,2,0.000000,0.000000,0.000000,0.080831,-0.138223,0.137544,0.275767,16554316609.059151,-0.069782,0.070053,-0.001280,-1.201950,0.000976
1993346.859000,396820,25,2,-0.000000,-0.000000,-0.000000,0.090133,-0.154276,0.153255,0.307531,-18459236935.557213,-0.077813,0.078060,-0.002758,-1.201190,0.000976
2606862.196000,396820,25,2,0.000000,0.000000,0.000000,0.101465,-0.173534,0.172481,0.346014,51951045637.571144,-0.087620,0.087870,-0.002234,-1.201730,0.000976
3403037.736000,396820,25,2,-0.000000,-0.000000,-0.000000,0.114192,-0.195139,0.194069,0.389208,-12992525315.360619,-0.098613,0.098924,-0.002036,-1.202304,0.000976
12568.705930,50060,25,3,-0.000000,-0.000269,-0.000000,0.037011,-0.060146,0.060873,0.121018,-1263325598.923530,-0.034634,0.034539,0.014597,-1.330751,0.000976
16599.302430,50060,25,3,-0.000000,-0.000327,-0.000000,0.041796,-0.067912,0.068723,0.136635,-855977789.736338,-0.039065,0.039024,0.015075,-1.331303,0.000976
22311.455580,50060,25,3,0.000000,-0.000364,0.000000,0.047234,-0.076875,0.077767,0.154643,2015332252.241697,-0.044052,0.044149,0.014940,-1.328514,0.000976
28359.742430,50070,25,3,-0.000000,-0.000294,-0.000000,0.052406,-0.085248,0.086238,0.171486,-1676979609.988921,-0.048999,0.049062,0.014229,-1.330140,0.000976
38051.072090,50070,25,3,0.000000,-0.000250,0.000000,0.059194,-0.096433,0.097407,0.193840,2020473816.209723,-0.055334,0.055308,0.012635,-1.328978,0.000976
49087.742220,50070,25,3,-0.000000,-0.000223,-0.000000,0.066048,-0.107604,0.108616,0.216220,-11038542599251276.000000,-0.061699,0.061725,0.011425,-1.329688,0.000976
66352.897680,50060,25,3,0.000000,-0.000319,0.000000,0.075134,-0.122400,0.123659,0.246059,15387316238.147533,-0.070047,0.070171,0.011825,-1.328556,0.000976
84150.629790,50070,25,3,-0.000000,-0.000352,-0.000000,0.083044,-0.134952,0.136533,0.271486,-3270646240.783925,-0.077788,0.077710,0.014320,-1.330849,0.000976
110858.452300,50070,25,3,0.000000,-0.000299,0.000000,0.093628,-0.152276,0.153865,0.306142,5992201760.854121,-0.087721,0.087692,0.012760,-1.330667,0.000976
145429.553700,50070,25,3,0.000000,-0.000447,0.000000,0.105515,-0.171658,0.173436,0.345094,15435580634.627571,-0.098847,0.098743,0.012801,-1.330323,0.000976
191702.298500,50060,25,3,0.000000,-0.000418,0.000000,0.118778,-0.193430,0.195201,0.388631,121628844479.182068,-0.110956,0.110937,0.011207,-1.329043,0.000976
325497.126600,50070,25,3,0.000000,-0.000771,0.000000,0.149654,-0.243608,0.246021,0.489629,3648708368.347088,-0.140115,0.139856,0.011503,-1.329855,0.000976
420555.175600,50060,25,3,-0.000000,-0.000594,-0.000000,0.165955,-0.269851,0.272023,0.541874,-169937282829.977631,-0.155318,0.155547,0.010242,-1.332310,0.000976
11673.965400,56160,25,3,0.000000,-0.000114,0.000000,0.032893,-0.053457,0.053959,0.107416,33683110295.629635,-0.030767,0.030738,0.011349,-1.329515,0.000976
15082.986990,56160,25,3,0.000000,-0.000162,0.000000,0.037180,-0.060388,0.061012,0.121400,6345363549.175279,-0.034737,0.034727,0.012679,-1.329872,0.000976
25626.204720,56160,25,3,-0.000000,-0.000139,-0.000000,0.046593,-0.075772,0.076413,0.152185,-1987951120.755397,-0.043479,0.043592,0.010743,-1.329264,0.000976
34312.325930,56160,25,3,-0.000000,-0.000095,-0.000000,0.052658,-0.085714,0.086378,0.172091,-1225504128.836450,-0.049129,0.049206,0.009599,-1.328472,0.000976
44279.041540,56160,25,3,-0.000000,-0.000137,-0.000000,0.058868,-0.095823,0.096592,0.192415,-1282564115.890130,-0.054939,0.054966,0.009808,-1.328182,0.000976
172735.772800,56160,25,3,0.000000,-0.000369,0.000000,0.105704,-0.171978,0.173442,0.345421,13530238698.282297,-0.098796,0.098659,0.010629,-1.327890,0.000976
296059.681900,56160,25,3,0.000000,-0.000694,0.000000,0.133228,-0.216644,0.218482,0.435126,15158282528.116972,-0.124587,0.124324,0.010015,-1.328707,0.000976
383170.984100,56160,25,3,-0.000000,-0.000427,-0.000000,0.147521,-0.239636,0.241335,0.480971,-151070314586.917236,-0.138393,0.137978,0.008032,-1.331465,0.000976
8713.277468,70760,25,3,-0.000000,-0.000107,-0.000000,0.026125,-0.042514,0.042892,0.085406,-955435204.425656,-0.024426,0.024372,0.009716,-1.328482,0.000976
11683.744210,70760,25,3,0.000000,-0.000132,0.000000,0.029524,-0.048027,0.048465,0.096492,7558241724.822312,-0.027591,0.027542,0.010313,-1.329139,0.000976
15277.314310,70760,25,3,0.000000,-0.000135,0.000000,0.033393,-0.054423,0.054868,0.109291,1266448796.754515,-0.031206,0.031187,0.009189,-1.326406,0.000976
34017.556530,70760,25,3,0.000000,-0.000140,0.000000,0.046744,-0.076172,0.076761,0.152933,4351441176.360489,-0.043663,0.043669,0.008510,-1.327088,0.000976
46316.463170,70760,25,3,0.000000,-0.000084,0.000000,0.053211,-0.086768,0.087464,0.174233,3632525852.488892,-0.049687,0.049573,0.007857,-1.325778,0.000976
58911.582190,70760,25,3,0.000000,-0.000303,0.000000,0.058803,-0.095546,0.096466,0.192012,1942383001.504654,-0.055075,0.054959,0.011708,-1.329569,0.000976
77936.494010,70760,25,3,0.000000,-0.000193,0.000000,0.066418,-0.107963,0.108956,0.216918,34005555251.392986,-0.062272,0.062088,0.010053,-1.329616,0.000976
134016.405600,70760,25,3,0.000000,-0.000141,0.000000,0.084050,-0.136880,0.137915,0.274796,12295342870.039398,-0.078500,0.078369,0.008323,-1.327583,0.000976
174649.461300,70760,25,3,-0.000000,-0.000130,-0.000000,0.094262,-0.153477,0.154631,0.308108,-12065516044.941854,-0.088222,0.088102,0.008242,-1.327672,0.000976
229920.389500,70760,25,3,-0.000000,-0.000051,-0.000000,0.105969,-0.172496,0.173865,0.346361,-9864648156.340063,-0.099250,0.098817,0.008071,-1.328056,0.000976
295564.456500,70760,25,3,0.000000,-0.000125,0.000000,0.117360,-0.190865,0.192026,0.382890,2452590755.001869,-0.110014,0.109932,0.006358,-1.331379,0.000976
508632.882000,70760,25,3,0.000000,-0.000316,0.000000,0.149278,-0.242989,0.244460,0.487449,38215524499.223808,-0.139731,0.139398,0.006017,-1.329937,0.000976
7455.827983,79410,25,3,0.000000,-0.000076,0.000000,0.023253,-0.037792,0.038168,0.075960,643545747.098236,-0.021763,0.021672,0.011289,-1.327235,0.000976
13398.647950,79410,25,3,-0.000000,-0.000098,-0.000000,0.029754,-0.048423,0.048885,0.097308,-1450868773.071711,-0.027759,0.027782,0.011165,-1.325142,0.000976
16889.934270,79410,25,3,0.000000,-0.000070,0.000000,0.032938,-0.053572,0.054058,0.107630,340688256.804645,-0.030736,0.030720,0.010322,-1.326862,0.000976
22728.315160,79410,25,3,-0.000000,-0.000077,-0.000000,0.037248,-0.060638,0.061152,0.121791,-887010650.041279,-0.034703,0.034767,0.009952,-1.325622,0.000976
29709.691940,79410,25,3,-0.000000,-0.000102,-0.000000,0.041696,-0.067869,0.068467,0.136336,-1642181566.808372,-0.038882,0.038924,0.010277,-1.325772,0.000976
51595.430880,79420,25,3,0.000000,-0.000315,0.000000,0.052259,-0.084863,0.085740,0.170603,5945855919.089574,-0.048915,0.048802,0.012105,-1.328609,0.000976
345615.911400,79410,25,3,-0.000000,-0.000360,-0.000000,0.117849,-0.191429,0.192933,0.384362,-20112849119.603580,-0.110294,0.109882,0.008332,-1.329167,0.000976
451893.255100,79410,25,3,0.000000,-0.000326,0.000000,0.132592,-0.215521,0.216997,0.432518,45256989692.379707,-0.123843,0.123758,0.007131,-1.329144,0.000976
587335.240700,79410,25,3,-0.000000,-0.000320,-0.000000,0.148511,-0.241589,0.243050,0.484639,-11698168657.325869,-0.138701,0.138696,0.006624,-1.328349,0.000976
762433.573800,79410,25,3,0.000000,-0.000336,0.000000,0.166990,-0.271723,0.273378,0.545101,85494099912.804001,-0.156039,0.155816,0.006546,-1.327933,0.000976
6391.056580,89210,25,3,0.000000,-0.000088,0.000000,0.020694,-0.033622,0.033966,0.067588,1059515990.281678,-0.019317,0.019261,0.011372,-1.326570,0.000976
8445.305691,89210,25,3,0.000000,-0.000119,0.000000,0.023311,-0.037847,0.038275,0.076122,378893992.848165,-0.021744,0.021742,0.012791,-1.326564,0.000976
11550.452620,89210,25,3,0.000000,-0.000121,0.000000,0.026481,-0.043070,0.043508,0.086577,2465114680.442934,-0.024710,0.024668,0.011876,-1.324387,0.000976
14752.056270,89210,25,3,0.000000,-0.000137,0.000000,0.029304,-0.047618,0.048096,0.095713,10002478552.067585,-0.027330,0.027277,0.011646,-1.326356,0.000976
19575.196980,89210,25,3,0.000000,-0.000118,0.000000,0.033115,-0.053860,0.054360,0.108220,1211050862.592006,-0.030887,0.030840,0.010435,-1.325293,0.000976
25459.665370,89210,25,3,0.000000,-0.000150,0.000000,0.036947,-0.060106,0.060682,0.120789,788199515.555841,-0.034447,0.034392,0.010918,-1.324500,0.000976
35001.958780,89210,25,3,0.000000,-0.000174,0.000000,0.042042,-0.068395,0.069119,0.137514,1793782171.899481,-0.039209,0.039177,0.011477,-1.323716,0.000976
45300.196680,89210,25,3,0.000000,-0.000171,0.000000,0.046477,-0.075395,0.076194,0.151588,1012602692.945809,-0.043469,0.043347,0.012101,-1.328542,0.000976
79900.831840,89210,25,3,0.000000,-0.000124,0.000000,0.059190,-0.096114,0.096976,0.193090,4329309871.998715,-0.055389,0.055250,0.010149,-1.327825,0.000976
105496.134900,89210,25,3,-0.000000,-0.000061,-0.000000,0.066507,-0.108130,0.109082,0.217212,-6191138176.740875,-0.062033,0.061956,0.009479,-1.325991,0.000976
137459.496900,89210,25,3,-0.000000,-0.000177,-0.000000,0.074704,-0.121367,0.122480,0.243847,-8499650554.774076,-0.069734,0.069735,0.010355,-1.326891,0.000976
180012.411800,89210,25,3,0.000000,-0.000139,0.000000,0.083810,-0.136121,0.137458,0.273580,5721431012.600344,-0.078378,0.078104,0.010649,-1.326705,0.000976
233482.313700,89210,25,3,-0.000000,-0.000249,-0.000000,0.092847,-0.150659,0.152023,0.302682,-1828370004.663045,-0.086829,0.086663,0.009651,-1.328727,0.000976
526202.223000,89210,25,3,-0.000000,-0.000286,-0.000000,0.132134,-0.214776,0.216276,0.431052,-5882835607.126619,-0.123538,0.123090,0.007121,-1.327755,0.000976
890439.632700,89210,25,3,-0.000000,-0.000356,-0.000000,0.166814,-0.271121,0.273107,0.544228,-85410180201.052551,-0.155881,0.155385,0.007431,-1.327531,0.000976
5455.611500,99970,25,3,-0.000000,-0.000098,-0.000000,0.018517,-0.030110,0.030509,0.060618,-203882189.860162,-0.017274,0.017272,0.012884,-1.324979,0.000976
7263.512133,99970,25,3,0.000000,-0.000093,0.000000,0.020862,-0.033898,0.034373,0.068271,496815126.451770,-0.019467,0.019454,0.014087,-1.325771,0.000976
9955.337787,99970,25,3,0.000000,-0.000119,0.000000,0.023636,-0.038480,0.038969,0.077449,526160924.256312,-0.022038,0.021972,0.013062,-1.323502,0.000976
12820.687460,99970,25,3,0.000000,-0.000135,0.000000,0.026227,-0.042669,0.043201,0.085871,8952288203.388752,-0.024492,0.024420,0.012401,-1.324966,0.000976
17485.936250,99970,25,3,-0.000000,-0.000149,-0.000000,0.029666,-0.048270,0.048877,0.097147,-2761669634.291448,-0.027707,0.027579,0.012280,-1.324778,0.000976
22381.303250,99970,25,3,-0.000000,-0.000201,-0.000000,0.033184,-0.054010,0.054681,0.108691,-738697650.278480,-0.030971,0.030865,0.012506,-1.324363,0.000976
53508.457150,99970,25,3,-0.000000,-0.000181,-0.000000,0.046912,-0.076212,0.077106,0.153318,-1044305251.006714,-0.043918,0.043734,0.011689,-1.327802,0.000976
71007.413570,99980,25,3,0.000000,-0.000140,0.000000,0.052865,-0.085912,0.086908,0.172819,1546672165.119977,-0.049438,0.049393,0.011675,-1.327491,0.000976
94221.019310,99970,25,3,-0.000000,-0.000195,-0.000000,0.059394,-0.096645,0.097705,0.194350,-1600500105.337317,-0.055381,0.055459,0.010587,-1.325811,0.000976
122895.164900,99970,25,3,-0.000000,-0.000247,-0.000000,0.066726,-0.108504,0.109766,0.218270,-34163361825.251984,-0.062340,0.062277,0.010942,-1.326388,0.000976
161156.153200,99970,25,3,0.000000,-0.000267,0.000000,0.074918,-0.121773,0.123310,0.245083,2073405967.582611,-0.070004,0.069931,0.011502,-1.326094,0.000976
210418.103100,99980,25,3,-0.000000,-0.000408,-0.000000,0.083047,-0.134852,0.136420,0.271271,-3149628271.733810,-0.077874,0.077650,0.010617,-1.328418,0.000976
475260.925000,99970,25,3,0.000000,-0.000023,0.000000,0.118084,-0.192054,0.193909,0.385963,5758013293.034272,-0.110457,0.110165,0.007878,-1.327079,0.000976
620715.758900,99970,25,3,-0.000000,-0.000143,-0.000000,0.132880,-0.216021,0.218336,0.434357,-19438682229.998135,-0.124364,0.123983,0.008886,-1.326968,0.000976
808349.493900,99970,25,3,0.000000,-0.000079,0.000000,0.149125,-0.242420,0.244925,0.487345,2936618696.070355,-0.139534,0.139089,0.008380,-1.327448,0.000976
4760.381355,112180,25,3,0.000000,-0.000106,0.000000,0.016554,-0.026854,0.027212,0.054067,385248887.262317,-0.015450,0.015383,0.014124,-1.326181,0.000976
8760.661555,112180,25,3,-0.000000,-0.000111,-0.000000,0.021154,-0.034376,0.034802,0.069179,-503760432.165686,-0.019708,0.019678,0.013752,-1.323612,0.000976
11335.402850,112170,25,3,0.000000,-0.000092,0.000000,0.023413,-0.038027,0.038490,0.076518,420608835.066047,-0.021890,0.021822,0.013328,-1.325355,0.000976
27204.639190,112170,25,3,-0.000000,-0.000128,-0.000000,0.033620,-0.054644,0.055379,0.110023,-1075831231.221924,-0.031314,0.031238,0.013760,-1.323386,0.000976
63849.693120,112170,25,3,-0.000000,-0.000274,-0.000000,0.047260,-0.076704,0.077562,0.154266,-2304474431.418654,-0.044106,0.044017,0.011815,-1.327003,0.000976
85067.562990,112170,25,3,-0.000000,-0.000262,-0.000000,0.053126,-0.086298,0.087241,0.173539,-1554313138.009732,-0.049635,0.049530,0.010828,-1.325881,0.000976
111680.859200,112180,25,3,0.000000,-0.000169,0.000000,0.059688,-0.096909,0.097954,0.194862,5093397269.679752,-0.055732,0.055538,0.010985,-1.326269,0.000976
147001.933700,112180,25,3,0.000000,-0.000205,0.000000,0.066984,-0.108707,0.109942,0.218649,6859127772.183849,-0.062612,0.062371,0.011340,-1.326570,0.000976
192313.447100,112180,25,3,0.000000,-0.000205,0.000000,0.074150,-0.120185,0.121525,0.241710,37965702307.774178,-0.069370,0.069181,0.010860,-1.328650,0.000976
254258.099000,112180,25,3,-0.000000,-0.000149,-0.000000,0.083648,-0.135640,0.136993,0.272632,-5353482314.364133,-0.078251,0.078166,0.009957,-1.328652,0.000976
437069.158900,112170,25,3,-0.000000,-0.000251,-0.000000,0.105585,-0.171425,0.173129,0.344554,-12013134616.167953,-0.098644,0.098586,0.009038,-1.327306,0.000976
750797.239300,112180,25,3,0.000000,-0.000163,0.000000,0.133242,-0.216218,0.218358,0.434577,2623839498.941698,-0.124704,0.124125,0.009016,-1.327528,0.000976
962490.315000,112170,25,3,0.000000,-0.000575,0.000000,0.147186,-0.238571,0.241361,0.479932,150715175474.013153,-0.137743,0.137248,0.010800,-1.328240,0.000976
1254344.225000,112170,25,3,0.000000,-0.000761,0.000000,0.166010,-0.269006,0.272073,0.541079,169993491292.888336,-0.155561,0.154597,0.010201,-1.329261,0.000976
4132.497455,125930,25,3,0.000000,-0.000090,0.000000,0.014743,-0.023931,0.024298,0.048229,7548371774.342343,-0.013791,0.013701,0.014755,-1.324853,0.000976
5456.584884,125920,25,3,-0.000000,-0.000087,-0.000000,0.016620,-0.026953,0.027400,0.054353,-1063672680.163339,-0.015503,0.015489,0.017078,-1.325490,0.000976
9677.115890,125920,25,3,-0.000000,-0.000088,-0.000000,0.020873,-0.033870,0.034406,0.068276,-485768488.828307,-0.019494,0.019403,0.015469,-1.324935,0.000976
13175.371320,125930,25,3,-0.000000,-0.000146,-0.000000,0.023578,-0.038300,0.038874,0.077174,-335330339.845701,-0.021965,0.021937,0.014340,-1.323689,0.000976
17447.797030,125920,25,3,-0.000000,-0.000123,-0.000000,0.026380,-0.042847,0.043499,0.086346,-350816062.450549,-0.024626,0.024495,0.014621,-1.323825,0.000976
24104.593350,125920,25,3,0.000000,-0.000184,0.000000,0.029968,-0.048713,0.049474,0.098187,568276615.754861,-0.027937,0.027860,0.014796,-1.322134,0.000976
41848.604730,125930,25,3,0.000000,-0.000123,0.000000,0.037298,-0.060511,0.061334,0.121845,5456092005.260225,-0.034826,0.034805,0.012724,-1.326827,0.000976
55753.720750,125920,25,3,-0.000000,-0.000187,-0.000000,0.042054,-0.068225,0.069145,0.137370,-5382867805.955297,-0.039360,0.039195,0.012449,-1.327116,0.000976
74638.551840,125920,25,3,0.000000,-0.000158,0.000000,0.047288,-0.076839,0.077796,0.154635,1241614252.343139,-0.044122,0.044036,0.011408,-1.325388,0.000976
98400.247660,125920,25,3,-0.000000,-0.000233,-0.000000,0.053142,-0.086272,0.087431,0.173703,-9069464759.808969,-0.049604,0.049571,0.012226,-1.325886,0.000976
170533.390700,125920,25,3,-0.000000,-0.000184,-0.000000,0.066166,-0.107221,0.108644,0.215865,-16938587905.196171,-0.061904,0.061714,0.011481,-1.328863,0.000976
295224.231600,125920,25,3,-0.000000,-0.000152,-0.000000,0.083879,-0.136094,0.137771,0.273865,-6135138798.448999,-0.078444,0.078286,0.010156,-1.327136,0.000976
386641.990000,125920,25,3,-0.000000,-0.000214,-0.000000,0.093991,-0.152560,0.154430,0.306989,-16041042011.741716,-0.087937,0.087533,0.010023,-1.326578,0.000976
665103.107400,125920,25,3,0.000000,-0.000274,0.000000,0.118777,-0.192688,0.195151,0.387839,7154573132.903020,-0.111159,0.110620,0.010026,-1.326850,0.000976
848154.756300,125920,25,3,0.000000,-0.000549,0.000000,0.131064,-0.212357,0.215175,0.427532,3355233782.326520,-0.122656,0.122056,0.011251,-1.328409,0.000976
1112643.992000,125920,25,3,0.000000,-0.000688,0.000000,0.147771,-0.239330,0.242723,0.482052,3782933883.611126,-0.138307,0.137578,0.011633,-1.328322,0.000976
1444836.605000,125930,25,3,-0.000000,-0.000393,-0.000000,0.166305,-0.269339,0.273056,0.542395,-4257402338.018767,-0.155681,0.155158,0.011339,-1.328437,0.000976
3574.166839,141270,25,3,0.000000,-0.000068,0.000000,0.013068,-0.021202,0.021534,0.042736,196792377.947745,-0.012195,0.012166,0.015513,-1.325438,0.000976
8355.249479,141270,25,3,-0.000000,-0.000104,-0.000000,0.018489,-0.030012,0.030467,0.060479,-233743303.475649,-0.017213,0.017200,0.015280,-1.325069,0.000976
11470.544880,141280,25,3,0.000000,-0.000138,0.000000,0.020915,-0.033958,0.034478,0.068437,404094220.375745,-0.019490,0.019442,0.014837,-1.323731,0.000976
15051.866770,141270,25,3,-0.000000,-0.000122,-0.000000,0.023361,-0.037931,0.038517,0.076448,-771658049.346611,-0.021734,0.021759,0.015093,-1.323885,0.000976
20854.868610,141270,25,3,-0.000000,-0.000139,-0.000000,0.026556,-0.043137,0.043843,0.086980,-1133053166.405531,-0.024718,0.024690,0.015644,-1.322564,0.000976
27735.217310,141270,25,3,-0.000000,-0.000181,-0.000000,0.029371,-0.047601,0.048317,0.095917,-1156782654.603229,-0.027399,0.027415,0.014715,-1.327263,0.000976
36511.786540,141270,25,3,0.000000,-0.000223,0.000000,0.033125,-0.053724,0.054465,0.108188,1169642377.066601,-0.030906,0.030842,0.012998,-1.327276,0.000976
48724.792660,141280,25,3,0.000000,-0.000183,0.000000,0.037254,-0.060413,0.061247,0.121660,1315443025.020073,-0.034785,0.034724,0.013269,-1.327079,0.000976
65963.723460,141270,25,3,-0.000000,-0.000200,-0.000000,0.042000,-0.068209,0.069116,0.137325,-10752000489.372137,-0.039215,0.039149,0.011548,-1.325242,0.000976
86750.615090,141270,25,3,-0.000000,-0.000249,-0.000000,0.047104,-0.076475,0.077478,0.153952,-4019587240.579315,-0.043940,0.043905,0.011916,-1.325862,0.000976
114817.925100,141270,25,3,-0.000000,-0.000270,-0.000000,0.052812,-0.085694,0.086883,0.172578,-2703968046.348331,-0.049268,0.049212,0.012225,-1.326158,0.000976
199735.300000,141270,25,3,-0.000000,-0.000311,-0.000000,0.066066,-0.107062,0.108480,0.215542,-33825804478.502308,-0.061815,0.061595,0.011336,-1.328532,0.000976
262720.918900,141270,25,3,-0.000000,-0.000329,-0.000000,0.074380,-0.120604,0.122199,0.242802,-9520629999.343136,-0.069352,0.069411,0.011014,-1.327269,0.000976
345122.443600,141270,25,3,-0.000000,-0.000339,-0.000000,0.083396,-0.135278,0.137009,0.272287,-1779109151.888029,-0.077810,0.077801,0.010122,-1.326768,0.000976
593165.786900,141270,25,3,-0.000000,-0.000464,-0.000000,0.105261,-0.170630,0.173005,0.343635,-3716797627.012344,-0.098195,0.098256,0.011092,-1.327031,0.000976
759038.763300,141270,25,3,-0.000000,-0.000349,-0.000000,0.116298,-0.188223,0.191125,0.379349,-17012989667.170551,-0.108573,0.108594,0.012974,-1.328101,0.000976
998726.441300,141270,25,3,-0.000000,-0.000731,-0.000000,0.130893,-0.211878,0.214885,0.426763,-134032263624.630508,-0.122399,0.122149,0.011338,-1.328844,0.000976
1296950.217000,141280,25,3,0.000000,-0.000760,0.000000,0.147555,-0.238696,0.242288,0.480984,8888058223.401129,-0.137811,0.137391,0.012560,-1.329093,0.000976
1692243.519000,141280,25,3,0.000000,-0.000642,0.000000,0.166074,-0.268965,0.272555,0.541520,56685371995.917740,-0.155192,0.154877,0.010748,-1.328444,0.000976
4313.764470,158740,25,3,0.000000,-0.000116,0.000000,0.013272,-0.021486,0.021864,0.043349,590907326.367785,-0.012389,0.012354,0.017669,-1.326696,0.000976
5884.273179,158740,25,3,-0.000000,-0.000116,-0.000000,0.015060,-0.024411,0.024833,0.049244,-162330507.212258,-0.014043,0.013983,0.016674,-1.324411,0.000976
7525.743139,158750,25,3,-0.000000,-0.000095,-0.000000,0.016661,-0.027001,0.027432,0.054433,-168922985.824861,-0.015561,0.015486,0.015792,-1.325986,0.000976
13641.664720,158750,25,3,0.000000,-0.000109,0.000000,0.021068,-0.034152,0.034713,0.068865,479415955.219002,-0.019642,0.019602,0.015726,-1.325009,0.000976
25083.071280,158750,25,3,0.000000,-0.000158,0.000000,0.026413,-0.042736,0.043397,0.086133,540938238.940453,-0.024735,0.024638,0.014036,-1.328786,0.000976
33821.821200,158750,25,3,-0.000000,-0.000153,-0.000000,0.029772,-0.048203,0.048894,0.097098,-3048647938.056777,-0.027843,0.027776,0.012479,-1.328666,0.000976
44367.527160,158750,25,3,0.000000,-0.000194,0.000000,0.033576,-0.054359,0.055157,0.109516,1185595010.047687,-0.031379,0.031294,0.013026,-1.328327,0.000976
105099.362000,158740,25,3,0.000000,-0.000140,0.000000,0.047583,-0.077054,0.078248,0.155302,16241740494.218962,-0.044529,0.044398,0.013023,-1.327200,0.000976
137595.899600,158740,25,3,0.000000,-0.000238,0.000000,0.052705,-0.085223,0.086474,0.171698,4497533034.485545,-0.049353,0.049147,0.011760,-1.329977,0.000976
183581.461400,158750,25,3,-0.000000,-0.000217,-0.000000,0.059468,-0.096206,0.097541,0.193747,-1522389636.788593,-0.055772,0.055386,0.010792,-1.329477,0.000976
547984.957600,158750,25,3,0.000000,-0.000358,0.000000,0.094730,-0.153300,0.155512,0.308812,19400715402.924110,-0.088535,0.088236,0.010856,-1.328209,0.000976
701640.368300,158740,25,3,-0.000000,-0.000498,-0.000000,0.104565,-0.168991,0.171623,0.340613,-3824070692.550667,-0.097917,0.097275,0.012235,-1.328919,0.000976
1209329.255000,158740,25,3,0.000000,-0.000446,0.000000,0.132787,-0.214511,0.217889,0.432400,33992853617.741154,-0.124443,0.123628,0.012444,-1.329791,0.000976
2053107.988000,158740,25,3,-0.000000,-0.000554,-0.000000,0.168414,-0.272328,0.276250,0.548578,-9580890528.814810,-0.157598,0.157029,0.011260,-1.329126,0.000976
2890.265367,177900,25,3,0.000000,-0.000089,0.000000,0.010435,-0.016899,0.017195,0.034094,79149508.492174,-0.009728,0.009690,0.016903,-1.325085,0.000976
3879.119207,177900,25,3,-0.000000,-0.000100,-0.000000,0.011774,-0.019056,0.019411,0.038466,-3014064182.556865,-0.010967,0.010927,0.017668,-1.324969,0.000976
5242.527551,177900,25,3,-0.000000,-0.000110,-0.000000,0.013318,-0.021585,0.021964,0.043549,-349671004.505032,-0.012407,0.012393,0.016582,-1.323349,0.000976
6763.633366,177900,25,3,0.000000,-0.000132,0.000000,0.014793,-0.023946,0.024387,0.048334,182512083.501833,-0.013788,0.013756,0.017212,-1.324982,0.000976
11912.317450,177900,25,3,0.000000,-0.000149,0.000000,0.018643,-0.030211,0.030743,0.060954,347090071.390098,-0.017369,0.017330,0.016679,-1.323934,0.000976
16566.204950,177900,25,3,-0.000000,-0.000183,-0.000000,0.021218,-0.034388,0.035018,0.069406,-603538178.477097,-0.019769,0.019741,0.016978,-1.323190,0.000976
22122.132440,177900,25,3,0.000000,-0.000100,0.000000,0.023407,-0.037881,0.038457,0.076338,665809981.301551,-0.021879,0.021831,0.012854,-1.327986,0.000976
29773.250700,177900,25,3,0.000000,-0.000081,0.000000,0.026384,-0.042710,0.043374,0.086084,337714640.360812,-0.024615,0.024588,0.013121,-1.326877,0.000976
39907.985210,177900,25,3,-0.000000,-0.000105,-0.000000,0.029698,-0.048086,0.048799,0.096885,-460768135.322992,-0.027748,0.027642,0.012859,-1.327553,0.000976
69741.551400,177900,25,3,-0.000000,-0.000130,-0.000000,0.037472,-0.060710,0.061611,0.122321,-1323139675.984376,-0.035022,0.034825,0.012589,-1.326299,0.000976
92796.250360,177900,25,3,-0.000000,-0.000132,-0.000000,0.042143,-0.068241,0.069307,0.137548,-1269258069.029875,-0.039389,0.039184,0.012451,-1.326280,0.000976
122028.496200,177900,25,3,0.000000,-0.000199,0.000000,0.046585,-0.075351,0.076465,0.151816,2981462515.245196,-0.043595,0.043511,0.012673,-1.328274,0.000976
216518.423900,177900,25,3,0.000000,-0.000133,0.000000,0.059280,-0.095896,0.097335,0.193231,3793923200.563588,-0.055380,0.055171,0.010873,-1.327460,0.000976
284142.893700,177900,25,3,0.000000,-0.000226,0.000000,0.066354,-0.107411,0.108919,0.216330,3996841397.693969,-0.061973,0.061830,0.010114,-1.327279,0.000976
373504.922500,177900,25,3,-0.000000,-0.000194,-0.000000,0.074531,-0.120622,0.122408,0.243030,-1695991749.852932,-0.069652,0.069356,0.010932,-1.326998,0.000976
492480.001200,177900,25,3,-0.000000,-0.000193,-0.000000,0.083842,-0.135623,0.137670,0.273294,-10731776950.350023,-0.078360,0.078093,0.010436,-1.327531,0.000976
836164.356300,177910,25,3,0.000000,-0.000384,0.000000,0.104398,-0.168695,0.171420,0.340115,5345193564.999433,-0.097597,0.097052,0.011685,-1.328180,0.000976
1091272.096000,177900,25,3,-0.000000,-0.000533,-0.000000,0.117536,-0.189776,0.192913,0.382690,-17193976132.362206,-0.109988,0.109545,0.012390,-1.328790,0.000976
1427193.230000,177900,25,3,-0.000000,-0.000472,-0.000000,0.132249,-0.213745,0.217007,0.430753,-16927981093.321384,-0.123743,0.123356,0.011295,-1.328321,0.000976
1856005.719000,177900,25,3,-0.000000,-0.000620,-0.000000,0.148937,-0.240713,0.244485,0.485199,-5446859067.734518,-0.138999,0.139005,0.011664,-1.327724,0.000976
2721.525935,199190,25,3,0.000000,-0.000070,0.000000,0.009332,-0.015096,0.015386,0.030482,1365200644.116008,-0.008703,0.008672,0.017384,-1.326220,0.000976
3561.405234,199190,25,3,-0.000000,-0.000064,-0.000000,0.010519,-0.017023,0.017342,0.034365,-113379811.082020,-0.009815,0.009803,0.018319,-1.325365,0.000976
4832.860581,199190,25,3,0.000000,-0.000066,0.000000,0.011932,-0.019337,0.019686,0.039024,138846133.214431,-0.011088,0.011092,0.016460,-1.323379,0.000976
6236.485840,199190,25,3,-0.000000,-0.000068,-0.000000,0.013206,-0.021387,0.021755,0.043142,-901533589.921454,-0.012322,0.012275,0.015892,-1.325386,0.000976
10985.290700,199190,25,3,0.000000,-0.000086,0.000000,0.016696,-0.027051,0.027525,0.054577,899815116.833022,-0.015573,0.015516,0.016110,-1.324214,0.000976
26911.827630,199190,25,3,-0.000000,-0.000109,-0.000000,0.023516,-0.038044,0.038648,0.076693,-2675618620.324576,-0.021976,0.021953,0.013184,-1.328115,0.000976
36253.257390,199190,25,3,-0.000000,-0.000110,-0.000000,0.026535,-0.042933,0.043625,0.086558,-377392161.472817,-0.024810,0.024748,0.013151,-1.327345,0.000976
48784.990290,199180,25,3,0.000000,-0.000147,0.000000,0.029880,-0.048415,0.049125,0.097539,1699834710.873823,-0.027870,0.027860,0.011244,-1.325868,0.000976
63275.710160,199190,25,3,0.000000,-0.000139,0.000000,0.033519,-0.054251,0.055121,0.109372,1009506738.868027,-0.031314,0.031163,0.012783,-1.326837,0.000976
110882.485700,199190,25,3,0.000000,-0.000142,0.000000,0.041658,-0.067268,0.068403,0.135671,561285352.700573,-0.038950,0.038870,0.012612,-1.329119,0.000976
196618.254700,199190,25,3,0.000000,-0.000141,0.000000,0.052898,-0.085508,0.086840,0.172348,18056024688.142731,-0.049496,0.049176,0.010459,-1.328057,0.000976
342067.620400,199190,25,3,0.000000,-0.000148,0.000000,0.066635,-0.107734,0.109436,0.217170,6823451172.488312,-0.062277,0.062024,0.010554,-1.327449,0.000976
451474.470400,199190,25,3,-0.000000,-0.000230,-0.000000,0.074859,-0.120970,0.122934,0.243904,-25337649582493688.000000,-0.069940,0.069647,0.010838,-1.327628,0.000976
766766.706800,199190,25,3,-0.000000,-0.000402,-0.000000,0.093230,-0.150436,0.152988,0.303424,-11933458974.278576,-0.087332,0.086892,0.011549,-1.329254,0.000976
1718551.620000,199190,25,3,0.000000,-0.000720,0.000000,0.133138,-0.214912,0.218499,0.433411,22722388538.882477,-0.124292,0.124192,0.011761,-1.328662,0.000976
2591.067928,224200,25,3,-0.000000,-0.000041,-0.000000,0.008288,-0.013403,0.013651,0.027054,-108800723.901472,-0.007720,0.007712,0.016192,-1.327215,0.000976
4529.149742,224200,25,3,-0.000000,-0.000053,-0.000000,0.010572,-0.017124,0.017424,0.034548,-360869950.211995,-0.009844,0.009849,0.015773,-1.325544,0.000976
5789.921281,224200,25,3,0.000000,-0.000070,0.000000,0.011707,-0.018941,0.019278,0.038218,1089812365.660741,-0.010913,0.010892,0.016151,-1.327042,0.000976
7888.536324,224200,25,3,0.000000,-0.000069,0.000000,0.013276,-0.021491,0.021881,0.043371,424832179.088819,-0.012373,0.012357,0.015721,-1.325496,0.000976
13912.553770,224200,25,3,-0.000000,-0.000083,-0.000000,0.016847,-0.027272,0.027787,0.055059,-4312759342.540684,-0.015688,0.015698,0.016052,-1.324820,0.000976
18445.294150,224200,25,3,0.000000,-0.000126,0.000000,0.018552,-0.029967,0.030486,0.060453,431753981.664946,-0.017333,0.017313,0.013854,-1.329407,0.000976
24609.736940,224200,25,3,0.000000,-0.000114,0.000000,0.020894,-0.033783,0.034319,0.068103,1426348507.301697,-0.019513,0.019514,0.012666,-1.329087,0.000976
76702.142070,224200,25,3,-0.000000,-0.000157,-0.000000,0.033433,-0.054044,0.054951,0.108995,-8558984018.333730,-0.031243,0.031120,0.011993,-1.328407,0.000976
135162.813500,224200,25,3,0.000000,-0.000125,0.000000,0.041736,-0.067389,0.068453,0.135843,1643762241.185558,-0.038955,0.038870,0.010714,-1.330116,0.000976
180182.236500,224200,25,3,-0.000000,-0.000157,-0.000000,0.047049,-0.075977,0.077186,0.153163,-3705990720.686348,-0.043983,0.043838,0.009841,-1.329408,0.000976
237953.460800,224200,25,3,0.000000,-0.000171,0.000000,0.052676,-0.085092,0.086449,0.171541,3172976912.799047,-0.049237,0.049096,0.009674,-1.329052,0.000976
314151.867400,224200,25,3,0.000000,-0.000239,0.000000,0.059262,-0.095676,0.097290,0.192966,2247561564.411815,-0.055287,0.055218,0.010595,-1.328773,0.000976
412969.379300,224200,25,3,0.000000,-0.000262,0.000000,0.066483,-0.107329,0.109111,0.216440,11346416331.985662,-0.062145,0.061977,0.010610,-1.329288,0.000976
532821.984900,224200,25,3,-0.000000,-0.000434,-0.000000,0.073599,-0.118569,0.120819,0.239388,-15073008538.351912,-0.068838,0.068672,0.013013,-1.330110,0.000976
703949.096100,224200,25,3,0.000000,-0.000465,0.000000,0.082779,-0.133376,0.135790,0.269166,14127719945.904573,-0.077400,0.077299,0.011974,-1.330765,0.000976
922340.467400,224200,25,3,-0.000000,-0.000259,-0.000000,0.093253,-0.150289,0.152977,0.303266,-13641591536.557873,-0.087193,0.086981,0.011901,-1.330409,0.000976
1211997.946000,224200,25,3,-0.000000,-0.000364,-0.000000,0.104994,-0.169280,0.172167,0.341447,-2000307310898563.000000,-0.098024,0.098036,0.011180,-1.329963,0.000976
1585250.526000,224200,25,3,0.000000,-0.000355,0.000000,0.118268,-0.190731,0.193970,0.384701,20184254002.946323,-0.110267,0.110442,0.010858,-1.329781,0.000976
2548.862964,251240,25,3,0.000000,-0.000057,0.000000,0.007433,-0.012013,0.012228,0.024240,380584043.314391,-0.006951,0.006931,0.015919,-1.328088,0.000976
3355.769616,251240,25,3,0.000000,-0.000055,0.000000,0.008409,-0.013583,0.013834,0.027417,79001255.103887,-0.007861,0.007844,0.016377,-1.328304,0.000976
4461.933464,251240,25,3,-0.000000,-0.000062,-0.000000,0.009531,-0.015400,0.015699,0.031099,-102729666.986631,-0.008893,0.008857,0.016503,-1.326309,0.000976
7637.699067,251240,25,3,0.000000,-0.000080,0.000000,0.011926,-0.019269,0.019623,0.038892,2442346454.750792,-0.011119,0.011092,0.015138,-1.327014,0.000976
9893.089393,251240,25,3,-0.000000,-0.000102,-0.000000,0.013293,-0.021487,0.021874,0.043361,-179100811.871257,-0.012380,0.012353,0.015289,-1.326995,0.000976
13493.620460,251240,25,3,-0.000000,-0.000108,-0.000000,0.015133,-0.024452,0.024926,0.049378,-234794141.054707,-0.014097,0.014089,0.016021,-1.326319,0.000976
17552.080790,251240,25,3,-0.000000,-0.000090,-0.000000,0.016660,-0.026887,0.027350,0.054237,-1550924480.964325,-0.015567,0.015507,0.013183,-1.329863,0.000976
23552.477740,251240,25,3,0.000000,-0.000046,0.000000,0.018828,-0.030384,0.030885,0.061269,428444300.724737,-0.017604,0.017565,0.011764,-1.330253,0.000976
42201.408700,251240,25,3,0.000000,-0.000063,0.000000,0.023886,-0.038592,0.039220,0.077812,1438798046.125436,-0.022313,0.022236,0.011064,-1.328301,0.000976
55286.140930,251240,25,3,0.000000,-0.000096,0.000000,0.026715,-0.043156,0.043854,0.087010,341949311.321131,-0.024957,0.024920,0.011512,-1.328611,0.000976
73725.185660,251240,25,3,-0.000000,-0.000094,-0.000000,0.030047,-0.048484,0.049336,0.097820,-2366797376.216509,-0.028061,0.027987,0.012262,-1.329205,0.000976
95128.819850,251240,25,3,-0.000000,-0.000045,-0.000000,0.033248,-0.053577,0.054463,0.108040,-972736050.252188,-0.031170,0.031030,0.010353,-1.331688,0.000976
126955.564100,251240,25,3,-0.000000,-0.000073,-0.000000,0.037518,-0.060467,0.061455,0.121922,-619658405.246219,-0.035151,0.035047,0.009865,-1.331538,0.000976
168886.398900,251240,25,3,-0.000000,-0.000105,-0.000000,0.042251,-0.068105,0.069234,0.137339,-2545016122.540037,-0.039489,0.039445,0.010000,-1.330772,0.000976
222192.594200,251240,25,3,-0.000000,-0.000044,-0.000000,0.047296,-0.076268,0.077514,0.153783,-556683400.907407,-0.044189,0.044020,0.009437,-1.329759,0.000976
293320.386500,251240,25,3,0.000000,-0.000107,0.000000,0.053151,-0.085684,0.087140,0.172824,2015785594.485921,-0.049680,0.049435,0.010199,-1.329631,0.000976
389493.680300,251240,25,3,0.000000,-0.000154,0.000000,0.059795,-0.096339,0.098019,0.194358,6803288671.239274,-0.055937,0.055702,0.010076,-1.329881,0.000976
665211.064800,251240,25,3,-0.000000,-0.000288,-0.000000,0.074491,-0.119815,0.122041,0.241856,-2630295417.516962,-0.069643,0.069433,0.011392,-1.331367,0.000976
869195.276000,251240,25,3,0.000000,-0.000412,0.000000,0.083782,-0.134765,0.137262,0.272027,1825368589.175740,-0.078359,0.078001,0.011649,-1.331195,0.000976
1141063.675000,251240,25,3,0.000000,-0.000433,0.000000,0.094327,-0.151780,0.154494,0.306274,7430054591.373848,-0.088375,0.087882,0.011000,-1.331426,0.000976
1495837.971000,251240,25,3,-0.000000,-0.000490,-0.000000,0.106216,-0.170995,0.173994,0.344989,-15537837395.075552,-0.099226,0.098950,0.010209,-1.330506,0.000976
2552.731177,282480,25,3,0.000000,-0.000044,0.000000,0.006626,-0.010703,0.010892,0.021595,81748756.638498,-0.006192,0.006161,0.014738,-1.327097,0.000976
4448.825328,282480,25,3,0.000000,-0.000068,0.000000,0.008499,-0.013724,0.013998,0.027722,73133722.676177,-0.007926,0.007882,0.015888,-1.324512,0.000976
7491.151786,282480,25,3,-0.000000,-0.000076,-0.000000,0.010622,-0.017150,0.017473,0.034623,-184353800.232377,-0.009908,0.009853,0.014988,-1.325867,0.000976
9653.282010,282480,25,3,-0.000000,-0.000087,-0.000000,0.011857,-0.019142,0.019503,0.038645,-2023655509.449954,-0.011065,0.010998,0.014999,-1.326240,0.000976
17072.079300,282480,25,3,-0.000000,-0.000058,-0.000000,0.014846,-0.023946,0.024354,0.048300,-434359721.723576,-0.013884,0.013798,0.012052,-1.328748,0.000976
22498.084620,282480,25,3,0.000000,-0.000034,0.000000,0.016744,-0.027012,0.027455,0.054467,659446373.752322,-0.015661,0.015578,0.010642,-1.328693,0.000976
29724.672760,282480,25,3,0.000000,-0.000057,0.000000,0.018851,-0.030415,0.030910,0.061325,332813878.120117,-0.017641,0.017538,0.011197,-1.328621,0.000976
39870.226870,282480,25,3,-0.000000,-0.000061,-0.000000,0.021243,-0.034289,0.034867,0.069155,-171282178.083085,-0.019845,0.019790,0.010853,-1.327346,0.000976
52360.365670,282480,25,3,-0.000000,-0.000060,-0.000000,0.023808,-0.038421,0.039061,0.077482,-8126640168.238638,-0.022286,0.022168,0.010894,-1.327898,0.000976
19682.704420,354610,50,2,0.000000,0.000000,0.000000,0.014299,-0.024475,0.024629,0.049104,340512439.615329,-0.012342,0.012336,0.003863,-1.197894,0.000976
54467.712300,354610,50,2,0.000000,0.000000,0.000000,0.022649,-0.038720,0.038984,0.077704,828305300.916348,-0.019601,0.019527,0.003526,-1.198484,0.000976
794882.010900,354610,50,2,0.000000,0.000000,0.000000,0.071570,-0.122012,0.122713,0.244725,24429376854.977631,-0.061970,0.061814,0.002268,-1.200891,0.000976
1045122.411000,354610,50,2,0.000000,0.000000,0.000000,0.080445,-0.137091,0.137847,0.274939,16475247645.293041,-0.069607,0.069475,0.001849,-1.201218,0.000976
1374626.097000,354610,50,2,-0.000000,-0.000000,-0.000000,0.090393,-0.154037,0.154829,0.308866,-23140794653.497704,-0.078191,0.078080,0.001680,-1.201571,0.000976
1782793.135000,354610,50,2,0.000000,0.000000,0.000000,0.100715,-0.171558,0.172676,0.344234,1637021633.819044,-0.086952,0.086992,0.002575,-1.200439,0.000976
2339872.820000,354610,50,2,-0.000000,-0.000111,-0.000000,0.113318,-0.192894,0.194186,0.387079,-58018083263.339340,-0.097982,0.098040,0.002795,-1.201087,0.000976
7537.915887,396820,50,2,-0.000000,-0.000000,-0.000000,0.008004,-0.013690,0.013765,0.027455,-273194900.751718,-0.006922,0.006909,0.003021,-1.199053,0.000976
9538.164313,396820,50,2,-0.000000,-0.000000,-0.000000,0.008920,-0.015248,0.015365,0.030612,-134331718.352876,-0.007702,0.007696,0.003666,-1.198137,0.000976
12245.399920,396820,50,2,0.000000,-0.000014,0.000000,0.010130,-0.017319,0.017436,0.034756,334613103.359760,-0.008763,0.008755,0.003875,-1.198367,0.000976
26619.953870,396820,50,2,-0.000000,-0.000003,-0.000000,0.014505,-0.024786,0.024960,0.049746,-316030165.099168,-0.012564,0.012551,0.003511,-1.198643,0.000976
33653.345320,396820,50,2,0.000000,-0.000024,0.000000,0.016130,-0.027556,0.027759,0.055315,3303425472.946721,-0.013950,0.013950,0.003843,-1.198602,0.000976
43182.452110,396820,50,2,0.000000,0.000000,0.000000,0.018063,-0.030869,0.031063,0.061932,385347645.774874,-0.015597,0.015602,0.003142,-1.198782,0.000976
260398.838400,396820,50,2,0.000000,0.000000,0.000000,0.040612,-0.069248,0.069630,0.138878,630106070.211007,-0.035134,0.035163,0.001544,-1.200747,0.000976
338556.406100,396820,50,2,0.000000,-0.000006,0.000000,0.045276,-0.077170,0.077553,0.154723,2897646125.872274,-0.039144,0.039160,0.001700,-1.201408,0.000976
441391.715700,396820,50,2,-0.000000,-0.000000,-0.000000,0.050682,-0.086356,0.086851,0.173207,-1482822890.834550,-0.043890,0.043898,0.001959,-1.201270,0.000976
580609.618200,396820,50,2,0.000000,-0.000028,0.000000,0.057029,-0.097166,0.097665,0.194831,1424332735.389726,-0.049314,0.049289,0.001842,-1.201350,0.000976
762105.158000,396820,50,2,0.000000,-0.000025,0.000000,0.063962,-0.108927,0.109536,0.218463,16374282168.254158,-0.055229,0.055283,0.001814,-1.201447,0.000976
997478.816900,396820,50,2,0.000000,-0.000030,0.000000,0.071829,-0.122298,0.122960,0.245258,919412213.624633,-0.062021,0.062075,0.001594,-1.201570,0.000976
1310790.578000,396820,50,2,0.000000,-0.000022,0.000000,0.080752,-0.137431,0.138187,0.275618,82687738626.740402,-0.069737,0.069787,0.001497,-1.201920,0.000976
1693501.524000,396820,50,2,-0.000000,-0.000000,-0.000000,0.090064,-0.153131,0.154255,0.307386,-18445216135.114117,-0.078069,0.077937,0.002831,-1.201620,0.000976
2222128.772000,396820,50,2,-0.000000,-0.000036,-0.000000,0.101275,-0.172155,0.173351,0.345505,-2963021878.045261,-0.087693,0.087585,0.002485,-1.201847,0.000976
2908827.644000,396820,50,2,-0.000000,-0.000041,-0.000000,0.114020,-0.193728,0.195052,0.388780,-6486499907.884911,-0.098793,0.098660,0.002603,-1.202114,0.000976
11836.752420,354620,50,2,0.000000,0.000003,0.000000,0.011358,-0.019571,0.019422,0.038993,684138517.012538,-0.009803,0.009837,-0.004431,-1.198166,0.000976
26086.277920,354610,50,2,-0.000000,0.000008,-0.000000,0.016256,-0.028005,0.027793,0.055798,-475604193.166460,-0.014053,0.014029,-0.004277,-1.198124,0.000976
33361.217920,354610,50,2,-0.000000,0.000022,-0.000000,0.018116,-0.031206,0.030969,0.062175,-201635396.458313,-0.015671,0.015638,-0.004147,-1.198108,0.000976
54567.152270,354610,50,2,-0.000000,0.000001,-0.000000,0.022673,-0.039031,0.038752,0.077783,-473822300.815174,-0.019607,0.019574,-0.003579,-1.198448,0.000976
1786557.198000,354610,50,2,-0.000000,0.000067,-0.000000,0.100903,-0.172912,0.171848,0.344759,-2792568770.162740,-0.087297,0.087138,-0.002722,-1.200862,0.000976
2344307.014000,354610,50,2,0.000000,0.000000,0.000000,0.113521,-0.194454,0.193267,0.387720,14530675349.183384,-0.098112,0.098103,-0.002556,-1.201161,0.000976
9628.686851,396820,50,2,-0.000000,-0.000000,-0.000000,0.008946,-0.015404,0.015294,0.030698,-109061688.405317,-0.007721,0.007738,-0.003979,-1.198395,0.000976
15820.530760,396820,50,2,0.000000,0.000000,0.000000,0.011390,-0.019595,0.019465,0.039059,777536588.898784,-0.009831,0.009842,-0.003179,-1.198829,0.000976
26623.565800,396820,50,2,-0.000000,-0.000000,-0.000000,0.014490,-0.024942,0.024746,0.049689,-824296565.866502,-0.012511,0.012510,-0.003922,-1.198634,0.000976
33782.819940,396820,50,2,0.000000,0.000000,0.000000,0.016147,-0.027787,0.027583,0.055370,1503149646.602631,-0.013924,0.013973,-0.003925,-1.198583,0.000976
43453.546090,396820,50,2,-0.000000,-0.000000,-0.000000,0.018086,-0.031115,0.030894,0.062009,-203519981.504465,-0.015619,0.015614,-0.003347,-1.198606,0.000976
54973.272770,396820,50,2,-0.000000,-0.000000,-0.000000,0.020263,-0.034844,0.034607,0.069451,-829985571.923524,-0.017474,0.017523,-0.003233,-1.198989,0.000976
339581.132800,396820,50,2,0.000000,0.000011,0.000000,0.045350,-0.077654,0.077305,0.154959,947714140.570482,-0.039239,0.039189,-0.001247,-1.201347,0.000976
441935.029500,396820,50,2,0.000000,0.000005,0.000000,0.050695,-0.086850,0.086386,0.173236,1403021244.936791,-0.043839,0.043831,-0.001975,-1.201084,0.000976
580533.054600,396820,50,2,0.000000,0.000000,0.000000,0.057077,-0.097725,0.097204,0.194929,8349614594.195288,-0.049267,0.049444,-0.001930,-1.201480,0.000976
764603.436000,396820,50,2,0.000000,0.000000,0.000000,0.064103,-0.109760,0.109129,0.218889,21880560192.094845,-0.055388,0.055538,-0.001846,-1.201478,0.000976
1314511.881000,396820,50,2,-0.000000,-0.000000,-0.000000,0.080853,-0.138322,0.137653,0.275975,-20698360322.230633,-0.069862,0.070004,-0.001341,-1.201674,0.000976
2229147.113000,396820,50,2,-0.000000,-0.000000,-0.000000,0.101528,-0.173689,0.172652,0.346341,-6930949528.837362,-0.087715,0.087907,-0.002342,-1.201716,0.000976
2913249.005000,396820,50,2,0.000000,0.000000,0.000000,0.114174,-0.195160,0.194100,0.389260,8993417642.510344,-0.098679,0.098835,-0.002051,-1.202077,0.000976
7346.953336,50060,50,3,0.000000,-0.000159,0.000000,0.037098,-0.060358,0.060915,0.121273,2713419946.799986,-0.034672,0.034770,0.011330,-1.331153,0.000976
9494.077175,50060,50,3,0.000000,-0.000205,0.000000,0.041890,-0.068131,0.068836,0.136968,8579004661.326397,-0.039181,0.039170,0.012791,-1.331078,0.000976
41369.598120,50060,50,3,0.000000,-0.000154,0.000000,0.075226,-0.122623,0.123691,0.246314,1925796665.061321,-0.070323,0.070260,0.009954,-1.328656,0.000976
53152.217420,50070,50,3,0.000000,-0.000404,0.000000,0.083323,-0.135383,0.136971,0.272353,1896054944.353714,-0.078046,0.078073,0.014769,-1.331144,0.000976
131943.507500,50070,50,3,0.000000,-0.000721,0.000000,0.118913,-0.193732,0.195473,0.389205,60883533559.397850,-0.111149,0.111223,0.011197,-1.329154,0.000976
175709.030900,50060,50,3,0.000000,-0.000371,0.000000,0.133425,-0.217222,0.219233,0.436455,9759029845.631643,-0.124568,0.124741,0.011180,-1.329222,0.000976
314429.854200,50070,50,3,0.000000,-0.000726,0.000000,0.166068,-0.270004,0.272537,0.542541,5668481702.037789,-0.155829,0.155241,0.011274,-1.331731,0.000976
6683.739763,56170,50,3,-0.000000,-0.000118,-0.000000,0.033097,-0.053820,0.054257,0.108076,-8472736425.144702,-0.030953,0.030918,0.009570,-1.331182,0.000976
8943.252895,56170,50,3,0.000000,-0.000140,0.000000,0.037292,-0.060645,0.061156,0.121801,1316788792.109593,-0.034908,0.034821,0.009642,-1.330600,0.000976
20591.213130,56160,50,3,0.000000,-0.000152,0.000000,0.052810,-0.086021,0.086568,0.172589,1150590612.223516,-0.049388,0.049292,0.007753,-1.328577,0.000976
27008.639540,56160,50,3,0.000000,-0.000193,0.000000,0.059173,-0.096381,0.097013,0.193394,6059299149.172023,-0.055275,0.055253,0.007849,-1.328689,0.000976
36889.925040,56160,50,3,-0.000000,-0.000244,-0.000000,0.067017,-0.109187,0.109965,0.219152,-1345588841.651739,-0.062545,0.062619,0.007935,-1.327445,0.000976
47476.267450,56160,50,3,0.000000,-0.000343,0.000000,0.074098,-0.120296,0.121443,0.241738,15175265343.903582,-0.069276,0.069388,0.011964,-1.331026,0.000976
63872.016090,56150,50,3,0.000000,-0.000186,0.000000,0.083665,-0.135854,0.137022,0.272876,4079661972.471834,-0.078309,0.078299,0.010674,-1.330144,0.000976
85515.990930,56160,50,3,-0.000000,-0.000475,-0.000000,0.094097,-0.152926,0.154171,0.307096,-6882552276.091819,-0.087997,0.087820,0.010113,-1.330211,0.000976
116350.830000,56160,50,3,-0.000000,-0.000479,-0.000000,0.105773,-0.172132,0.173464,0.345596,-36103747880.449440,-0.098935,0.098807,0.009352,-1.328221,0.000976
207855.689500,56160,50,3,-0.000000,-0.000478,-0.000000,0.133399,-0.216961,0.218683,0.435644,-11383380573.919436,-0.124753,0.124627,0.009020,-1.329059,0.000976
370652.694300,56160,50,3,-0.000000,-0.000590,-0.000000,0.166678,-0.270858,0.272784,0.543642,-24382563145.262596,-0.155943,0.155702,0.008486,-1.330859,0.000976
5169.862258,70760,50,3,-0.000000,-0.000000,-0.000000,0.026256,-0.042778,0.043036,0.085814,-5377214612.014046,-0.024587,0.024561,0.005909,-1.329054,0.000976
6766.053205,70760,50,3,0.000000,0.000000,0.000000,0.029585,-0.048205,0.048492,0.096697,3029510599.769200,-0.027717,0.027654,0.005623,-1.329251,0.000976
9178.786489,70760,50,3,0.000000,-0.000028,0.000000,0.033490,-0.054614,0.054978,0.109592,729651286.366904,-0.031276,0.031274,0.006646,-1.327022,0.000976
15551.033530,70760,50,3,-0.000000,-0.000000,-0.000000,0.041907,-0.068350,0.068727,0.137078,-1021732149.441878,-0.039208,0.039157,0.005297,-1.327432,0.000976
20327.045850,70760,50,3,-0.000000,-0.000009,-0.000000,0.046787,-0.076276,0.076762,0.153038,-7985008478.282730,-0.043726,0.043735,0.006412,-1.327605,0.000976
28266.663930,70760,50,3,-0.000000,-0.000000,-0.000000,0.053247,-0.086859,0.087469,0.174328,-1135940334.898556,-0.049673,0.049633,0.006392,-1.326142,0.000976
36665.589570,70760,50,3,-0.000000,-0.000085,-0.000000,0.058970,-0.095875,0.096642,0.192517,-2625426748.850991,-0.055189,0.055179,0.008576,-1.330368,0.000976
49373.741880,70760,50,3,0.000000,-0.000057,0.000000,0.066546,-0.108201,0.109068,0.217269,2271438861.701324,-0.062305,0.062305,0.008811,-1.329975,0.000976
66047.200570,70760,50,3,0.000000,-0.000057,0.000000,0.074860,-0.121873,0.122656,0.244529,3650334210.833148,-0.070036,0.069918,0.006909,-1.328989,0.000976
89029.174020,70770,50,3,0.000000,-0.000288,0.000000,0.084305,-0.137380,0.138375,0.275755,7848000200.574878,-0.078807,0.078822,0.007655,-1.327445,0.000976
117787.969300,70770,50,3,0.000000,-0.000304,0.000000,0.094433,-0.153837,0.154974,0.308811,48349528532.932396,-0.088224,0.088176,0.007494,-1.327911,0.000976
157947.897000,70760,50,3,0.000000,-0.000052,0.000000,0.106126,-0.172737,0.174109,0.346845,2173452660.736222,-0.099394,0.098990,0.007883,-1.328389,0.000976
210944.424200,70770,50,3,0.000000,-0.000280,0.000000,0.117549,-0.191256,0.192503,0.383759,60184996963.694618,-0.110213,0.109837,0.006591,-1.330745,0.000976
383084.955800,70760,50,3,0.000000,-0.000432,0.000000,0.149474,-0.243240,0.244709,0.487949,19132589758.364124,-0.139878,0.139704,0.005737,-1.330219,0.000976
508396.449800,70760,50,3,0.000000,-0.000287,0.000000,0.167391,-0.272571,0.274148,0.546719,85713306729.864243,-0.156721,0.156392,0.005822,-1.329427,0.000976
4317.329902,79400,50,3,-0.000000,-0.000035,-0.000000,0.023293,-0.037878,0.038188,0.076066,-769437065.067916,-0.021810,0.021711,0.008768,-1.326877,0.000976
5848.604568,79410,50,3,-0.000000,-0.000024,-0.000000,0.026295,-0.042763,0.043126,0.085889,-1583897671.676253,-0.024584,0.024547,0.009311,-1.327394,0.000976
13729.242480,79410,50,3,0.000000,-0.000027,0.000000,0.037280,-0.060714,0.061184,0.121898,1413884024.415366,-0.034830,0.034713,0.008664,-1.325604,0.000976
17564.111010,79410,50,3,-0.000000,-0.000025,-0.000000,0.041643,-0.067812,0.068324,0.136135,-2842820138.758580,-0.038923,0.038803,0.007997,-1.325965,0.000976
31871.232340,79410,50,3,0.000000,-0.000207,0.000000,0.052399,-0.085119,0.085874,0.170993,1095037312.071406,-0.048956,0.048957,0.009982,-1.328661,0.000976
42875.869730,79410,50,3,-0.000000,-0.000269,-0.000000,0.059142,-0.096083,0.096918,0.193001,-6729043431.046961,-0.055245,0.055131,0.009809,-1.328335,0.000976
138265.503900,79410,50,3,-0.000000,-0.000335,-0.000000,0.094238,-0.153243,0.154459,0.307702,-4595239651.795340,-0.088033,0.087905,0.008585,-1.327684,0.000976
442865.590200,79410,50,3,-0.000000,-0.000315,-0.000000,0.148645,-0.241751,0.243401,0.485152,-8953681503.282623,-0.138832,0.138783,0.007353,-1.328064,0.000976
593766.234600,79410,50,3,-0.000000,-0.000340,-0.000000,0.167089,-0.271749,0.273565,0.545313,-21387772018.406422,-0.156078,0.155924,0.006671,-1.328074,0.000976
6863.456139,89210,50,3,-0.000000,-0.000063,-0.000000,0.026511,-0.043153,0.043535,0.086689,-411325149.533434,-0.024710,0.024720,0.009852,-1.324184,0.000976
8873.808534,89210,50,3,0.000000,-0.000058,0.000000,0.029391,-0.047801,0.048212,0.096013,510106252.150194,-0.027422,0.027401,0.009369,-1.325918,0.000976
15716.859100,89210,50,3,-0.000000,-0.000057,-0.000000,0.037011,-0.060231,0.060741,0.120972,-4737467596.145614,-0.034491,0.034517,0.009049,-1.325072,0.000976
21293.171630,89210,50,3,-0.000000,-0.000082,-0.000000,0.042161,-0.068639,0.069260,0.137899,-1233513249.757812,-0.039273,0.039272,0.009539,-1.323956,0.000976
27811.968010,89210,50,3,-0.000000,-0.000110,-0.000000,0.046628,-0.075656,0.076396,0.152052,-1591569230.255099,-0.043573,0.043497,0.010961,-1.328383,0.000976
37689.305030,89220,50,3,-0.000000,-0.000168,-0.000000,0.052520,-0.085263,0.085973,0.171236,-2560988564.374996,-0.049032,0.048894,0.009293,-1.327837,0.000976
68073.880310,89220,50,3,-0.000000,-0.000199,-0.000000,0.066513,-0.108132,0.108993,0.217125,-34054662783.130978,-0.062062,0.062049,0.008954,-1.325992,0.000976
91117.673430,89210,50,3,-0.000000,-0.000143,-0.000000,0.074760,-0.121550,0.122539,0.244090,-3645424420.980029,-0.069857,0.069574,0.008729,-1.326293,0.000976
121291.933100,89210,50,3,-0.000000,-0.000147,-0.000000,0.083827,-0.136188,0.137437,0.273625,-2959942014.214603,-0.078358,0.078018,0.009515,-1.326796,0.000976
161719.303300,89210,50,3,-0.000000,-0.000340,-0.000000,0.093006,-0.150931,0.152153,0.303084,-47618372608.423676,-0.087005,0.086944,0.008502,-1.329608,0.000976
391378.336700,89210,50,3,0.000000,-0.000395,0.000000,0.132119,-0.214804,0.216239,0.431043,22548405596.675316,-0.123392,0.123127,0.006904,-1.327421,0.000976
521703.573500,89210,50,3,-0.000000,-0.000430,-0.000000,0.148547,-0.241504,0.243130,0.484635,-50703205349.818291,-0.138833,0.138370,0.006710,-1.327682,0.000976
697689.185900,89210,50,3,0.000000,-0.000534,0.000000,0.166902,-0.271273,0.273215,0.544488,34181365708.608582,-0.156009,0.155524,0.007145,-1.327643,0.000976
3404.781555,99970,50,3,0.000000,-0.000053,0.000000,0.018547,-0.030196,0.030527,0.060723,2374019895.304370,-0.017358,0.017242,0.010132,-1.325608,0.000976
4446.224041,99970,50,3,-0.000000,-0.000098,-0.000000,0.020927,-0.034043,0.034458,0.068502,-428580573.562206,-0.019571,0.019461,0.011998,-1.326096,0.000976
6034.877109,99970,50,3,-0.000000,-0.000101,-0.000000,0.023709,-0.038639,0.039069,0.077708,-2427806074.797312,-0.022116,0.022078,0.011022,-1.323564,0.000976
7829.087814,99970,50,3,-0.000000,-0.000101,-0.000000,0.026247,-0.042754,0.043199,0.085953,-2067438338.029780,-0.024507,0.024422,0.010153,-1.324908,0.000976
14026.790440,99970,50,3,-0.000000,-0.000108,-0.000000,0.033184,-0.054063,0.054645,0.108708,-1096137474.922224,-0.030935,0.030895,0.009940,-1.324549,0.000976
19349.984730,99970,50,3,-0.000000,-0.000129,-0.000000,0.037632,-0.061325,0.062034,0.123359,-1427241490.881606,-0.035096,0.035072,0.010446,-1.323464,0.000976
24908.861470,99970,50,3,-0.000000,-0.000161,-0.000000,0.041729,-0.067791,0.068608,0.136399,-776916237.585318,-0.039013,0.038927,0.011579,-1.327724,0.000976
33472.886420,99970,50,3,0.000000,-0.000181,0.000000,0.046992,-0.076362,0.077247,0.153609,1458169690.024160,-0.043984,0.043866,0.011378,-1.327955,0.000976
144433.316300,99970,50,3,0.000000,-0.000083,0.000000,0.083139,-0.135021,0.136462,0.271483,1669306485.673830,-0.077914,0.077680,0.009567,-1.329307,0.000976
194821.795500,99970,50,3,-0.000000,-0.000025,-0.000000,0.093690,-0.152237,0.153784,0.306020,-2592923034.712236,-0.087642,0.087493,0.008284,-1.328331,0.000976
261569.015400,99970,50,3,-0.000000,-0.000057,-0.000000,0.105547,-0.171615,0.173273,0.344888,-9825375299.847225,-0.098661,0.098504,0.008109,-1.327466,0.000976
350519.626900,99980,50,3,0.000000,-0.000210,0.000000,0.118140,-0.192246,0.193929,0.386176,120971909551.098648,-0.110375,0.110199,0.006579,-1.327248,0.000976
465688.612100,99970,50,3,0.000000,-0.000113,0.000000,0.132909,-0.216128,0.218277,0.434405,12372716249.284279,-0.124344,0.123951,0.008154,-1.327155,0.000976
624509.124200,99970,50,3,-0.000000,-0.000015,-0.000000,0.149277,-0.242692,0.245176,0.487868,-2426349358.610831,-0.139656,0.139085,0.007980,-1.327093,0.000976
3042.299460,112170,50,3,-0.000000,-0.000063,-0.000000,0.016568,-0.026917,0.027241,0.054159,-565521615.442680,-0.015467,0.015417,0.012866,-1.325349,0.000976
4065.672382,112170,50,3,0.000000,-0.000053,0.000000,0.018712,-0.030384,0.030764,0.061148,6387045745.523326,-0.017472,0.017442,0.013149,-1.325822,0.000976
5460.281645,112170,50,3,0.000000,-0.000093,0.000000,0.021177,-0.034452,0.034844,0.069296,314283454.868198,-0.019769,0.019711,0.012036,-1.323627,0.000976
7035.227834,112170,50,3,-0.000000,-0.000082,-0.000000,0.023470,-0.038157,0.038572,0.076728,-198626282.617132,-0.021923,0.021814,0.011549,-1.325378,0.000976
9584.918564,112180,50,3,-0.000000,-0.000119,-0.000000,0.026525,-0.043117,0.043589,0.086706,-2469283506.634166,-0.024742,0.024712,0.011556,-1.324756,0.000976
12569.943390,112170,50,3,-0.000000,-0.000081,-0.000000,0.029655,-0.048201,0.048784,0.096985,-1167954331.200908,-0.027719,0.027560,0.012518,-1.324353,0.000976
22990.813820,112180,50,3,-0.000000,-0.000100,-0.000000,0.037199,-0.060353,0.061015,0.121367,-19045572246.444397,-0.034798,0.034703,0.011568,-1.327615,0.000976
55134.386010,112170,50,3,0.000000,-0.000205,0.000000,0.053225,-0.086476,0.087409,0.173885,10900492727.439684,-0.049688,0.049686,0.010482,-1.326104,0.000976
73580.527680,112180,50,3,-0.000000,-0.000111,-0.000000,0.059756,-0.097026,0.098039,0.195065,-8741495818.821873,-0.055924,0.055611,0.010542,-1.326504,0.000976
98340.027580,112170,50,3,-0.000000,-0.000271,-0.000000,0.067042,-0.108852,0.110085,0.218937,-2288372833.717699,-0.062599,0.062601,0.011032,-1.326720,0.000976
131240.014900,112180,50,3,0.000000,-0.000099,0.000000,0.074351,-0.120535,0.121783,0.242317,5856553936.780175,-0.069457,0.069472,0.009846,-1.329026,0.000976
175827.746600,112170,50,3,-0.000000,-0.000245,-0.000000,0.083736,-0.135835,0.137243,0.273078,-12249397695.247379,-0.078421,0.078152,0.009604,-1.328540,0.000976
235397.917900,112180,50,3,0.000000,-0.000079,0.000000,0.094329,-0.153070,0.154507,0.307577,1270956264.200941,-0.088263,0.087850,0.008795,-1.328063,0.000976
563574.343800,112170,50,3,-0.000000,-0.000314,-0.000000,0.133426,-0.216613,0.218780,0.435392,-136626949042.426071,-0.124676,0.124510,0.008637,-1.327408,0.000976
732919.432800,112170,50,3,0.000000,-0.000613,0.000000,0.147458,-0.238927,0.241903,0.480830,150997339151.339874,-0.137967,0.137351,0.011712,-1.328063,0.000976
982909.699100,112180,50,3,0.000000,-0.000555,0.000000,0.166033,-0.269036,0.271964,0.541000,170022833252.599640,-0.155477,0.154832,0.010467,-1.328851,0.000976
2758.420227,125920,50,3,-0.000000,-0.000093,-0.000000,0.014793,-0.024023,0.024378,0.048401,-5049304778.716984,-0.013826,0.013743,0.013977,-1.325021,0.000976
3660.698181,125920,50,3,-0.000000,-0.000115,-0.000000,0.016664,-0.027051,0.027468,0.054519,-5688098303.818602,-0.015569,0.015496,0.014862,-1.325208,0.000976
4930.530113,125920,50,3,-0.000000,-0.000110,-0.000000,0.018854,-0.030669,0.031092,0.061761,-689517583.745619,-0.017594,0.017538,0.013416,-1.323203,0.000976
11243.272640,125920,50,3,0.000000,-0.000150,0.000000,0.026389,-0.042919,0.043494,0.086414,6755636029.754493,-0.024601,0.024552,0.012961,-1.323786,0.000976
15402.858770,125920,50,3,-0.000000,-0.000171,-0.000000,0.029934,-0.048678,0.049410,0.098088,-785959589.330729,-0.027910,0.027856,0.013930,-1.322506,0.000976
20525.580440,125920,50,3,-0.000000,-0.000173,-0.000000,0.033159,-0.053784,0.054533,0.108317,-1131836008.885235,-0.031005,0.030897,0.013265,-1.327630,0.000976
36329.782740,125920,50,3,0.000000,-0.000141,0.000000,0.042062,-0.068279,0.069167,0.137446,1133470199.455673,-0.039355,0.039213,0.011886,-1.326756,0.000976
48998.028060,125920,50,3,0.000000,-0.000105,0.000000,0.047349,-0.076969,0.077903,0.154872,2020229813.716415,-0.044295,0.044008,0.010851,-1.325278,0.000976
88030.362280,125930,50,3,-0.000000,-0.000330,-0.000000,0.059718,-0.096983,0.098266,0.195249,-2658727916.271797,-0.055743,0.055599,0.011285,-1.325539,0.000976
116163.221200,125920,50,3,0.000000,-0.000183,0.000000,0.066069,-0.107131,0.108537,0.215669,2050137945.286916,-0.061895,0.061637,0.011432,-1.327911,0.000976
157224.822900,125920,50,3,-0.000000,-0.000109,-0.000000,0.074603,-0.121026,0.122482,0.243509,-15278585790.261866,-0.069796,0.069659,0.009900,-1.327724,0.000976
209489.931400,125920,50,3,-0.000000,-0.000140,-0.000000,0.084029,-0.136337,0.138003,0.274341,-2390159153.383346,-0.078576,0.078218,0.009959,-1.327372,0.000976
279560.556500,125920,50,3,-0.000000,-0.000116,-0.000000,0.093994,-0.152564,0.154405,0.306969,-3104848473.889528,-0.087928,0.087449,0.009618,-1.327048,0.000976
373149.292300,125930,50,3,-0.000000,-0.000459,-0.000000,0.105741,-0.171669,0.173706,0.345375,-6767444016.086033,-0.098736,0.098583,0.009331,-1.327002,0.000976
652447.705700,125930,50,3,-0.000000,-0.000515,-0.000000,0.131217,-0.212551,0.215674,0.428225,-2357302920.081002,-0.122634,0.122384,0.012424,-1.328212,0.000976
875202.262000,125930,50,3,-0.000000,-0.000271,-0.000000,0.147764,-0.239405,0.242702,0.482107,-30262301368.491451,-0.138464,0.137899,0.011416,-1.328186,0.000976
2597.566792,141270,50,3,-0.000000,-0.000053,-0.000000,0.013099,-0.021269,0.021582,0.042851,-13413455729.433283,-0.012220,0.012215,0.014062,-1.325459,0.000976
3398.939770,141270,50,3,0.000000,-0.000068,0.000000,0.014784,-0.023995,0.024363,0.048358,1009247234.095913,-0.013805,0.013780,0.015223,-1.325492,0.000976
4551.127358,141270,50,3,-0.000000,-0.000075,-0.000000,0.016731,-0.027196,0.027609,0.054805,-13186247842265898.000000,-0.015572,0.015573,0.014770,-1.323030,0.000976
7869.672801,141270,50,3,0.000000,-0.000063,0.000000,0.020922,-0.034000,0.034488,0.068488,7141470000.359630,-0.019502,0.019476,0.013608,-1.323998,0.000976
14175.887020,141270,50,3,0.000000,-0.000114,0.000000,0.026577,-0.043203,0.043865,0.087068,367766644.009799,-0.024722,0.024695,0.014215,-1.322697,0.000976
18749.231850,141270,50,3,-0.000000,-0.000168,-0.000000,0.029370,-0.047652,0.048290,0.095943,-7518831053.216417,-0.027443,0.027343,0.012737,-1.327632,0.000976
25363.526290,141270,50,3,-0.000000,-0.000142,-0.000000,0.033141,-0.053781,0.054477,0.108259,-5656096880.961322,-0.030980,0.030898,0.011864,-1.327234,0.000976
44536.892130,141280,50,3,0.000000,-0.000092,0.000000,0.041973,-0.068185,0.069022,0.137207,1482076879.396930,-0.039130,0.039052,0.011068,-1.325628,0.000976
78708.843090,141270,50,3,-0.000000,-0.000217,-0.000000,0.052844,-0.085799,0.086916,0.172715,-13528193194.421505,-0.049271,0.049290,0.011363,-1.326347,0.000976
140997.659700,141270,50,3,0.000000,-0.000250,0.000000,0.066171,-0.107268,0.108674,0.215942,1539971308.397543,-0.061939,0.061710,0.010614,-1.327857,0.000976
188652.055300,141270,50,3,-0.000000,-0.000199,-0.000000,0.074445,-0.120792,0.122228,0.243021,-19058129143.654037,-0.069542,0.069508,0.009176,-1.327485,0.000976
333375.660700,141270,50,3,0.000000,-0.000376,0.000000,0.093836,-0.152197,0.154193,0.306390,2343600863.945098,-0.087560,0.087579,0.010154,-1.326863,0.000976
446149.473800,141280,50,3,-0.000000,-0.000146,-0.000000,0.105378,-0.170888,0.173100,0.343988,-26976603379.808247,-0.098522,0.098164,0.009820,-1.327264,0.000976
579555.201200,141280,50,3,-0.000000,-0.000612,-0.000000,0.116291,-0.188243,0.191088,0.379331,-2835289575.992494,-0.108786,0.108390,0.013039,-1.328026,0.000976
779719.613800,141280,50,3,-0.000000,-0.000599,-0.000000,0.130944,-0.211987,0.214976,0.426962,-16760778488.180304,-0.122467,0.122071,0.011674,-1.328858,0.000976
1033604.129000,141270,50,3,0.000000,-0.000429,0.000000,0.147572,-0.238844,0.242438,0.481282,25185745706.397549,-0.137801,0.137852,0.012556,-1.328387,0.000976
1375753.260000,141270,50,3,0.000000,-0.000619,0.000000,0.165992,-0.268896,0.272437,0.541334,28328614623.254517,-0.154988,0.154835,0.010672,-1.328342,0.000976
2505.896795,158750,50,3,0.000000,-0.000061,0.000000,0.011792,-0.019107,0.019426,0.038533,503143178.192289,-0.011026,0.010973,0.015767,-1.326515,0.000976
3252.903677,158750,50,3,-0.000000,-0.000067,-0.000000,0.013283,-0.021523,0.021873,0.043396,-591368531.338543,-0.012425,0.012347,0.016284,-1.326675,0.000976
4383.316131,158750,50,3,-0.000000,-0.000069,-0.000000,0.015059,-0.024443,0.024815,0.049258,-1542035274.097073,-0.014038,0.014031,0.014883,-1.324469,0.000976
5618.986641,158750,50,3,-0.000000,-0.000069,-0.000000,0.016671,-0.027034,0.027445,0.054479,-322095855.028419,-0.015587,0.015528,0.014952,-1.326064,0.000976
7580.444988,158750,50,3,-0.000000,-0.000088,-0.000000,0.018817,-0.030531,0.030997,0.061529,-253530421.590775,-0.017592,0.017529,0.014536,-1.325021,0.000976
9788.147383,158740,50,3,-0.000000,-0.000122,-0.000000,0.021073,-0.034196,0.034728,0.068924,-599408706.006515,-0.019651,0.019590,0.014689,-1.324684,0.000976
13414.667870,158750,50,3,0.000000,-0.000160,0.000000,0.023953,-0.038865,0.039509,0.078374,598228134.730313,-0.022326,0.022248,0.015093,-1.323929,0.000976
17798.560120,158750,50,3,-0.000000,-0.000155,-0.000000,0.026443,-0.042836,0.043434,0.086270,-3384769977.862766,-0.024796,0.024694,0.012845,-1.328827,0.000976
23922.138150,158750,50,3,0.000000,-0.000134,0.000000,0.029830,-0.048321,0.048994,0.097315,1527270701.404246,-0.027968,0.027784,0.011854,-1.328297,0.000976
31893.495970,158740,50,3,-0.000000,-0.000180,-0.000000,0.033632,-0.054481,0.055238,0.109719,-1913261216.085225,-0.031466,0.031391,0.011781,-1.328549,0.000976
42759.685930,158750,50,3,0.000000,-0.000150,0.000000,0.037814,-0.061320,0.062169,0.123489,921937197.716839,-0.035328,0.035205,0.011391,-1.326508,0.000976
55480.925660,158740,50,3,0.000000,-0.000238,0.000000,0.042444,-0.068800,0.069761,0.138561,1241779247.287534,-0.039692,0.039568,0.011534,-1.327005,0.000976
73794.205640,158750,50,3,0.000000,-0.000204,0.000000,0.047611,-0.077164,0.078252,0.155416,1950154435.177062,-0.044469,0.044325,0.011405,-1.327287,0.000976
97538.777960,158740,50,3,-0.000000,-0.000263,-0.000000,0.052734,-0.085336,0.086529,0.171865,-8999960020.345640,-0.049496,0.049179,0.011052,-1.329439,0.000976
130707.979700,158750,50,3,-0.000000,-0.000198,-0.000000,0.059426,-0.096170,0.097490,0.193660,-1448860568.287012,-0.055715,0.055297,0.010946,-1.329529,0.000976
174865.567700,158740,50,3,-0.000000,-0.000298,-0.000000,0.066972,-0.108445,0.109880,0.218325,-17144948916.005882,-0.062620,0.062463,0.009999,-1.328774,0.000976
232698.999400,158740,50,3,-0.000000,-0.000329,-0.000000,0.075001,-0.121486,0.123085,0.244571,-2648314993.592766,-0.070176,0.069927,0.009485,-1.328234,0.000976
309600.730200,158740,50,3,0.000000,-0.000400,0.000000,0.084291,-0.136493,0.138339,0.274832,3452578452.090334,-0.078892,0.078525,0.009918,-1.328504,0.000976
537748.575100,158750,50,3,0.000000,-0.000505,0.000000,0.104644,-0.169149,0.171754,0.340902,2279900091.884044,-0.097996,0.097661,0.011932,-1.329281,0.000976
1272493.069000,158750,50,3,0.000000,-0.000839,0.000000,0.149456,-0.241555,0.245152,0.486707,17004774480.583929,-0.139840,0.139595,0.011484,-1.329756,0.000976
1688309.226000,158740,50,3,0.000000,-0.000523,0.000000,0.168402,-0.272262,0.276261,0.548523,86220421953.657928,-0.157587,0.156955,0.011389,-1.328900,0.000976
2391.714123,177900,50,3,-0.000000,-0.000068,-0.000000,0.010437,-0.016926,0.017198,0.034124,-74735702.977426,-0.009751,0.009706,0.015255,-1.324994,0.000976
3109.118351,177900,50,3,0.000000,-0.000092,0.000000,0.011772,-0.019074,0.019406,0.038480,1205493606.300232,-0.010982,0.010942,0.016709,-1.325083,0.000976
4204.874045,177900,50,3,-0.000000,-0.000094,-0.000000,0.013370,-0.021687,0.022056,0.043742,-6845228161.246555,-0.012459,0.012455,0.015588,-1.323405,0.000976
5325.630552,177900,50,3,-0.000000,-0.000097,-0.000000,0.014766,-0.023943,0.024327,0.048270,-239998849.852392,-0.013772,0.013743,0.015384,-1.325044,0.000976
7134.442491,177900,50,3,-0.000000,-0.000104,-0.000000,0.016684,-0.027077,0.027493,0.054570,-244066188.222533,-0.015539,0.015539,0.014612,-1.324047,0.000976
12512.086800,177900,50,3,0.000000,-0.000137,0.000000,0.021256,-0.034482,0.035078,0.069560,1813850413.097092,-0.019793,0.019778,0.015427,-1.322706,0.000976
16619.055150,177900,50,3,0.000000,-0.000084,0.000000,0.023413,-0.037916,0.038475,0.076391,461060973.815184,-0.021879,0.021814,0.012384,-1.328008,0.000976
21915.381500,177900,50,3,0.000000,-0.000086,0.000000,0.026365,-0.042714,0.043320,0.086034,341745572.515969,-0.024613,0.024558,0.011946,-1.327534,0.000976
39174.248690,177900,50,3,-0.000000,-0.000133,-0.000000,0.033491,-0.054290,0.055091,0.109380,-762098642.597954,-0.031277,0.031185,0.012082,-1.325744,0.000976
51732.547290,177900,50,3,-0.000000,-0.000172,-0.000000,0.037539,-0.060842,0.061724,0.122566,-1067770353.919948,-0.035034,0.034940,0.011666,-1.326157,0.000976
66933.630300,177900,50,3,-0.000000,-0.000182,-0.000000,0.042120,-0.068270,0.069251,0.137521,-1960516370.270691,-0.039303,0.039215,0.011666,-1.326283,0.000976
88890.197460,177900,50,3,0.000000,-0.000249,0.000000,0.046699,-0.075540,0.076654,0.152194,23910049997.265278,-0.043762,0.043476,0.011135,-1.328623,0.000976
158226.936000,177900,50,3,-0.000000,-0.000269,-0.000000,0.059248,-0.095919,0.097258,0.193178,-2247018272.197827,-0.055301,0.055204,0.010115,-1.327657,0.000976
210854.106200,177900,50,3,-0.000000,-0.000311,-0.000000,0.066381,-0.107481,0.108984,0.216465,-3089746951.693057,-0.061974,0.061878,0.009720,-1.327395,0.000976
280666.676100,177900,50,3,-0.000000,-0.000320,-0.000000,0.074600,-0.120796,0.122457,0.243253,-1863176538.214726,-0.069665,0.069539,0.009768,-1.327549,0.000976
372783.039400,177900,50,3,0.000000,-0.000375,0.000000,0.083781,-0.135584,0.137600,0.273184,4515361546.079028,-0.078235,0.078071,0.010390,-1.327387,0.000976
484916.559000,177900,50,3,-0.000000,-0.000349,-0.000000,0.092622,-0.149624,0.152133,0.301757,-4311150261.772073,-0.086596,0.086346,0.012555,-1.328022,0.000976
649402.118600,177900,50,3,0.000000,-0.000385,0.000000,0.104423,-0.168684,0.171460,0.340144,2889986545.221964,-0.097583,0.097445,0.012269,-1.328584,0.000976
861054.402100,177900,50,3,-0.000000,-0.000520,-0.000000,0.117476,-0.189756,0.192837,0.382594,-3165674859.386567,-0.109840,0.109534,0.012256,-1.328687,0.000976
1145227.800000,177900,50,3,-0.000000,-0.000476,-0.000000,0.132297,-0.213725,0.217153,0.430878,-13547239482.348579,-0.123752,0.123457,0.011817,-1.328405,0.000976
1517322.399000,177900,50,3,-0.000000,-0.000552,-0.000000,0.149046,-0.240903,0.244645,0.485548,-11740206502.114798,-0.139236,0.138913,0.011549,-1.328155,0.000976
2441.302014,199190,50,3,0.000000,-0.000062,0.000000,0.009354,-0.015156,0.015415,0.030571,456129752.511183,-0.008747,0.008705,0.015059,-1.325820,0.000976
3195.877829,199190,50,3,0.000000,-0.000083,0.000000,0.010548,-0.017079,0.017384,0.034463,192885349.187043,-0.009831,0.009807,0.016055,-1.326061,0.000976
4191.689851,199190,50,3,-0.000000,-0.000087,-0.000000,0.011923,-0.019335,0.019673,0.039008,-158566648.591758,-0.011112,0.011107,0.015614,-1.323567,0.000976
5375.792634,199190,50,3,0.000000,-0.000091,0.000000,0.013239,-0.021440,0.021820,0.043260,6778432367.572369,-0.012337,0.012321,0.015308,-1.325380,0.000976
7096.350393,199190,50,3,0.000000,-0.000104,0.000000,0.014952,-0.024238,0.024659,0.048897,373446704.682267,-0.013939,0.013923,0.015263,-1.324316,0.000976
9191.989716,199180,50,3,-0.000000,-0.000071,-0.000000,0.016719,-0.027110,0.027564,0.054674,-2853302495.295284,-0.015594,0.015532,0.014900,-1.324023,0.000976
12334.342360,199190,50,3,0.000000,-0.000129,0.000000,0.018949,-0.030715,0.031270,0.061984,1077992220.136970,-0.017666,0.017625,0.015533,-1.323963,0.000976
16148.093210,199180,50,3,0.000000,-0.000112,0.000000,0.020929,-0.033875,0.034387,0.068262,10715769345.513540,-0.019590,0.019499,0.012544,-1.328756,0.000976
21424.066330,199190,50,3,-0.000000,-0.000073,-0.000000,0.023608,-0.038218,0.038810,0.077028,-895372756.045637,-0.022042,0.021964,0.012138,-1.327502,0.000976
28447.113360,199190,50,3,0.000000,-0.000075,0.000000,0.026582,-0.043044,0.043686,0.086730,1944271135.056596,-0.024834,0.024730,0.011585,-1.327539,0.000976
65533.150320,199190,50,3,0.000000,-0.000076,0.000000,0.037700,-0.061039,0.062004,0.123044,677276252.264881,-0.035255,0.035070,0.011237,-1.326582,0.000976
83383.721970,199190,50,3,-0.000000,-0.000145,-0.000000,0.041683,-0.067360,0.068456,0.135816,-820841701.611318,-0.038982,0.038909,0.012298,-1.328744,0.000976
112072.707100,199190,50,3,0.000000,-0.000089,0.000000,0.047097,-0.076117,0.077319,0.153436,48227210910.678696,-0.043995,0.043822,0.010815,-1.328560,0.000976
147958.463800,199190,50,3,-0.000000,-0.000070,-0.000000,0.052909,-0.085626,0.086852,0.172478,-1177792602.823550,-0.049439,0.049233,0.009478,-1.327515,0.000976
261523.936200,199190,50,3,-0.000000,-0.000126,-0.000000,0.066766,-0.107969,0.109670,0.217639,-2441739505.276000,-0.062424,0.062145,0.010118,-1.327246,0.000976
347613.937000,199190,50,3,0.000000,-0.000158,0.000000,0.074932,-0.121134,0.123053,0.244187,7673035647.423974,-0.070096,0.069764,0.010109,-1.327701,0.000976
449939.275000,199180,50,3,0.000000,-0.000257,0.000000,0.082900,-0.133775,0.136154,0.269929,4716061281.408605,-0.077381,0.077055,0.012584,-1.328277,0.000976
602316.790700,199190,50,3,-0.000000,-0.000400,-0.000000,0.093371,-0.150688,0.153269,0.303956,-3983829609.510623,-0.087392,0.087106,0.011742,-1.329207,0.000976
1397035.074000,199190,50,3,0.000000,-0.000651,0.000000,0.133195,-0.215058,0.218651,0.433708,3409787369.129254,-0.124221,0.124282,0.011494,-1.328148,0.000976
2460.293842,224200,50,3,-0.000000,-0.000060,-0.000000,0.008279,-0.013407,0.013628,0.027035,-117751519.820115,-0.007736,0.007719,0.014475,-1.327801,0.000976
3181.584103,224200,50,3,-0.000000,-0.000043,-0.000000,0.009356,-0.015144,0.015407,0.030551,-118276403.865588,-0.008725,0.008712,0.015526,-1.327808,0.000976
4172.701358,224200,50,3,0.000000,-0.000046,0.000000,0.010581,-0.017158,0.017444,0.034602,433389330.815965,-0.009854,0.009865,0.015076,-1.325004,0.000976
5322.249125,224200,50,3,-0.000000,-0.000072,-0.000000,0.011733,-0.019007,0.019321,0.038328,-214554047.741176,-0.010932,0.010938,0.014354,-1.326818,0.000976
7075.088203,224200,50,3,-0.000000,-0.000079,-0.000000,0.013258,-0.021479,0.021841,0.043320,-522168551.761367,-0.012344,0.012363,0.014296,-1.326235,0.000976
9127.001394,224200,50,3,0.000000,-0.000097,0.000000,0.014867,-0.024086,0.024506,0.048591,1014931038.247540,-0.013830,0.013863,0.014739,-1.325357,0.000976
15918.008520,224200,50,3,-0.000000,-0.000061,-0.000000,0.018582,-0.030065,0.030518,0.060583,-731859175.923338,-0.017368,0.017360,0.011050,-1.329466,0.000976
27328.002770,224200,50,3,-0.000000,-0.000078,-0.000000,0.023596,-0.038192,0.038749,0.076941,-779445718.463528,-0.022028,0.021980,0.010486,-1.329125,0.000976
47538.781090,224200,50,3,-0.000000,-0.000100,-0.000000,0.029833,-0.048272,0.049039,0.097311,-2349910854.361388,-0.027835,0.027809,0.011210,-1.327735,0.000976
62326.859980,224200,50,3,-0.000000,-0.000099,-0.000000,0.033429,-0.054108,0.054923,0.109032,-17115520916.595921,-0.031200,0.031150,0.010701,-1.328308,0.000976
105557.621600,224200,50,3,0.000000,-0.000113,0.000000,0.041833,-0.067571,0.068607,0.136177,1427909593.279735,-0.039078,0.038997,0.009888,-1.330304,0.000976
243080.694400,224200,50,3,0.000000,-0.000198,0.000000,0.059200,-0.095663,0.097165,0.192828,1515517421.467113,-0.055298,0.055206,0.009962,-1.328759,0.000976
322471.046600,224200,50,3,0.000000,-0.000235,0.000000,0.066522,-0.107432,0.109167,0.216599,3585207235.162579,-0.062195,0.062042,0.010242,-1.329442,0.000976
417903.976700,224210,50,3,-0.000000,-0.000312,-0.000000,0.073546,-0.118569,0.120721,0.239290,-5793127922.653112,-0.068654,0.068485,0.012291,-1.329955,0.000976
736183.854600,224200,50,3,0.000000,-0.000380,0.000000,0.093411,-0.150446,0.153298,0.303743,47827295279.863579,-0.087370,0.087193,0.012665,-1.330775,0.000976
973777.779900,224200,50,3,0.000000,-0.000568,0.000000,0.105122,-0.169461,0.172452,0.341913,5125968408.015041,-0.098193,0.098197,0.011294,-1.330240,0.000976
3226.768790,251240,50,3,0.000000,-0.000062,0.000000,0.008403,-0.013586,0.013822,0.027408,277570850.959902,-0.007861,0.007838,0.015417,-1.328509,0.000976
4244.379173,251240,50,3,0.000000,-0.000069,0.000000,0.009523,-0.015414,0.015683,0.031097,375067587.532800,-0.008869,0.008862,0.014911,-1.326188,0.000976
5344.508109,251240,50,3,0.000000,-0.000065,0.000000,0.010541,-0.017050,0.017333,0.034383,359806704.410039,-0.009856,0.009807,0.013594,-1.327895,0.000976
12097.519530,251240,50,3,-0.000000,-0.000096,-0.000000,0.015143,-0.024497,0.024947,0.049444,-369208372.728686,-0.014106,0.014103,0.014752,-1.326059,0.000976
15595.867080,251240,50,3,-0.000000,-0.000062,-0.000000,0.016685,-0.026960,0.027381,0.054341,-348681697.499358,-0.015630,0.015551,0.011834,-1.330288,0.000976
103844.577700,251240,50,3,0.000000,-0.000085,0.000000,0.037554,-0.060556,0.061547,0.122103,818188328.222145,-0.035193,0.035081,0.009653,-1.330714,0.000976
133748.291700,251240,50,3,0.000000,-0.000080,0.000000,0.042271,-0.068200,0.069274,0.137473,772950084.000395,-0.039525,0.039355,0.008869,-1.330476,0.000976
176536.820400,251230,50,3,0.000000,-0.000142,0.000000,0.047322,-0.076355,0.077585,0.153940,1101322592.426935,-0.044269,0.044158,0.009573,-1.329581,0.000976
308977.032500,251240,50,3,-0.000000,-0.000087,-0.000000,0.059764,-0.096377,0.097951,0.194328,-4371344980.499637,-0.055844,0.055620,0.009131,-1.330038,0.000976
399975.571300,251240,50,3,0.000000,-0.000340,0.000000,0.066159,-0.106473,0.108483,0.214956,29231703232166544.000000,-0.061940,0.061526,0.011689,-1.330642,0.000976
532856.251100,251240,50,3,-0.000000,-0.000275,-0.000000,0.074495,-0.119952,0.122060,0.242012,-6934801735.321055,-0.069629,0.069393,0.010431,-1.330844,0.000976
927461.267100,251240,50,3,-0.000000,-0.000385,-0.000000,0.094457,-0.152016,0.154763,0.306779,-2545364969.206594,-0.088395,0.088106,0.010896,-1.331041,0.000976
1221392.799000,251240,50,3,0.000000,-0.000378,0.000000,0.106291,-0.171103,0.174136,0.345239,10884073403.360878,-0.099469,0.099202,0.010414,-1.330837,0.000976
2630.908807,282490,50,3,-0.000000,-0.000031,-0.000000,0.006654,-0.010752,0.010945,0.021697,-6813512518.304958,-0.006221,0.006176,0.014415,-1.326662,0.000976
3385.214717,282480,50,3,-0.000000,-0.000051,-0.000000,0.007502,-0.012123,0.012337,0.024460,-404293093.496127,-0.007016,0.006983,0.014750,-1.326920,0.000976
4410.694936,282480,50,3,0.000000,-0.000048,0.000000,0.008484,-0.013728,0.013962,0.027689,59914638.786050,-0.007918,0.007879,0.013900,-1.325242,0.000976
7266.027676,282480,50,3,-0.000000,-0.000057,-0.000000,0.010638,-0.017204,0.017498,0.034702,-231781827.160734,-0.009922,0.009880,0.013494,-1.326023,0.000976
9335.961038,282480,50,3,-0.000000,-0.000067,-0.000000,0.011895,-0.019219,0.019568,0.038787,-320539240.988275,-0.011097,0.011040,0.013412,-1.326056,0.000976
15898.057750,282480,50,3,-0.000000,-0.000028,-0.000000,0.014888,-0.024015,0.024433,0.048448,-179360311.122966,-0.013916,0.013858,0.011650,-1.329061,0.000976
27018.217690,282480,50,3,0.000000,-0.000032,0.000000,0.018860,-0.030461,0.030936,0.061397,585230715.569121,-0.017637,0.017550,0.009815,-1.328152,0.000976
35287.349920,282480,50,3,0.000000,-0.000022,0.000000,0.021272,-0.034364,0.034910,0.069274,3111783762.504264,-0.019909,0.019780,0.009770,-1.327603,0.000976
59696.252800,282480,50,3,0.000000,-0.000078,0.000000,0.026738,-0.043180,0.043863,0.087042,13690080282.305576,-0.024985,0.024835,0.009730,-1.327870,0.000976
77398.353320,282480,50,3,0.000000,-0.000107,0.000000,0.029668,-0.047767,0.048590,0.096357,6075922555.630929,-0.027778,0.027655,0.009807,-1.330759,0.000976
170817.001900,282480,50,3,-0.000000,-0.000044,-0.000000,0.042148,-0.067940,0.069049,0.136989,-829993947.707132,-0.039435,0.039160,0.008265,-1.329068,0.000976
224778.938300,282480,50,3,-0.000000,-0.000037,-0.000000,0.047344,-0.076309,0.077607,0.153917,-1101830378.006403,-0.044330,0.044023,0.008902,-1.328393,0.000976
296345.960000,282480,50,3,-0.000000,-0.000045,-0.000000,0.053277,-0.085775,0.087295,0.173071,-9092567266.915443,-0.049921,0.049467,0.008916,-1.329321,0.000976
382082.091800,282480,50,3,0.000000,-0.000249,0.000000,0.058853,-0.094562,0.096460,0.191022,3013245928.581046,-0.055165,0.054681,0.011812,-1.330140,0.000976
508642.672100,282480,50,3,0.000000,-0.000320,0.000000,0.066286,-0.106573,0.108590,0.215162,2056882520.676391,-0.062157,0.061562,0.010967,-1.330151,0.000976
670181.650300,282480,50,3,0.000000,-0.000286,0.000000,0.074778,-0.120161,0.122485,0.242645,1701617011.626920,-0.070072,0.069493,0.010992,-1.330580,0.000976
881111.452500,282480,50,3,0.000000,-0.000384,0.000000,0.084014,-0.135062,0.137583,0.272644,21508152165.621376,-0.078490,0.078081,0.010668,-1.329863,0.000976
1156830.756000,282480,50,3,-0.000000,-0.000416,-0.000000,0.094658,-0.152180,0.155041,0.307221,-2019361510.232861,-0.088451,0.088069,0.010339,-1.329586,0.000976
3566.875739,316460,50,3,0.000000,-0.000030,0.000000,0.006675,-0.010778,0.010979,0.021757,325469677.820827,-0.006227,0.006186,0.014496,-1.326092,0.000976
4616.168450,316460,50,3,0.000000,-0.000023,0.000000,0.007538,-0.012201,0.012407,0.024608,47940754.941912,-0.007028,0.006998,0.013110,-1.323707,0.000976
5785.269037,316460,50,3,-0.000000,-0.000031,-0.000000,0.008376,-0.013532,0.013771,0.027304,-136148153.648083,-0.007811,0.007785,0.012831,-1.325898,0.000976
7538.261440,316460,50,3,-0.000000,-0.000031,-0.000000,0.009465,-0.015292,0.015573,0.030865,-201915381.089884,-0.008832,0.008789,0.013439,-1.325191,0.000976
9520.428287,316460,50,3,-0.000000,-0.000039,-0.000000,0.010551,-0.017057,0.017350,0.034407,-831111261.418253,-0.009841,0.009794,0.012821,-1.325351,0.000976
12750.407850,316460,50,3,0.000000,-0.000039,0.000000,0.012043,-0.019451,0.019831,0.039283,280284784.756938,-0.011250,0.011196,0.013628,-1.324594,0.000976
707859.959000,354610,70,2,0.000000,0.000000,0.000000,0.071666,-0.122202,0.122865,0.245068,73387913653.962463,-0.061965,0.061907,0.001947,-1.200772,0.000976
927703.264600,354610,70,2,-0.000000,-0.000000,-0.000000,0.080493,-0.137212,0.137956,0.275168,-3296980897.589377,-0.069575,0.069556,0.001708,-1.200835,0.000976
2087437.290000,354610,70,2,-0.000000,-0.000000,-0.000000,0.113479,-0.193206,0.194498,0.387704,-6835468039.865713,-0.098008,0.098057,0.002746,-1.201029,0.000976
2766294.227000,354610,70,2,-0.000000,-0.000065,-0.000000,0.127782,-0.217451,0.218857,0.436308,-4846240066.163486,-0.110372,0.110458,0.002618,-1.201343,0.000976
9556.945460,396820,70,2,0.000000,0.000000,0.000000,0.008926,-0.015266,0.015375,0.030640,108817819.813207,-0.007703,0.007708,0.003946,-1.198076,0.000976
12588.492280,396820,70,2,-0.000000,-0.000000,-0.000000,0.010178,-0.017396,0.017531,0.034927,-473749000.763779,-0.008782,0.008790,0.004180,-1.198213,0.000976
19865.800430,396820,70,2,0.000000,-0.000010,0.000000,0.012801,-0.021887,0.022040,0.043927,87385854.833508,-0.011062,0.011059,0.003694,-1.198111,0.000976
32439.204830,396820,70,2,0.000000,-0.000011,0.000000,0.016140,-0.027582,0.027778,0.055359,446678925.194757,-0.013944,0.013948,0.003760,-1.198579,0.000976
41428.675680,396820,70,2,0.000000,-0.000010,0.000000,0.018098,-0.030938,0.031124,0.062061,3088690539.955146,-0.015665,0.015658,0.002866,-1.198757,0.000976
86005.213670,396820,70,2,-0.000000,-0.000000,-0.000000,0.025442,-0.043465,0.043690,0.087155,-26052998190.377701,-0.022012,0.021996,0.002065,-1.199941,0.000976
184272.649200,396820,70,2,-0.000000,-0.000000,-0.000000,0.036112,-0.061610,0.061958,0.123569,-626750983.508402,-0.031272,0.031214,0.001959,-1.200590,0.000976
239284.317700,396820,70,2,0.000000,0.000000,0.000000,0.040629,-0.069282,0.069671,0.138953,20802189075.258011,-0.035161,0.035181,0.001871,-1.200749,0.000976
518693.424600,396820,70,2,0.000000,-0.000029,0.000000,0.057078,-0.097246,0.097756,0.195002,769054452.817998,-0.049308,0.049335,0.001873,-1.201448,0.000976
887329.098900,396820,70,2,-0.000000,-0.000000,-0.000000,0.071871,-0.122399,0.123037,0.245436,-24531842276.296444,-0.062180,0.062096,0.001422,-1.201579,0.000976
1164643.594000,396820,70,2,-0.000000,-0.000004,-0.000000,0.080787,-0.137539,0.138256,0.275795,-1760114032.878616,-0.069764,0.069794,0.001399,-1.201656,0.000976
1502890.835000,396820,70,2,-0.000000,-0.000007,-0.000000,0.090166,-0.153374,0.154430,0.307803,-46165124440.851128,-0.078091,0.077993,0.002486,-1.201179,0.000976
1972606.801000,396820,70,2,0.000000,-0.000067,0.000000,0.101374,-0.172346,0.173561,0.345907,2471597894.282901,-0.087675,0.087582,0.002476,-1.201506,0.000976
1587267.614000,354610,70,2,-0.000000,0.000043,-0.000000,0.101052,-0.173214,0.172146,0.345360,-1567833946.650308,-0.087416,0.087227,-0.002730,-1.200512,0.000976
9535.706656,396820,70,2,0.000000,0.000000,0.000000,0.008925,-0.015371,0.015261,0.030633,253877103.938376,-0.007703,0.007706,-0.003861,-1.198255,0.000976
19871.756990,396820,70,2,0.000000,0.000000,0.000000,0.012809,-0.022054,0.021889,0.043943,104094928.816310,-0.011049,0.011072,-0.003835,-1.198499,0.000976
25903.968960,396820,70,2,-0.000000,-0.000000,-0.000000,0.014548,-0.025044,0.024863,0.049907,-1862206751.364413,-0.012552,0.012560,-0.003879,-1.198333,0.000976
32611.945250,396820,70,2,0.000000,0.000000,0.000000,0.016196,-0.027879,0.027670,0.055548,312913367.007674,-0.013959,0.014014,-0.003835,-1.198355,0.000976
41382.323800,396820,70,2,0.000000,0.000000,0.000000,0.018109,-0.031158,0.030941,0.062099,713216392.712943,-0.015629,0.015644,-0.003443,-1.198585,0.000976
52886.418940,396820,70,2,0.000000,0.000000,0.000000,0.020292,-0.034902,0.034659,0.069562,519479938.662668,-0.017495,0.017550,-0.003340,-1.198752,0.000976
239013.633500,396820,70,2,-0.000000,0.000015,-0.000000,0.040655,-0.069694,0.069335,0.139029,-2448870413.154367,-0.035168,0.035125,-0.001695,-1.200700,0.000976
519309.139100,396820,70,2,0.000000,0.000000,0.000000,0.057155,-0.097861,0.097383,0.195243,29263526587.426502,-0.049365,0.049446,-0.001597,-1.201170,0.000976
888296.594700,396820,70,2,-0.000000,-0.000000,-0.000000,0.071929,-0.123108,0.122489,0.245598,-24551976567.566978,-0.062157,0.062291,-0.001292,-1.201535,0.000976
1163294.243000,396820,70,2,0.000000,0.000000,0.000000,0.080873,-0.138363,0.137673,0.276036,16562818746.145164,-0.069863,0.070027,-0.001384,-1.201872,0.000976
1505892.074000,396820,70,2,0.000000,0.000000,0.000000,0.090322,-0.154599,0.153680,0.308279,8408184062.970360,-0.078121,0.078127,-0.002139,-1.201321,0.000976
1978770.733000,396820,70,2,-0.000000,-0.000000,-0.000000,0.101625,-0.173908,0.172808,0.346716,-104066184906.408951,-0.087840,0.087949,-0.002504,-1.201471,0.000976
4670.275153,50060,70,3,0.000000,-0.000122,0.000000,0.037090,-0.060356,0.060931,0.121287,949504151.981875,-0.034650,0.034739,0.011491,-1.330736,0.000976
6348.731860,50060,70,3,-0.000000,-0.000122,-0.000000,0.041892,-0.068149,0.068804,0.136953,-893688691.528626,-0.039190,0.039220,0.011143,-1.331467,0.000976
11301.516500,50060,70,3,-0.000000,-0.000129,-0.000000,0.052537,-0.085574,0.086269,0.171842,-13449497950.799105,-0.049092,0.049228,0.009899,-1.330159,0.000976
15514.957400,50060,70,3,0.000000,-0.000129,0.000000,0.059442,-0.096877,0.097651,0.194528,6086876158.376548,-0.055585,0.055512,0.009653,-1.329582,0.000976
38955.027980,50060,70,3,0.000000,-0.000491,0.000000,0.083229,-0.135181,0.136716,0.271897,85222609382.015274,-0.077933,0.077889,0.014281,-1.331624,0.000976
75606.535830,50060,70,3,-0.000000,-0.000328,-0.000000,0.105897,-0.172295,0.173848,0.346143,-27109748343.710590,-0.099057,0.099191,0.011256,-1.330359,0.000976
106434.145100,50060,70,3,0.000000,-0.000256,0.000000,0.119106,-0.193956,0.195689,0.389644,24393169755.601562,-0.111305,0.111159,0.010719,-1.329287,0.000976
144664.083400,50060,70,3,0.000000,-0.000332,0.000000,0.133731,-0.217731,0.219737,0.437468,4564700916.076790,-0.124856,0.124781,0.011035,-1.329160,0.000976
198002.417200,50070,70,3,-0.000000,-0.000875,-0.000000,0.149958,-0.244051,0.246534,0.490584,-3893373380053802.000000,-0.140418,0.140140,0.011903,-1.329515,0.000976
266784.308500,50060,70,3,0.000000,-0.000484,0.000000,0.166337,-0.270250,0.272867,0.543117,21290912792.349163,-0.155814,0.155700,0.011718,-1.331686,0.000976
4370.549487,56150,70,3,-0.000000,-0.000001,-0.000000,0.033039,-0.053734,0.054099,0.107832,-1127714449.213195,-0.030963,0.030931,0.007637,-1.330166,0.000976
5878.453940,56170,70,3,0.000000,-0.000110,0.000000,0.037254,-0.060635,0.061059,0.121694,1412894817.731107,-0.034820,0.034813,0.008058,-1.330357,0.000976
13914.372110,56160,70,3,0.000000,-0.000167,0.000000,0.052746,-0.085948,0.086437,0.172385,4154756461.539737,-0.049343,0.049270,0.006838,-1.328607,0.000976
18699.878020,56160,70,3,0.000000,-0.000186,0.000000,0.059221,-0.096471,0.097077,0.193548,2021410949.404620,-0.055317,0.055331,0.007685,-1.328426,0.000976
26479.891440,56160,70,3,-0.000000,-0.000198,-0.000000,0.067172,-0.109461,0.110199,0.219661,-2451857597042846.500000,-0.062651,0.062822,0.007492,-1.327835,0.000976
34743.207130,56160,70,3,-0.000000,-0.000363,-0.000000,0.074215,-0.120492,0.121574,0.242067,-3799796632.342452,-0.069400,0.069510,0.011251,-1.330553,0.000976
66275.277400,56160,70,3,-0.000000,-0.000400,-0.000000,0.094318,-0.153303,0.154472,0.307775,-3714662892.681295,-0.088272,0.088121,0.009449,-1.330403,0.000976
92360.676450,56170,70,3,0.000000,-0.000310,0.000000,0.105929,-0.172459,0.173737,0.346197,6380650202.569623,-0.098890,0.099164,0.009012,-1.328499,0.000976
125720.003500,56170,70,3,0.000000,-0.000310,0.000000,0.119052,-0.193738,0.195241,0.388979,9377579683.806658,-0.111217,0.111398,0.009131,-1.328994,0.000976
171241.780300,56170,70,3,0.000000,-0.000302,0.000000,0.133465,-0.217150,0.218952,0.436102,136680347522.903992,-0.124691,0.124913,0.009260,-1.328745,0.000976
231069.160600,56160,70,3,-0.000000,-0.000375,-0.000000,0.148106,-0.240540,0.242333,0.482873,-37915615261.460197,-0.138935,0.138325,0.008790,-1.331645,0.000976
313665.568800,56160,70,3,0.000000,-0.000384,0.000000,0.166887,-0.271243,0.272952,0.544195,21361430354.722355,-0.156165,0.155882,0.007306,-1.331642,0.000976
3392.368827,70760,70,3,-0.000000,-0.000010,-0.000000,0.026270,-0.042797,0.043077,0.085873,-584784334.603105,-0.024587,0.024587,0.007065,-1.328297,0.000976
4511.644765,70770,70,3,0.000000,-0.000075,0.000000,0.029650,-0.048312,0.048655,0.096968,632537728.269390,-0.027725,0.027641,0.006782,-1.328597,0.000976
14095.486100,70760,70,3,-0.000000,-0.000000,-0.000000,0.046938,-0.076552,0.077003,0.153555,-5340477373.535078,-0.043892,0.043772,0.005567,-1.327335,0.000976
19874.382030,70760,70,3,-0.000000,-0.000000,-0.000000,0.053356,-0.087036,0.087637,0.174673,-6829571622.212377,-0.049796,0.049765,0.006096,-1.326347,0.000976
35819.127510,70750,70,3,0.000000,-0.000139,0.000000,0.066479,-0.108126,0.108924,0.217049,17018428912.868532,-0.062319,0.062118,0.008104,-1.329470,0.000976
49846.442820,70760,70,3,-0.000000,-0.000000,-0.000000,0.074943,-0.121947,0.122802,0.244750,-2646251676.311094,-0.070199,0.069981,0.007141,-1.329716,0.000976
68152.674170,70760,70,3,-0.000000,-0.000027,-0.000000,0.084213,-0.137205,0.138149,0.275354,-10779278732.432241,-0.078813,0.078554,0.007227,-1.327538,0.000976
93169.946340,70760,70,3,0.000000,-0.000101,0.000000,0.094612,-0.154069,0.155184,0.309253,3125257895.544060,-0.088594,0.088286,0.007203,-1.328233,0.000976
127311.060300,70760,70,3,0.000000,-0.000053,0.000000,0.106213,-0.172922,0.174206,0.347128,5724311448.807905,-0.099452,0.099141,0.007200,-1.328306,0.000976
173287.753900,70770,70,3,-0.000000,-0.000335,-0.000000,0.117609,-0.191255,0.192683,0.383938,-7527006145.011592,-0.110310,0.109852,0.007629,-1.330772,0.000976
239933.040700,70760,70,3,0.000000,-0.000176,0.000000,0.132824,-0.216098,0.217458,0.433556,10462463988.541021,-0.124292,0.124140,0.005972,-1.330075,0.000976
325434.061400,70760,70,3,-0.000000,-0.000336,-0.000000,0.149444,-0.243274,0.244632,0.487906,-76517000552.439209,-0.139873,0.139627,0.005239,-1.330052,0.000976
436638.969900,70770,70,3,0.000000,-0.000274,0.000000,0.167357,-0.272624,0.274244,0.546868,13182768368.184738,-0.156518,0.156511,0.005807,-1.328752,0.000976
2981.141413,79410,70,3,-0.000000,-0.000078,-0.000000,0.023335,-0.037969,0.038253,0.076222,-246343857.230118,-0.021793,0.021797,0.007930,-1.327266,0.000976
5323.977862,79410,70,3,-0.000000,-0.000040,-0.000000,0.029831,-0.048595,0.048940,0.097535,-500768564.448255,-0.027836,0.027790,0.007537,-1.326026,0.000976
6987.189185,79410,70,3,0.000000,-0.000083,0.000000,0.033069,-0.053835,0.054224,0.108059,1472293020.249774,-0.030918,0.030861,0.008013,-1.326840,0.000976
9503.963765,79410,70,3,0.000000,-0.000055,0.000000,0.037392,-0.060916,0.061321,0.122237,671743147.566685,-0.034965,0.034810,0.006977,-1.326197,0.000976
12607.931930,79410,70,3,-0.000000,-0.000056,-0.000000,0.041758,-0.068024,0.068507,0.136530,-7126651854.772798,-0.039030,0.038874,0.007502,-1.325843,0.000976
43013.718610,79410,70,3,0.000000,-0.000270,0.000000,0.066696,-0.108372,0.109268,0.217641,2069597993.312912,-0.062299,0.062209,0.009404,-1.328560,0.000976
59138.575870,79410,70,3,-0.000000,-0.000300,-0.000000,0.075041,-0.122100,0.123062,0.245163,-10977401886.752501,-0.070105,0.070030,0.008937,-1.326169,0.000976
109614.057200,79410,70,3,-0.000000,-0.000277,-0.000000,0.094448,-0.153595,0.154832,0.308427,-19343010581.951824,-0.088220,0.088140,0.008498,-1.327325,0.000976
281227.129100,79410,70,3,-0.000000,-0.000270,-0.000000,0.133007,-0.216174,0.217740,0.433914,-68100902753.441536,-0.124232,0.124170,0.007111,-1.329116,0.000976
381135.355400,79410,70,3,0.000000,-0.000274,0.000000,0.148823,-0.241997,0.243607,0.485604,10159703385.631210,-0.139053,0.138989,0.006898,-1.328427,0.000976
2659.262459,89210,70,3,0.000000,-0.000037,0.000000,0.020764,-0.033759,0.034062,0.067821,664440120.912044,-0.019422,0.019336,0.009501,-1.325998,0.000976
3575.229276,89210,70,3,0.000000,-0.000044,0.000000,0.023466,-0.038138,0.038498,0.076636,12014593497.808315,-0.021949,0.021858,0.009817,-1.326506,0.000976
4818.024386,89210,70,3,-0.000000,-0.000050,-0.000000,0.026570,-0.043262,0.043620,0.086882,-2092924545.161561,-0.024760,0.024795,0.009090,-1.324450,0.000976
6202.235429,89210,70,3,-0.000000,-0.000038,-0.000000,0.029375,-0.047800,0.048170,0.095970,-477464545.023938,-0.027464,0.027378,0.008573,-1.325698,0.000976
8340.162608,89210,70,3,-0.000000,-0.000034,-0.000000,0.033183,-0.054006,0.054438,0.108444,-1061856343.334222,-0.030977,0.030958,0.008532,-1.325362,0.000976
11215.151780,89210,70,3,-0.000000,-0.000045,-0.000000,0.037250,-0.060650,0.061141,0.121790,-12714678711.763813,-0.034695,0.034756,0.008535,-1.324522,0.000976
27241.869820,89210,70,3,0.000000,-0.000066,0.000000,0.052515,-0.085255,0.086025,0.171281,1120324505.520211,-0.049078,0.049050,0.009846,-1.328440,0.000976
37679.856520,89210,70,3,0.000000,-0.000175,0.000000,0.059255,-0.096252,0.097059,0.193312,4667459341.450336,-0.055357,0.055301,0.009177,-1.327579,0.000976
51223.362830,89210,70,3,0.000000,-0.000104,0.000000,0.066600,-0.108298,0.109204,0.217502,6199863998.140905,-0.062264,0.061997,0.009087,-1.325930,0.000976
69858.195560,89210,70,3,0.000000,-0.000093,0.000000,0.074789,-0.121565,0.122588,0.244153,7658366911.479310,-0.069928,0.069634,0.009131,-1.326604,0.000976
95794.215630,89210,70,3,-0.000000,-0.000177,-0.000000,0.084011,-0.136506,0.137712,0.274218,-4527775720.215001,-0.078549,0.078209,0.009220,-1.327012,0.000976
129971.003900,89210,70,3,-0.000000,-0.000310,-0.000000,0.093042,-0.151042,0.152242,0.303284,-47636296079.267960,-0.087088,0.086977,0.008107,-1.328669,0.000976
245737.838500,89210,70,3,0.000000,-0.000438,0.000000,0.118265,-0.192173,0.193548,0.385721,4325102986.367603,-0.110458,0.110222,0.007447,-1.327935,0.000976
449533.391700,89210,70,3,-0.000000,-0.000478,-0.000000,0.148868,-0.241977,0.243771,0.485749,-21777314894.985321,-0.139179,0.138731,0.007723,-1.327473,0.000976
607636.984000,89210,70,3,0.000000,-0.000451,0.000000,0.167206,-0.271736,0.273763,0.545499,17121872710.193686,-0.156343,0.155795,0.007593,-1.327537,0.000976
2582.072483,99970,70,3,0.000000,-0.000036,0.000000,0.018576,-0.030236,0.030579,0.060815,221179216.654243,-0.017387,0.017292,0.009551,-1.325994,0.000976
3245.138464,99970,70,3,-0.000000,-0.000086,-0.000000,0.021001,-0.034160,0.034577,0.068737,-391002964.704791,-0.019662,0.019542,0.011663,-1.325997,0.000976
4422.710038,99980,70,3,-0.000000,-0.000029,-0.000000,0.023734,-0.038697,0.039101,0.077798,-4050662992.121019,-0.022120,0.022099,0.009695,-1.323565,0.000976
5675.479516,99970,70,3,0.000000,-0.000074,0.000000,0.026305,-0.042840,0.043291,0.086131,961993547.407435,-0.024546,0.024501,0.009666,-1.325420,0.000976
7698.953029,99970,70,3,0.000000,-0.000096,0.000000,0.029673,-0.048341,0.048859,0.097201,7596238450.421628,-0.027665,0.027642,0.010131,-1.324602,0.000976
18668.091150,99980,70,3,-0.000000,-0.000174,-0.000000,0.041752,-0.067826,0.068675,0.136501,-1526947067.325271,-0.039023,0.039026,0.012318,-1.327441,0.000976
24753.620210,99970,70,3,-0.000000,-0.000093,-0.000000,0.047044,-0.076474,0.077292,0.153765,-4014385995.694385,-0.043987,0.043943,0.010333,-1.327863,0.000976
33608.306560,99970,70,3,-0.000000,-0.000074,-0.000000,0.052954,-0.086113,0.087018,0.173130,-10845009503.843771,-0.049554,0.049450,0.009625,-1.327444,0.000976
46050.483200,99970,70,3,0.000000,-0.000086,0.000000,0.059606,-0.097042,0.098050,0.195092,3390929467.416940,-0.055725,0.055479,0.009375,-1.325695,0.000976
62445.807830,99970,70,3,0.000000,-0.000120,0.000000,0.066914,-0.108869,0.110030,0.218898,8565024133.455770,-0.062604,0.062385,0.009888,-1.326501,0.000976
85424.186350,99970,70,3,-0.000000,-0.000148,-0.000000,0.075156,-0.122199,0.123625,0.245823,-5919982432.335169,-0.070349,0.070091,0.010112,-1.326450,0.000976
115258.812200,99980,70,3,-0.000000,-0.000245,-0.000000,0.083183,-0.135129,0.136519,0.271648,-85177730129.475311,-0.077975,0.077624,0.009024,-1.328933,0.000976
159123.128500,99970,70,3,0.000000,-0.000160,0.000000,0.093791,-0.152453,0.153912,0.306366,4573441667.011838,-0.087816,0.087695,0.007816,-1.328502,0.000976
215807.949300,99970,70,3,0.000000,-0.000086,0.000000,0.105692,-0.171807,0.173574,0.345381,10822876357.097368,-0.098872,0.098580,0.008518,-1.327456,0.000976
397841.969000,99970,70,3,-0.000000,-0.000076,-0.000000,0.132958,-0.216183,0.218361,0.434544,-136131851532.384842,-0.124388,0.123964,0.008199,-1.327273,0.000976
538018.303000,99970,70,3,0.000000,-0.000077,0.000000,0.149415,-0.242890,0.245362,0.488252,19125220794.371864,-0.139871,0.139340,0.008196,-1.327669,0.000976
704460.259900,99970,70,3,0.000000,-0.000713,0.000000,0.165070,-0.267842,0.271184,0.539025,8049121675.261278,-0.154555,0.153734,0.010914,-1.328039,0.000976
2403.863613,112170,70,3,0.000000,-0.000087,0.000000,0.016627,-0.027023,0.027330,0.054353,144284354.047486,-0.015529,0.015452,0.011360,-1.325289,0.000976
3106.352951,112180,70,3,0.000000,-0.000104,0.000000,0.018730,-0.030405,0.030767,0.061173,737687418.141412,-0.017510,0.017421,0.012826,-1.326242,0.000976
5391.971643,112170,70,3,0.000000,-0.000090,0.000000,0.023551,-0.038282,0.038694,0.076976,893203791.454024,-0.022007,0.021888,0.010952,-1.325369,0.000976
9351.279867,112180,70,3,0.000000,-0.000124,0.000000,0.029650,-0.048217,0.048718,0.096934,892999163.843574,-0.027650,0.027622,0.011123,-1.324673,0.000976
17325.913100,112180,70,3,0.000000,-0.000080,0.000000,0.037303,-0.060519,0.061137,0.121655,537996952.200630,-0.034894,0.034855,0.010540,-1.328528,0.000976
57003.112720,112170,70,3,-0.000000,-0.000234,-0.000000,0.059881,-0.097292,0.098312,0.195604,-5574367167.260665,-0.055850,0.055897,0.010302,-1.326061,0.000976
103746.624000,112170,70,3,0.000000,-0.000245,0.000000,0.074470,-0.120737,0.122013,0.242749,3177370733.425782,-0.069723,0.069546,0.009994,-1.329848,0.000976
141969.243500,112170,70,3,0.000000,-0.000246,0.000000,0.083904,-0.136117,0.137450,0.273568,21479685739.873466,-0.078608,0.078342,0.009429,-1.329001,0.000976
192789.158300,112170,70,3,0.000000,-0.000210,0.000000,0.094522,-0.153397,0.154917,0.308314,19357793516.684948,-0.088403,0.088288,0.008830,-1.328250,0.000976
261347.257200,112170,70,3,-0.000000,-0.000239,-0.000000,0.105732,-0.171673,0.173314,0.344987,-108264995382.955307,-0.098929,0.098731,0.008508,-1.327405,0.000976
355322.254100,112170,70,3,0.000000,-0.000397,0.000000,0.118976,-0.193134,0.195139,0.388273,40610972139.676605,-0.111077,0.111135,0.009666,-1.327021,0.000976
481686.995600,112170,70,3,-0.000000,-0.000329,-0.000000,0.133576,-0.216853,0.219036,0.435889,-8046051046.096889,-0.124907,0.124589,0.008957,-1.327440,0.000976
631405.737200,112180,70,3,0.000000,-0.000650,0.000000,0.147612,-0.239144,0.241951,0.481095,2963819618.828015,-0.138244,0.137627,0.011375,-1.328482,0.000976
2297.048788,125920,70,3,0.000000,-0.000073,0.000000,0.014785,-0.024018,0.024363,0.048382,302793816.230678,-0.013835,0.013747,0.013262,-1.325262,0.000976
3018.313103,125920,70,3,-0.000000,-0.000105,-0.000000,0.016711,-0.027143,0.027543,0.054686,-777831600.722855,-0.015620,0.015518,0.013964,-1.324855,0.000976
5045.437434,125930,70,3,-0.000000,-0.000066,-0.000000,0.020918,-0.034021,0.034454,0.068475,-396675555.068663,-0.019541,0.019497,0.012120,-1.324671,0.000976
8852.609523,125920,70,3,0.000000,-0.000136,0.000000,0.026377,-0.042898,0.043472,0.086370,3376206738.086644,-0.024589,0.024527,0.012582,-1.323913,0.000976
12053.529940,125920,70,3,0.000000,-0.000155,0.000000,0.030004,-0.048812,0.049507,0.098319,960131510.339813,-0.027966,0.027931,0.013151,-1.322536,0.000976
16078.289300,125920,70,3,-0.000000,-0.000144,-0.000000,0.033220,-0.053903,0.054606,0.108509,-1700884566.852592,-0.031059,0.030970,0.012323,-1.327718,0.000976
21606.504710,125920,70,3,0.000000,-0.000118,0.000000,0.037479,-0.060819,0.061625,0.122445,38378790463.471535,-0.035039,0.034980,0.011965,-1.327333,0.000976
28910.049220,125920,70,3,0.000000,-0.000113,0.000000,0.042144,-0.068435,0.069283,0.137717,3319692718.246923,-0.039417,0.039337,0.010767,-1.327099,0.000976
38411.025020,125920,70,3,-0.000000,-0.000114,-0.000000,0.047391,-0.077047,0.077979,0.155026,-866570236.923018,-0.044309,0.044047,0.010746,-1.324902,0.000976
51454.207300,125930,70,3,-0.000000,-0.000299,-0.000000,0.053277,-0.086520,0.087644,0.174164,-974202899.169966,-0.049746,0.049613,0.011287,-1.325988,0.000976
69211.346660,125920,70,3,-0.000000,-0.000137,-0.000000,0.059736,-0.097026,0.098275,0.195302,-2548730792.633637,-0.055871,0.055563,0.010754,-1.326043,0.000976
128196.542800,125920,70,3,-0.000000,-0.000122,-0.000000,0.074641,-0.121101,0.122535,0.243636,-3821622889.155994,-0.069787,0.069738,0.009716,-1.327932,0.000976
172388.443000,125920,70,3,0.000000,-0.000164,0.000000,0.084078,-0.136426,0.138057,0.274483,3074857012.834793,-0.078641,0.078330,0.009876,-1.327711,0.000976
233661.555100,125920,70,3,0.000000,-0.000090,0.000000,0.094120,-0.152800,0.154590,0.307390,2350701726.602115,-0.087997,0.087558,0.009192,-1.326750,0.000976
314733.564300,125920,70,3,0.000000,-0.000170,0.000000,0.105827,-0.171739,0.173836,0.345575,9851579787.904242,-0.099014,0.098473,0.009647,-1.327138,0.000976
561955.295300,125920,70,3,-0.000000,-0.000552,-0.000000,0.131445,-0.212898,0.215991,0.428889,-2206553685.269807,-0.123072,0.122427,0.012029,-1.328025,0.000976
1022796.487000,125920,70,3,-0.000000,-0.000726,-0.000000,0.166659,-0.269866,0.273664,0.543530,-7419906825.716755,-0.156054,0.155175,0.011691,-1.328423,0.000976
2318.605280,141270,70,3,0.000000,-0.000048,0.000000,0.013118,-0.021318,0.021616,0.042934,433326605.513464,-0.012240,0.012233,0.013229,-1.324858,0.000976
3055.308447,141270,70,3,-0.000000,-0.000049,-0.000000,0.014795,-0.024038,0.024375,0.048413,-409467559.295940,-0.013800,0.013791,0.013823,-1.325192,0.000976
5086.971048,141270,70,3,0.000000,-0.000079,0.000000,0.018553,-0.030147,0.030564,0.060711,759938283.597297,-0.017313,0.017302,0.013552,-1.325028,0.000976
15488.499940,141270,70,3,-0.000000,-0.000149,-0.000000,0.029441,-0.047783,0.048408,0.096191,-3768476544.697453,-0.027547,0.027410,0.012250,-1.327098,0.000976
20711.289190,141270,70,3,0.000000,-0.000148,0.000000,0.033184,-0.053851,0.054531,0.108382,5663424884.534026,-0.031036,0.030936,0.011595,-1.327802,0.000976
27577.324560,141280,70,3,-0.000000,-0.000122,-0.000000,0.037351,-0.060608,0.061377,0.121985,-38247815087.633331,-0.034932,0.034897,0.011482,-1.327648,0.000976
48102.999970,141280,70,3,0.000000,-0.000110,0.000000,0.047240,-0.076710,0.077684,0.154394,4837369533.543553,-0.044095,0.043988,0.011049,-1.325775,0.000976
63742.578670,141270,70,3,-0.000000,-0.000236,-0.000000,0.052941,-0.085944,0.087098,0.173042,-6776442784.406416,-0.049354,0.049387,0.011713,-1.326066,0.000976
85862.877950,141270,70,3,-0.000000,-0.000193,-0.000000,0.058737,-0.095210,0.096507,0.191717,-2004888570.003880,-0.054943,0.054708,0.011022,-1.327807,0.000976
114964.778800,141270,70,3,0.000000,-0.000224,0.000000,0.066142,-0.107217,0.108604,0.215821,5209959069.439320,-0.061916,0.061696,0.010509,-1.328483,0.000976
281391.689800,141270,70,3,0.000000,-0.000353,0.000000,0.093872,-0.152253,0.154300,0.306553,2403128502.158995,-0.087594,0.087612,0.010518,-1.326785,0.000976
381031.364800,141270,70,3,-0.000000,-0.000365,-0.000000,0.105402,-0.170971,0.173178,0.344149,-10793130278.817045,-0.098283,0.098452,0.009874,-1.327049,0.000976
679179.600100,141270,70,3,-0.000000,-0.000687,-0.000000,0.131353,-0.212661,0.215739,0.428400,-13450573893.532093,-0.122751,0.122556,0.011404,-1.328220,0.000976
1218409.372000,141270,70,3,-0.000000,-0.000648,-0.000000,0.166390,-0.269366,0.273254,0.542620,-24340776159.753719,-0.155414,0.155197,0.011942,-1.328206,0.000976
2389.492111,158750,70,3,-0.000000,-0.000076,-0.000000,0.011804,-0.019133,0.019437,0.038570,-165585963.236869,-0.011028,0.010989,0.015016,-1.326652,0.000976
3073.773027,158750,70,3,0.000000,-0.000074,0.000000,0.013336,-0.021614,0.021972,0.043585,158797116.191273,-0.012463,0.012412,0.015900,-1.326309,0.000976
6805.282239,158750,70,3,-0.000000,-0.000101,-0.000000,0.018885,-0.030645,0.031110,0.061755,-292999644.628205,-0.017660,0.017602,0.013887,-1.325259,0.000976
8669.308196,158740,70,3,-0.000000,-0.000090,-0.000000,0.021167,-0.034357,0.034872,0.069229,-1032161373.580444,-0.019738,0.019699,0.014131,-1.325006,0.000976
11642.840350,158750,70,3,-0.000000,-0.000180,-0.000000,0.023950,-0.038866,0.039504,0.078369,-570354538.441780,-0.022354,0.022234,0.014832,-1.323842,0.000976
15409.906820,158740,70,3,0.000000,-0.000168,0.000000,0.026490,-0.042911,0.043510,0.086421,404861535.270716,-0.024819,0.024698,0.012366,-1.328586,0.000976
20429.494470,158740,70,3,-0.000000,-0.000151,-0.000000,0.029832,-0.048352,0.048972,0.097324,-5091285189.185644,-0.027924,0.027847,0.010924,-1.328610,0.000976
47051.795630,158750,70,3,-0.000000,-0.000143,-0.000000,0.042443,-0.068828,0.069740,0.138567,-1174650600.874945,-0.039636,0.039521,0.010901,-1.327222,0.000976
109729.832200,158740,70,3,0.000000,-0.000273,0.000000,0.059614,-0.096505,0.097805,0.194310,8720695256.258009,-0.055823,0.055672,0.010182,-1.329160,0.000976
146544.523600,158750,70,3,-0.000000,-0.000176,-0.000000,0.067002,-0.108497,0.109938,0.218436,-5717492160.247801,-0.062777,0.062478,0.010142,-1.328720,0.000976
196118.016600,158750,70,3,-0.000000,-0.000233,-0.000000,0.075061,-0.121577,0.123172,0.244749,-7686226234.881337,-0.070177,0.069939,0.009924,-1.328322,0.000976
353080.552200,158740,70,3,-0.000000,-0.000485,-0.000000,0.094864,-0.153543,0.155755,0.309298,-2207737740.638134,-0.088788,0.088252,0.010526,-1.328264,0.000976
462595.663000,158750,70,3,0.000000,-0.000599,0.000000,0.104780,-0.169256,0.172032,0.341289,7663937389.789227,-0.098137,0.097757,0.012766,-1.329622,0.000976
627397.964500,158750,70,3,0.000000,-0.000688,0.000000,0.118119,-0.190871,0.193829,0.384700,60474926004.352432,-0.110490,0.110209,0.012377,-1.329569,0.000976
838458.460000,158750,70,3,-0.000000,-0.000741,-0.000000,0.133126,-0.215100,0.218443,0.433543,-22720323123.450653,-0.124550,0.124257,0.011755,-1.329376,0.000976
1502886.084000,158750,70,3,0.000000,-0.000801,0.000000,0.168539,-0.272442,0.276481,0.548923,86292353503.299026,-0.157829,0.157405,0.011545,-1.329123,0.000976
2420.301274,177900,70,3,-0.000000,-0.000066,-0.000000,0.010443,-0.016932,0.017211,0.034143,-96337138.821024,-0.009742,0.009724,0.015320,-1.324754,0.000976
3077.342286,177900,70,3,-0.000000,-0.000085,-0.000000,0.011800,-0.019121,0.019452,0.038573,-100694598.706283,-0.011027,0.010983,0.016378,-1.325483,0.000976
4051.614041,177900,70,3,-0.000000,-0.000070,-0.000000,0.013344,-0.021666,0.021999,0.043665,-13664683976.913063,-0.012426,0.012434,0.013953,-1.323543,0.000976
5092.691207,177900,70,3,0.000000,-0.000082,0.000000,0.014771,-0.023953,0.024330,0.048283,2160764386.025095,-0.013786,0.013759,0.014650,-1.325214,0.000976
6743.202067,177900,70,3,-0.000000,-0.000089,-0.000000,0.016699,-0.027111,0.027510,0.054621,-949985886.007152,-0.015568,0.015569,0.013806,-1.324261,0.000976
8610.663729,177900,70,3,0.000000,-0.000109,0.000000,0.018729,-0.030376,0.030878,0.061253,2397335218.653523,-0.017432,0.017451,0.014837,-1.324011,0.000976
14921.490460,177890,70,3,0.000000,-0.000080,0.000000,0.023466,-0.037994,0.038551,0.076545,546124342.248722,-0.021942,0.021870,0.012546,-1.327915,0.000976
19539.676820,177900,70,3,-0.000000,-0.000098,-0.000000,0.026404,-0.042793,0.043370,0.086164,-819329150.458917,-0.024678,0.024578,0.011824,-1.327476,0.000976
25769.451560,177900,70,3,-0.000000,-0.000080,-0.000000,0.029744,-0.048204,0.048866,0.097070,-1450380677.129438,-0.027773,0.027676,0.011368,-1.327542,0.000976
33995.687970,177900,70,3,0.000000,-0.000203,0.000000,0.033548,-0.054393,0.055187,0.109580,1108166145.162797,-0.031311,0.031271,0.011791,-1.325734,0.000976
58509.532320,177900,70,3,-0.000000,-0.000171,-0.000000,0.042217,-0.068386,0.069436,0.137822,-10807514945.400204,-0.039429,0.039320,0.012068,-1.326742,0.000976
75604.374870,177900,70,3,0.000000,-0.000155,0.000000,0.046725,-0.075608,0.076708,0.152315,1367027243.112665,-0.043783,0.043565,0.012055,-1.328306,0.000976
134482.197300,177900,70,3,-0.000000,-0.000271,-0.000000,0.059329,-0.096030,0.097414,0.193444,-1898514366.481547,-0.055355,0.055283,0.010260,-1.327673,0.000976
180174.332600,177900,70,3,-0.000000,-0.000317,-0.000000,0.066525,-0.107706,0.109231,0.216938,-1310028311.231086,-0.062128,0.062003,0.009761,-1.327350,0.000976
239989.259900,177900,70,3,-0.000000,-0.000200,-0.000000,0.074709,-0.120955,0.122701,0.243656,-2467801297.088594,-0.069789,0.069612,0.010068,-1.326841,0.000976
322357.431400,177900,70,3,-0.000000,-0.000103,-0.000000,0.083965,-0.135834,0.137902,0.273736,-14329901636.586388,-0.078499,0.078172,0.010430,-1.327234,0.000976
753439.531200,177900,70,3,-0.000000,-0.000606,-0.000000,0.117620,-0.190006,0.193126,0.383132,-20073921776.318146,-0.110042,0.109594,0.012666,-1.328199,0.000976
1007982.719000,177900,70,3,0.000000,-0.000491,0.000000,0.132456,-0.214059,0.217380,0.431439,6458781491.639981,-0.123957,0.123498,0.011259,-1.328148,0.000976
1345783.438000,177900,70,3,-0.000000,-0.000552,-0.000000,0.149205,-0.241189,0.244839,0.486028,-19098186328.841820,-0.139265,0.139243,0.010987,-1.328017,0.000976
2547.585697,199190,70,3,0.000000,-0.000058,0.000000,0.009341,-0.015141,0.015391,0.030531,80379548.502751,-0.008736,0.008692,0.014642,-1.325937,0.000976
3271.925176,199190,70,3,0.000000,-0.000085,0.000000,0.010541,-0.017071,0.017377,0.034448,112436393.847505,-0.009844,0.009798,0.016944,-1.325750,0.000976
4282.937162,199190,70,3,0.000000,-0.000077,0.000000,0.011965,-0.019407,0.019734,0.039140,3062975994.655534,-0.011159,0.011148,0.014675,-1.324071,0.000976
5342.799339,199190,70,3,0.000000,-0.000090,0.000000,0.013196,-0.021393,0.021734,0.043127,6015264964207220.000000,-0.012310,0.012275,0.014396,-1.325682,0.000976
7033.099519,199190,70,3,-0.000000,-0.000099,-0.000000,0.014943,-0.024236,0.024628,0.048864,-188906095.512012,-0.013917,0.013923,0.014343,-1.324549,0.000976
11817.154130,199190,70,3,0.000000,-0.000114,0.000000,0.018954,-0.030743,0.031269,0.062012,2156507253.625258,-0.017655,0.017639,0.014586,-1.323655,0.000976
15100.450470,199190,70,3,-0.000000,-0.000074,-0.000000,0.020900,-0.033852,0.034348,0.068199,-5350405216.466676,-0.019520,0.019515,0.011784,-1.327782,0.000976
25961.437780,199180,70,3,-0.000000,-0.000089,-0.000000,0.026595,-0.043080,0.043693,0.086773,-394689473.560320,-0.024883,0.024813,0.011002,-1.327206,0.000976
33988.386770,199190,70,3,-0.000000,-0.000080,-0.000000,0.029923,-0.048518,0.049214,0.097732,-392831516.414971,-0.027959,0.027862,0.011069,-1.326070,0.000976
75296.050580,199190,70,3,-0.000000,-0.000122,-0.000000,0.041795,-0.067550,0.068632,0.136182,-3890712383.826797,-0.039118,0.038888,0.011020,-1.328909,0.000976
97492.126210,199190,70,3,-0.000000,-0.000083,-0.000000,0.047143,-0.076209,0.077390,0.153599,-6034332878.399541,-0.044052,0.043859,0.010779,-1.328765,0.000976
170456.656600,199190,70,3,-0.000000,-0.000097,-0.000000,0.059429,-0.096167,0.097604,0.193771,-12170925764.442743,-0.055585,0.055297,0.009699,-1.327233,0.000976
226240.720000,199190,70,3,0.000000,-0.000107,0.000000,0.066801,-0.108029,0.109732,0.217762,4275300532.492855,-0.062470,0.062212,0.010101,-1.327375,0.000976
391163.445300,199180,70,3,-0.000000,-0.000199,-0.000000,0.082905,-0.133842,0.136217,0.270059,-14149034001.194107,-0.077394,0.077030,0.012217,-1.327704,0.000976
524337.089200,199190,70,3,0.000000,-0.000479,0.000000,0.093419,-0.150756,0.153390,0.304146,15943585783.603174,-0.087445,0.087129,0.012502,-1.329247,0.000976
695389.687200,199180,70,3,-0.000000,-0.000242,-0.000000,0.105096,-0.169663,0.172523,0.342186,-11957556284.917507,-0.098144,0.097674,0.011750,-1.328517,0.000976
925575.983500,199180,70,3,0.000000,-0.000421,0.000000,0.118467,-0.191234,0.194376,0.385610,2231634604340387.250000,-0.110652,0.110375,0.011377,-1.328918,0.000976
1233037.410000,199190,70,3,-0.000000,-0.000670,-0.000000,0.133325,-0.215255,0.218851,0.434106,-17065589934.036594,-0.124412,0.124423,0.011375,-1.328041,0.000976
3332.665986,224200,70,3,0.000000,-0.000063,0.000000,0.009373,-0.015178,0.015436,0.030614,228511785.308477,-0.008757,0.008730,0.015039,-1.327308,0.000976
4352.486725,224200,70,3,-0.000000,-0.000070,-0.000000,0.010639,-0.017239,0.017543,0.034782,-363152035.208873,-0.009912,0.009929,0.015087,-1.325236,0.000976
5401.770121,224200,70,3,0.000000,-0.000083,0.000000,0.011761,-0.019050,0.019362,0.038411,250892685.494891,-0.010962,0.010972,0.014263,-1.327235,0.000976
9001.372879,224200,70,3,0.000000,-0.000102,0.000000,0.014901,-0.024144,0.024554,0.048698,214916925.365481,-0.013871,0.013908,0.014279,-1.325900,0.000976
15046.389340,224190,70,3,-0.000000,-0.000078,-0.000000,0.018597,-0.030070,0.030544,0.060614,-1360206227.492768,-0.017397,0.017338,0.012473,-1.330214,0.000976
25533.444740,224200,70,3,-0.000000,-0.000060,-0.000000,0.023663,-0.038299,0.038862,0.077161,-2423096456.661402,-0.022074,0.022043,0.010181,-1.328898,0.000976
42990.609220,224200,70,3,-0.000000,-0.000085,-0.000000,0.029855,-0.048329,0.049062,0.097391,-576821103.259860,-0.027856,0.027848,0.010995,-1.327972,0.000976
55866.928090,224200,70,3,0.000000,-0.000087,0.000000,0.033470,-0.054157,0.055010,0.109166,469495894.981809,-0.031233,0.031203,0.011036,-1.328270,0.000976
72390.883080,224200,70,3,-0.000000,-0.000083,-0.000000,0.037080,-0.059930,0.060822,0.120752,-1406307062.726795,-0.034725,0.034551,0.009660,-1.330633,0.000976
122459.762400,224200,70,3,0.000000,-0.000073,0.000000,0.047055,-0.076072,0.077176,0.153248,3441736799.163031,-0.043921,0.043922,0.008786,-1.329704,0.000976
161078.057400,224200,70,3,-0.000000,-0.000094,-0.000000,0.052737,-0.085262,0.086531,0.171793,-5400278138.173514,-0.049262,0.049180,0.008829,-1.329090,0.000976
213569.811800,224200,70,3,-0.000000,-0.000196,-0.000000,0.059337,-0.095844,0.097405,0.193249,-3038057492.609036,-0.055468,0.055324,0.009903,-1.329042,0.000976
366513.798200,224200,70,3,-0.000000,-0.000324,-0.000000,0.073764,-0.118831,0.121085,0.239916,-12589067701.138517,-0.068971,0.068878,0.012752,-1.330762,0.000976
489208.645200,224200,70,3,-0.000000,-0.000364,-0.000000,0.082989,-0.133812,0.136132,0.269944,-21245206098.673481,-0.077584,0.077489,0.011008,-1.330719,0.000976
646626.944200,224200,70,3,0.000000,-0.000537,0.000000,0.093379,-0.150524,0.153166,0.303690,7355350613.127238,-0.087307,0.087218,0.012303,-1.330516,0.000976
853906.307900,224200,70,3,-0.000000,-0.000325,-0.000000,0.105271,-0.169701,0.172709,0.342410,-3925014497360433.000000,-0.098261,0.098317,0.011862,-1.330107,0.000976
1132150.463000,224200,70,3,-0.000000,-0.000360,-0.000000,0.118463,-0.191013,0.194395,0.385407,-15163366954.615244,-0.110452,0.110650,0.011623,-1.329710,0.000976
2730.708292,251240,70,3,-0.000000,-0.000046,-0.000000,0.007460,-0.012062,0.012278,0.024340,-509302863.897735,-0.006965,0.006937,0.015226,-1.328175,0.000976
3507.140681,251240,70,3,-0.000000,-0.000049,-0.000000,0.008425,-0.013618,0.013854,0.027472,-616206198.453447,-0.007872,0.007840,0.014718,-1.328890,0.000976
4530.715296,251240,70,3,-0.000000,-0.000059,-0.000000,0.009524,-0.015428,0.015678,0.031106,-81956656.032989,-0.008879,0.008866,0.013755,-1.326276,0.000976
5645.789046,251240,70,3,0.000000,-0.000063,0.000000,0.010602,-0.017144,0.017443,0.034588,184011040.277415,-0.009909,0.009873,0.014052,-1.327872,0.000976
9307.264942,251240,70,3,-0.000000,-0.000077,-0.000000,0.013357,-0.021611,0.021981,0.043592,-134091296.958090,-0.012483,0.012436,0.013860,-1.327000,0.000976
12216.790790,251240,70,3,0.000000,-0.000081,0.000000,0.015179,-0.024558,0.025001,0.049560,1412985430.453691,-0.014150,0.014151,0.014189,-1.326055,0.000976
15530.682460,251240,70,3,0.000000,-0.000034,0.000000,0.016728,-0.027029,0.027438,0.054466,1427490697.776696,-0.015692,0.015615,0.010718,-1.330900,0.000976
25697.902410,251240,70,3,-0.000000,-0.000027,-0.000000,0.021232,-0.034312,0.034830,0.069142,-749698878.821927,-0.019879,0.019835,0.010087,-1.330053,0.000976
33285.849140,251240,70,3,-0.000000,-0.000027,-0.000000,0.023854,-0.038613,0.039152,0.077765,-469730916.809622,-0.022260,0.022210,0.009504,-1.328409,0.000976
43280.526540,251240,70,3,0.000000,-0.000076,0.000000,0.026858,-0.043406,0.044085,0.087492,3437797569.520227,-0.025085,0.024987,0.010236,-1.329005,0.000976
56071.154840,251240,70,3,-0.000000,-0.000057,-0.000000,0.030088,-0.048629,0.049388,0.098017,-581317878.910432,-0.028113,0.027986,0.009990,-1.329009,0.000976
72012.359410,251240,70,3,-0.000000,-0.000143,-0.000000,0.033351,-0.053802,0.054667,0.108469,-34151374382.223942,-0.031215,0.031141,0.009601,-1.330722,0.000976
93752.510570,251240,70,3,0.000000,-0.000173,0.000000,0.037514,-0.060508,0.061476,0.121984,12804963071.045467,-0.035156,0.034973,0.010373,-1.330954,0.000976
123119.339800,251240,70,3,-0.000000,-0.000122,-0.000000,0.042280,-0.068226,0.069262,0.137488,-1030826552.799003,-0.039608,0.039382,0.008810,-1.330831,0.000976
157907.122600,251240,70,3,0.000000,-0.000190,0.000000,0.047407,-0.076512,0.077699,0.154210,3034053345.472297,-0.044343,0.044159,0.008846,-1.329891,0.000976
208381.553200,251240,70,3,-0.000000,-0.000049,-0.000000,0.053291,-0.085971,0.087368,0.173338,-2021091498.896711,-0.049783,0.049601,0.008957,-1.329783,0.000976
353291.035500,251240,70,3,-0.000000,-0.000343,-0.000000,0.066210,-0.106550,0.108574,0.215124,-8474902898.678956,-0.061910,0.061663,0.012292,-1.330720,0.000976
813923.435700,251240,70,3,-0.000000,-0.000367,-0.000000,0.094598,-0.152246,0.155000,0.307247,-3340271295.812612,-0.088578,0.088196,0.010743,-1.330997,0.000976
1073117.604000,251240,70,3,-0.000000,-0.000465,-0.000000,0.106422,-0.171338,0.174364,0.345702,-7784029667.602972,-0.099495,0.099222,0.010370,-1.330731,0.000976
2905.487167,282480,70,3,0.000000,-0.000038,0.000000,0.006662,-0.010766,0.010959,0.021725,51292163.069995,-0.006241,0.006190,0.014444,-1.327334,0.000976
4758.024861,282480,70,3,-0.000000,-0.000044,-0.000000,0.008504,-0.013761,0.013998,0.027759,-161258486.080712,-0.007932,0.007900,0.013260,-1.324822,0.000976
5920.207166,282480,70,3,0.000000,-0.000047,0.000000,0.009434,-0.015248,0.015511,0.030758,109774612.417295,-0.008804,0.008762,0.012915,-1.327031,0.000976
7644.000243,282480,70,3,0.000000,-0.000055,0.000000,0.010634,-0.017193,0.017492,0.034685,109992796.318148,-0.009933,0.009879,0.013294,-1.325862,0.000976
9668.520873,282480,70,3,-0.000000,-0.000071,-0.000000,0.011906,-0.019241,0.019594,0.038835,-102453612.861428,-0.011101,0.011053,0.013767,-1.325913,0.000976
12638.508560,282480,70,3,0.000000,-0.000062,0.000000,0.013526,-0.021876,0.022273,0.044149,219850022.307915,-0.012605,0.012582,0.013604,-1.324564,0.000976
16030.016030,282480,70,3,0.000000,-0.000026,0.000000,0.014896,-0.024053,0.024440,0.048493,525970253.558603,-0.013920,0.013868,0.010530,-1.328875,0.000976
20661.301590,282480,70,3,-0.000000,-0.000035,-0.000000,0.016812,-0.027148,0.027567,0.054715,-159403167.730700,-0.015713,0.015672,0.009728,-1.329135,0.000976
26492.806920,282480,70,3,-0.000000,-0.000072,-0.000000,0.018894,-0.030528,0.030976,0.061504,-333568860.577945,-0.017650,0.017610,0.008877,-1.328265,0.000976
43543.600260,282480,70,3,-0.000000,-0.000071,-0.000000,0.023857,-0.038563,0.039143,0.077706,-444173562.220564,-0.022278,0.022158,0.009315,-1.327360,0.000976
56187.556200,282480,70,3,0.000000,-0.000044,0.000000,0.026805,-0.043272,0.043980,0.087252,449964561.842597,-0.025071,0.024928,0.009641,-1.328320,0.000976
72132.380230,282480,70,3,0.000000,-0.000095,0.000000,0.029698,-0.047805,0.048664,0.096468,286897552.252177,-0.027814,0.027686,0.010364,-1.330542,0.000976
93595.006020,282490,70,3,0.000000,-0.000102,0.000000,0.033478,-0.053937,0.054837,0.108774,902153766.178306,-0.031399,0.031114,0.009522,-1.330205,0.000976
121211.467800,282480,70,3,-0.000000,-0.000075,-0.000000,0.037619,-0.060648,0.061624,0.122273,-1242640713.531754,-0.035180,0.034944,0.008012,-1.329456,0.000976
264519.435300,282480,70,3,0.000000,-0.000027,0.000000,0.053248,-0.085780,0.087249,0.173029,1112769196.266501,-0.049847,0.049440,0.008910,-1.328925,0.000976
451110.152200,282480,70,3,-0.000000,-0.000249,-0.000000,0.066422,-0.106730,0.108824,0.215554,-68017802084.729767,-0.062244,0.061728,0.010951,-1.330516,0.000976
776606.318100,282480,70,3,-0.000000,-0.000304,-0.000000,0.084173,-0.135296,0.137857,0.273153,-2873111810.300682,-0.078680,0.078268,0.010355,-1.329916,0.000976
1020250.057000,282480,70,3,0.000000,-0.000335,0.000000,0.094744,-0.152343,0.155133,0.307477,12127191360.059767,-0.088532,0.088098,0.009538,-1.329703,0.000976
3859.872715,316460,70,3,0.000000,-0.000024,0.000000,0.006693,-0.010809,0.011009,0.021818,69224270.419690,-0.006247,0.006212,0.013823,-1.326084,0.000976
4948.683292,316460,70,3,0.000000,-0.000024,0.000000,0.007574,-0.012248,0.012473,0.024721,66860583.361750,-0.007071,0.007039,0.013788,-1.324139,0.000976
6116.856927,316460,70,3,0.000000,-0.000026,0.000000,0.008378,-0.013536,0.013773,0.027310,77993312.727540,-0.007816,0.007780,0.012884,-1.325998,0.000976
9941.426325,316460,70,3,-0.000000,-0.000028,-0.000000,0.010593,-0.017127,0.017425,0.034552,-127608556.384885,-0.009879,0.009848,0.012271,-1.325052,0.000976
12878.019520,316460,70,3,-0.000000,-0.000033,-0.000000,0.012004,-0.019408,0.019763,0.039171,-396514328.601723,-0.011204,0.011157,0.012820,-1.324272,0.000976
20913.025170,316470,70,3,0.000000,-0.000020,0.000000,0.014906,-0.024062,0.024445,0.048507,1908015632.207019,-0.013923,0.013838,0.009298,-1.327561,0.000976
34574.710700,316460,70,3,0.000000,-0.000050,0.000000,0.018933,-0.030574,0.031080,0.061654,2423445281.839871,-0.017713,0.017580,0.009316,-1.326460,0.000976
43883.331830,316460,70,3,0.000000,-0.000060,0.000000,0.021251,-0.034309,0.034870,0.069179,946130170.400239,-0.019881,0.019722,0.008728,-1.326902,0.000976
56001.549250,316460,70,3,0.000000,-0.000067,0.000000,0.023817,-0.038439,0.039073,0.077511,420492646.416619,-0.022277,0.022104,0.008936,-1.327088,0.000976
676726.038000,354610,90,2,-0.000000,-0.000000,-0.000000,0.071560,-0.121997,0.122709,0.244705,-14655548563.583269,-0.061969,0.061795,0.002327,-1.200881,0.000976
889610.487000,354610,90,2,-0.000000,-0.000000,-0.000000,0.080390,-0.137005,0.137789,0.274794,-7483598900.747387,-0.069617,0.069420,0.001890,-1.201145,0.000976
1180898.075000,354610,90,2,0.000000,0.000000,0.000000,0.090340,-0.153948,0.154780,0.308729,7116010828.389492,-0.078239,0.078057,0.001667,-1.201369,0.000976
2090589.139000,354610,90,2,-0.000000,-0.000000,-0.000000,0.113253,-0.192739,0.194134,0.386873,-23194253785.518955,-0.097936,0.097755,0.003178,-1.200976,0.000976
2870960.371000,354610,90,2,0.000000,0.000000,0.000000,0.127486,-0.216902,0.218300,0.435202,8159114088.275797,-0.110312,0.110110,0.002375,-1.201453,0.000976
12570.410010,396820,90,2,0.000000,0.000000,0.000000,0.010119,-0.017302,0.017425,0.034727,10362294605.519247,-0.008732,0.008731,0.004116,-1.198348,0.000976
15517.878540,396820,90,2,-0.000000,-0.000016,-0.000000,0.011347,-0.019402,0.019531,0.038933,-352112853.253424,-0.009808,0.009807,0.003632,-1.198362,0.000976
19795.590820,396820,90,2,-0.000000,-0.000005,-0.000000,0.012770,-0.021837,0.021986,0.043823,-181616763.069527,-0.011031,0.011025,0.003418,-1.198039,0.000976
25579.772980,396820,90,2,0.000000,-0.000011,0.000000,0.014475,-0.024741,0.024913,0.049653,260042863.265460,-0.012507,0.012504,0.003340,-1.198501,0.000976
32097.763600,396820,90,2,-0.000000,-0.000004,-0.000000,0.016128,-0.027563,0.027762,0.055325,-220202065.952925,-0.013927,0.013929,0.003784,-1.198409,0.000976
51309.359380,396820,90,2,-0.000000,-0.000021,-0.000000,0.020194,-0.034505,0.034724,0.069229,-1590633244.320840,-0.017477,0.017464,0.003234,-1.198975,0.000976
106507.131200,396820,90,2,0.000000,0.000000,0.000000,0.028577,-0.048803,0.049057,0.097860,1625719449.386547,-0.024758,0.024744,0.002131,-1.200290,0.000976
176911.577900,396820,90,2,-0.000000,-0.000000,-0.000000,0.036066,-0.061537,0.061875,0.123412,-4616407541.766097,-0.031237,0.031239,0.001739,-1.200530,0.000976
229195.774800,396820,90,2,0.000000,0.000000,0.000000,0.040569,-0.069180,0.069570,0.138751,576985022.196433,-0.035089,0.035114,0.001734,-1.200743,0.000976
379089.257300,396820,90,2,0.000000,0.000000,0.000000,0.050671,-0.086351,0.086850,0.173201,1365452613.605154,-0.043839,0.043850,0.002031,-1.201056,0.000976
497055.720700,396820,90,2,0.000000,-0.000031,0.000000,0.057007,-0.097101,0.097666,0.194767,4490423317.306455,-0.049262,0.049271,0.002005,-1.201335,0.000976
651234.592400,396820,90,2,-0.000000,-0.000000,-0.000000,0.063907,-0.108832,0.109475,0.218307,-10906834394.820898,-0.055225,0.055189,0.001689,-1.201262,0.000976
854037.113600,396820,90,2,-0.000000,-0.000000,-0.000000,0.071817,-0.122264,0.122978,0.245241,-18385387186.685127,-0.062106,0.062020,0.001594,-1.201432,0.000976
1123762.213000,396820,90,2,0.000000,0.000000,0.000000,0.080684,-0.137311,0.138090,0.275401,20655175623.192070,-0.069760,0.069659,0.001694,-1.201859,0.000976
49844.896920,354610,90,2,0.000000,0.000012,0.000000,0.022648,-0.038989,0.038726,0.077715,702762920.647927,-0.019589,0.019540,-0.003485,-1.198312,0.000976
1556608.131000,354610,90,2,0.000000,0.000000,0.000000,0.100833,-0.172837,0.171755,0.344592,25813201021.402176,-0.087184,0.087074,-0.002353,-1.200573,0.000976
2099918.747000,354610,90,2,-0.000000,-0.000000,-0.000000,0.113543,-0.194481,0.193293,0.387774,-3229662844.662703,-0.098132,0.098107,-0.002487,-1.201182,0.000976
2887987.738000,354610,90,2,0.000000,0.000034,0.000000,0.127656,-0.218462,0.217289,0.435751,3039981889.275288,-0.110545,0.110280,-0.001980,-1.201477,0.000976
9614.364399,396820,90,2,0.000000,0.000000,0.000000,0.008921,-0.015368,0.015249,0.030617,212434243.664768,-0.007700,0.007708,-0.003877,-1.198029,0.000976
12559.297540,396820,90,2,0.000000,0.000000,0.000000,0.010151,-0.017476,0.017354,0.034830,49499156.271835,-0.008753,0.008771,-0.003902,-1.198413,0.000976
15436.572390,396820,90,2,0.000000,0.000000,0.000000,0.011370,-0.019560,0.019446,0.039006,1164326982.798407,-0.009823,0.009811,-0.002770,-1.198577,0.000976
19731.979910,396820,90,2,0.000000,0.000000,0.000000,0.012783,-0.022006,0.021856,0.043862,174524407.304162,-0.011040,0.011030,-0.003692,-1.198268,0.000976
31864.273270,396820,90,2,-0.000000,-0.000000,-0.000000,0.016128,-0.027764,0.027557,0.055321,-5606697843962580.000000,-0.013918,0.013937,-0.003872,-1.198327,0.000976
51225.168180,396820,90,2,-0.000000,-0.000000,-0.000000,0.020225,-0.034785,0.034552,0.069338,-2588854349.848779,-0.017444,0.017488,-0.003116,-1.198761,0.000976
176224.470600,396820,90,2,-0.000000,0.000010,-0.000000,0.036090,-0.061915,0.061577,0.123492,-998804612.128775,-0.031215,0.031176,-0.001847,-1.200244,0.000976
292612.617100,396820,90,2,-0.000000,-0.000000,-0.000000,0.045328,-0.077643,0.077275,0.154919,-11603941662.877007,-0.039177,0.039206,-0.001467,-1.201101,0.000976
655128.148800,396820,90,2,-0.000000,-0.000000,-0.000000,0.064076,-0.109697,0.109140,0.218836,-16403395234.794363,-0.055359,0.055485,-0.001697,-1.201407,0.000976
856065.953700,396820,90,2,0.000000,0.000000,0.000000,0.071836,-0.122963,0.122313,0.245276,8173266306.922322,-0.062069,0.062214,-0.001454,-1.201531,0.000976
1127758.631000,396820,90,2,-0.000000,-0.000000,-0.000000,0.080770,-0.138186,0.137506,0.275691,-13784685682.366310,-0.069877,0.069828,-0.001356,-1.201709,0.000976
1469726.296000,396820,90,2,-0.000000,-0.000000,-0.000000,0.090081,-0.154212,0.153254,0.307466,-11530347782.067270,-0.077820,0.077954,-0.002393,-1.201119,0.000976
1969353.105000,396820,90,2,-0.000000,-0.000000,-0.000000,0.101429,-0.173501,0.172494,0.345995,-34621280553.773033,-0.087699,0.087775,-0.001875,-1.201590,0.000976
2667612.198000,396820,90,2,-0.000000,-0.000000,-0.000000,0.114034,-0.194949,0.193850,0.388799,-38923589915.406380,-0.098454,0.098809,-0.002101,-1.201855,0.000976
6366.827855,50070,90,3,0.000000,-0.000229,0.000000,0.047273,-0.077099,0.077699,0.154798,1308306843.726763,-0.044123,0.044206,0.009456,-1.329180,0.000976
11964.424090,50060,90,3,0.000000,-0.000160,0.000000,0.059294,-0.096599,0.097396,0.193995,7589553846.511998,-0.055434,0.055427,0.010006,-1.330027,0.000976
24279.164670,50060,90,3,0.000000,-0.000177,0.000000,0.075226,-0.122606,0.123674,0.246280,7002846158.075761,-0.070319,0.070266,0.010091,-1.328832,0.000976
32413.162450,50060,90,3,-0.000000,-0.000487,-0.000000,0.083183,-0.135131,0.136615,0.271746,-12168542317.358091,-0.077882,0.077812,0.013916,-1.331062,0.000976
47754.765510,50070,90,3,0.000000,-0.000522,0.000000,0.093924,-0.152714,0.154293,0.307008,6869839684.179522,-0.088035,0.087743,0.012674,-1.330967,0.000976
96820.228050,50070,90,3,-0.000000,-0.000685,-0.000000,0.118791,-0.193564,0.195316,0.388879,-8109494611.368337,-0.110922,0.111088,0.011068,-1.328419,0.000976
133439.004400,50060,90,3,-0.000000,-0.000460,-0.000000,0.133367,-0.217011,0.219139,0.436150,-34141849807.709934,-0.124612,0.124743,0.011911,-1.329525,0.000976
5934.262562,56160,90,3,-0.000000,-0.000120,-0.000000,0.042143,-0.068658,0.069103,0.137761,-43154626702.432747,-0.039310,0.039362,0.007777,-1.328202,0.000976
14450.463000,56160,90,3,-0.000000,-0.000192,-0.000000,0.058833,-0.095823,0.096440,0.192263,-1434416369.799774,-0.055020,0.054960,0.007464,-1.328672,0.000976
28616.461850,56160,90,3,0.000000,-0.000299,0.000000,0.074110,-0.120381,0.121393,0.241774,2299662349.157466,-0.069323,0.069360,0.009884,-1.330554,0.000976
56940.784100,56160,90,3,-0.000000,-0.000407,-0.000000,0.094035,-0.152856,0.154146,0.307002,-19258503330.837440,-0.087893,0.087789,0.010584,-1.329149,0.000976
81462.455760,56160,90,3,0.000000,-0.000431,0.000000,0.105906,-0.172305,0.173681,0.345986,13555860573.965965,-0.098952,0.098910,0.009611,-1.328553,0.000976
114369.470500,56160,90,3,0.000000,-0.000521,0.000000,0.118698,-0.193173,0.194578,0.387751,15193327938.489183,-0.110987,0.110838,0.008945,-1.328428,0.000976
158060.097800,56160,90,3,0.000000,-0.000589,0.000000,0.133145,-0.216486,0.218307,0.434793,2963937426.517462,-0.124518,0.124367,0.009764,-1.329218,0.000976
218740.415500,56160,90,3,-0.000000,-0.000614,-0.000000,0.147896,-0.240143,0.242001,0.482144,-3155103088.574049,-0.138641,0.138333,0.009491,-1.331651,0.000976
4766.107073,70770,90,3,-0.000000,-0.000064,-0.000000,0.033532,-0.054750,0.055067,0.109817,-624313862.800928,-0.031371,0.031308,0.005400,-1.326265,0.000976
5991.421760,70760,90,3,-0.000000,-0.000024,-0.000000,0.037106,-0.060462,0.060853,0.121315,-791603569.953071,-0.034744,0.034722,0.006879,-1.328348,0.000976
8257.301331,70760,90,3,-0.000000,-0.000000,-0.000000,0.041835,-0.068234,0.068603,0.136837,-1044854559.167950,-0.039129,0.039056,0.005305,-1.327758,0.000976
10733.718610,70760,90,3,0.000000,-0.000003,0.000000,0.046891,-0.076493,0.076927,0.153420,3429722958.313627,-0.043769,0.043726,0.005630,-1.327211,0.000976
20877.508950,70760,90,3,0.000000,-0.000095,0.000000,0.058946,-0.095836,0.096602,0.192438,1077877863.995262,-0.055183,0.055224,0.008981,-1.330181,0.000976
29029.322660,70760,90,3,0.000000,-0.000069,0.000000,0.066355,-0.107938,0.108776,0.216714,13589408948.239767,-0.062071,0.062111,0.008635,-1.329524,0.000976
113773.364500,70760,90,3,-0.000000,-0.000000,-0.000000,0.106031,-0.172575,0.173927,0.346502,-2714396509.247262,-0.099335,0.098949,0.007947,-1.328382,0.000976
158466.565600,70770,90,3,0.000000,-0.000393,0.000000,0.117634,-0.191201,0.192756,0.383957,24091357527.172897,-0.110370,0.109833,0.008070,-1.330881,0.000976
222989.930100,70760,90,3,-0.000000,-0.000314,-0.000000,0.132700,-0.215948,0.217153,0.433102,-7549133038.603833,-0.124084,0.123930,0.005337,-1.330250,0.000976
306788.111900,70760,90,3,0.000000,-0.000131,0.000000,0.149261,-0.242967,0.244438,0.487405,19105556208.033825,-0.139762,0.139258,0.005667,-1.329140,0.000976
417873.743400,70760,90,3,-0.000000,-0.000181,-0.000000,0.167024,-0.272014,0.273556,0.545571,-42758132792.525475,-0.156304,0.155963,0.005599,-1.328935,0.000976
3229.489229,79410,90,3,0.000000,-0.000089,0.000000,0.026295,-0.042771,0.043086,0.085857,292676687.736827,-0.024578,0.024564,0.007651,-1.328504,0.000976
9839.716970,79410,90,3,-0.000000,-0.000065,-0.000000,0.041586,-0.067721,0.068205,0.135926,-401741151.414143,-0.038903,0.038702,0.007361,-1.326476,0.000976
13474.957510,79410,90,3,-0.000000,-0.000149,-0.000000,0.047365,-0.077186,0.077758,0.154944,-1347276109.920831,-0.044197,0.044140,0.007612,-1.325116,0.000976
18142.264170,79410,90,3,-0.000000,-0.000247,-0.000000,0.052354,-0.085069,0.085798,0.170867,-4123858183.399872,-0.048910,0.048850,0.009597,-1.328446,0.000976
35228.420020,79410,90,3,0.000000,-0.000251,0.000000,0.066614,-0.108271,0.109131,0.217402,1482887314.429240,-0.062251,0.062061,0.008755,-1.328113,0.000976
49728.531180,79410,90,3,0.000000,-0.000293,0.000000,0.074825,-0.121748,0.122682,0.244430,2253563292.700158,-0.069932,0.069801,0.008793,-1.326615,0.000976
69334.595860,79410,90,3,0.000000,-0.000350,0.000000,0.084010,-0.136603,0.137696,0.274298,2150652643.566931,-0.078547,0.078377,0.009003,-1.327486,0.000976
96954.134220,79410,90,3,0.000000,-0.000376,0.000000,0.094362,-0.153377,0.154711,0.308087,2841966854.221782,-0.088154,0.088043,0.009436,-1.327535,0.000976
188763.156400,79410,90,3,-0.000000,-0.000356,-0.000000,0.117849,-0.191421,0.192865,0.384286,-10970726215.706741,-0.110310,0.109857,0.008199,-1.329479,0.000976
262026.641600,79410,90,3,-0.000000,-0.000297,-0.000000,0.132680,-0.215722,0.217149,0.432871,-8491488020.926669,-0.123886,0.123824,0.006954,-1.328461,0.000976
492830.895900,79410,90,3,0.000000,-0.000504,0.000000,0.167058,-0.271636,0.273555,0.545191,17106677765.413496,-0.156185,0.155894,0.007604,-1.328169,0.000976
2314.255210,89210,90,3,0.000000,-0.000009,0.000000,0.020787,-0.033802,0.034070,0.067872,3547593549.076632,-0.019433,0.019390,0.008366,-1.326733,0.000976
2918.349373,89210,90,3,-0.000000,-0.000045,-0.000000,0.023390,-0.038030,0.038370,0.076400,-374235240.685635,-0.021859,0.021793,0.009564,-1.326284,0.000976
12420.371020,89210,90,3,-0.000000,-0.000039,-0.000000,0.042133,-0.068587,0.069191,0.137779,-1106260636.697076,-0.039248,0.039182,0.008999,-1.324203,0.000976
16172.965760,89200,90,3,0.000000,-0.000164,0.000000,0.046588,-0.075664,0.076365,0.152029,15901965228.549314,-0.043615,0.043414,0.010280,-1.328241,0.000976
22268.728860,89200,90,3,0.000000,-0.000115,0.000000,0.052498,-0.085297,0.086026,0.171323,53758359501.759720,-0.049165,0.048959,0.009307,-1.327802,0.000976
43208.596640,89210,90,3,0.000000,-0.000118,0.000000,0.066651,-0.108358,0.109278,0.217636,5250021972.921988,-0.062272,0.062058,0.009021,-1.326141,0.000976
59910.057800,89210,90,3,0.000000,-0.000086,0.000000,0.074796,-0.121566,0.122626,0.244192,6382608223.635049,-0.069918,0.069619,0.009359,-1.326401,0.000976
83377.897490,89210,90,3,-0.000000,-0.000202,-0.000000,0.083734,-0.136065,0.137260,0.273325,-2143582888.540222,-0.078242,0.077935,0.009059,-1.326808,0.000976
115552.823400,89210,90,3,-0.000000,-0.000367,-0.000000,0.092968,-0.150891,0.152088,0.302979,-8654490854.950661,-0.086981,0.086909,0.008370,-1.329217,0.000976
162097.769200,89210,90,3,-0.000000,-0.000315,-0.000000,0.104910,-0.170284,0.171717,0.342001,-15346919560.097063,-0.098007,0.098047,0.008567,-1.328998,0.000976
225904.413000,89210,90,3,-0.000000,-0.000402,-0.000000,0.118163,-0.191967,0.193454,0.385421,-120999218848.191437,-0.110449,0.110013,0.007995,-1.327736,0.000976
311528.825600,89210,90,3,0.000000,-0.000339,0.000000,0.132205,-0.214921,0.216359,0.431280,7125136517.607746,-0.123553,0.123210,0.007007,-1.327639,0.000976
427426.566700,89210,90,3,0.000000,-0.000318,0.000000,0.148688,-0.241646,0.243485,0.485130,4758007833.529147,-0.139034,0.138524,0.008136,-1.327441,0.000976
584587.295300,89210,90,3,-0.000000,-0.000205,-0.000000,0.166999,-0.271325,0.273492,0.544817,-3420137767.920722,-0.156225,0.155495,0.008014,-1.327488,0.000976
2246.998212,99980,90,3,-0.000000,-0.000036,-0.000000,0.018575,-0.030242,0.030562,0.060804,-634026704.995454,-0.017350,0.017341,0.009658,-1.325902,0.000976
2833.753662,99970,90,3,0.000000,-0.000072,0.000000,0.020918,-0.034051,0.034436,0.068487,369314205.534926,-0.019573,0.019460,0.010915,-1.325678,0.000976
3759.777665,99970,90,3,-0.000000,-0.000053,-0.000000,0.023756,-0.038740,0.039136,0.077876,-623744383.249031,-0.022151,0.022145,0.009035,-1.323306,0.000976
6418.790142,99970,90,3,0.000000,-0.000093,0.000000,0.029589,-0.048224,0.048717,0.096941,30299196349.070930,-0.027579,0.027567,0.009478,-1.324491,0.000976
8411.597871,99970,90,3,-0.000000,-0.000117,-0.000000,0.033256,-0.054190,0.054773,0.108964,-549260748.416963,-0.031016,0.031001,0.009828,-1.324407,0.000976
11491.974830,99970,90,3,-0.000000,-0.000123,-0.000000,0.037636,-0.061310,0.062048,0.123359,-837808295.956829,-0.035107,0.035094,0.010831,-1.323798,0.000976
15509.134140,99980,90,3,-0.000000,-0.000190,-0.000000,0.041642,-0.067663,0.068457,0.136120,-820026737.478842,-0.038992,0.038904,0.011061,-1.328120,0.000976
20481.466770,99970,90,3,0.000000,-0.000094,0.000000,0.046949,-0.076322,0.077170,0.153492,3205073261.472557,-0.043908,0.043819,0.010663,-1.327314,0.000976
28161.507900,99980,90,3,-0.000000,-0.000241,-0.000000,0.052912,-0.086061,0.086960,0.173021,-1425832893.169560,-0.049424,0.049275,0.009918,-1.327230,0.000976
38899.218100,99970,90,3,-0.000000,-0.000110,-0.000000,0.059574,-0.096951,0.097984,0.194935,-3812740774.900496,-0.055612,0.055499,0.009453,-1.325864,0.000976
73915.611310,99970,90,3,-0.000000,-0.000119,-0.000000,0.074992,-0.121962,0.123344,0.245305,-4799502674.401411,-0.070186,0.069938,0.009631,-1.326530,0.000976
141791.735400,99970,90,3,0.000000,-0.000095,0.000000,0.093784,-0.152360,0.153947,0.306307,12004270135.099817,-0.087637,0.087655,0.008927,-1.328405,0.000976
196368.170600,99970,90,3,0.000000,-0.000054,0.000000,0.105518,-0.171536,0.173265,0.344800,3087142361.739552,-0.098716,0.098471,0.008332,-1.327574,0.000976
272741.262400,99980,90,3,0.000000,-0.000450,0.000000,0.118199,-0.192191,0.194130,0.386321,6051790029.578640,-0.110421,0.110225,0.008434,-1.327288,0.000976
374620.570500,99980,90,3,-0.000000,-0.000538,-0.000000,0.132781,-0.215890,0.218041,0.433931,-5665303783.874282,-0.124144,0.123840,0.008510,-1.327725,0.000976
682727.515800,99980,90,3,-0.000000,-0.000343,-0.000000,0.164678,-0.267287,0.270507,0.537794,-5110006444.706297,-0.153914,0.153723,0.011113,-1.328191,0.000976
4665.512284,112170,90,3,0.000000,-0.000119,0.000000,0.023423,-0.038095,0.038483,0.076578,1598979122.426289,-0.021858,0.021791,0.010663,-1.325168,0.000976
6238.637355,112170,90,3,0.000000,-0.000132,0.000000,0.026446,-0.043022,0.043465,0.086487,752248204.679290,-0.024690,0.024624,0.010379,-1.324796,0.000976
8146.833905,112170,90,3,0.000000,-0.000149,0.000000,0.029712,-0.048352,0.048865,0.097217,3803100622.610581,-0.027744,0.027656,0.010806,-1.323819,0.000976
14662.953300,112170,90,3,0.000000,-0.000186,0.000000,0.037256,-0.060434,0.061126,0.121560,1059719327.279441,-0.034900,0.034693,0.011628,-1.328233,0.000976
19755.893530,112170,90,3,0.000000,-0.000199,0.000000,0.041939,-0.068084,0.068803,0.136888,3067501384.164896,-0.039266,0.039088,0.010928,-1.327716,0.000976
26119.248320,112180,90,3,0.000000,-0.000114,0.000000,0.047288,-0.076751,0.077547,0.154298,1100511969.523502,-0.044253,0.044120,0.010418,-1.327208,0.000976
35676.978210,112170,90,3,0.000000,-0.000191,0.000000,0.053158,-0.086431,0.087296,0.173727,4948491023.736115,-0.049608,0.049603,0.009960,-1.325147,0.000976
91085.553680,112170,90,3,-0.000000,-0.000271,-0.000000,0.074247,-0.120416,0.121674,0.242090,-15205664723.904394,-0.069518,0.069195,0.010137,-1.328783,0.000976
126660.666200,112170,90,3,-0.000000,-0.000294,-0.000000,0.083830,-0.135974,0.137433,0.273407,-2682560253.866283,-0.078508,0.078247,0.010118,-1.328459,0.000976
174547.275400,112170,90,3,-0.000000,-0.000253,-0.000000,0.094274,-0.153065,0.154513,0.307579,-16089403690.816250,-0.088214,0.088029,0.008692,-1.327865,0.000976
239534.490000,112170,90,3,-0.000000,-0.000271,-0.000000,0.105573,-0.171418,0.173103,0.344521,-1424636556210792.000000,-0.098616,0.098632,0.008847,-1.327397,0.000976
454893.100900,112180,90,3,-0.000000,-0.000060,-0.000000,0.133341,-0.216431,0.218548,0.434979,-3792804780.104602,-0.124823,0.124151,0.008776,-1.326990,0.000976
605442.556800,112180,90,3,0.000000,-0.000787,0.000000,0.147367,-0.238730,0.241678,0.480409,75452167550.674561,-0.137856,0.137261,0.012079,-1.327906,0.000976
2231.089851,125930,90,3,0.000000,-0.000043,0.000000,0.014736,-0.023953,0.024273,0.048226,754499258.247017,-0.013757,0.013733,0.012416,-1.325495,0.000976
2863.209759,125920,90,3,0.000000,-0.000099,0.000000,0.016675,-0.027077,0.027480,0.054557,898708098.839271,-0.015594,0.015502,0.013695,-1.324785,0.000976
3745.356565,125920,90,3,-0.000000,-0.000091,-0.000000,0.018820,-0.030634,0.031035,0.061670,-9635874205.649239,-0.017539,0.017510,0.012338,-1.322671,0.000976
4764.069041,125920,90,3,-0.000000,-0.000109,-0.000000,0.020876,-0.033939,0.034390,0.068329,-1125118142.670836,-0.019487,0.019410,0.012514,-1.324459,0.000976
6207.750257,125920,90,3,-0.000000,-0.000091,-0.000000,0.023606,-0.038406,0.038899,0.077306,-326653872.449059,-0.021995,0.021978,0.011716,-1.323829,0.000976
7956.449469,125920,90,3,-0.000000,-0.000124,-0.000000,0.026470,-0.043051,0.043640,0.086691,-4517556008.573545,-0.024682,0.024639,0.012325,-1.323441,0.000976
10748.896490,125920,90,3,0.000000,-0.000147,0.000000,0.030011,-0.048805,0.049515,0.098321,569106309.289784,-0.027966,0.027949,0.013130,-1.322867,0.000976
14067.102250,125920,90,3,0.000000,-0.000139,0.000000,0.033205,-0.053855,0.054598,0.108453,2615511142.940344,-0.031036,0.030961,0.012993,-1.327599,0.000976
18848.287130,125920,90,3,0.000000,-0.000111,0.000000,0.037341,-0.060622,0.061402,0.122024,503119159.477023,-0.034914,0.034835,0.011629,-1.326816,0.000976
25227.956670,125930,90,3,-0.000000,-0.000208,-0.000000,0.042065,-0.068311,0.069148,0.137459,-4307459277.821889,-0.039361,0.039151,0.010784,-1.326872,0.000976
44801.120500,125920,90,3,0.000000,-0.000161,0.000000,0.053175,-0.086357,0.087482,0.173838,605008286.209324,-0.049739,0.049478,0.011319,-1.325921,0.000976
114005.037800,125930,90,3,-0.000000,-0.000376,-0.000000,0.074535,-0.120861,0.122346,0.243207,-8480435880.794375,-0.069881,0.069405,0.009892,-1.328348,0.000976
292368.715400,125920,90,3,-0.000000,-0.000231,-0.000000,0.105698,-0.171503,0.173667,0.345170,-21646967586.446552,-0.098919,0.098332,0.009974,-1.327021,0.000976
534704.651000,125920,90,3,0.000000,-0.000718,0.000000,0.131143,-0.212397,0.215510,0.427907,33572830114.109417,-0.122819,0.122161,0.012348,-1.328043,0.000976
997732.200500,125920,90,3,0.000000,-0.000829,0.000000,0.166171,-0.269043,0.272877,0.541920,24308150197.275265,-0.155671,0.154557,0.012082,-1.328312,0.000976
3044.084213,141270,90,3,0.000000,-0.000055,0.000000,0.014794,-0.024023,0.024380,0.048402,473393483.698156,-0.013801,0.013793,0.014377,-1.325163,0.000976
3872.602218,141270,90,3,0.000000,-0.000082,0.000000,0.016722,-0.027207,0.027578,0.054785,1317165723.963123,-0.015556,0.015546,0.013081,-1.322941,0.000976
4851.066372,141270,90,3,0.000000,-0.000101,0.000000,0.018506,-0.030083,0.030482,0.060565,9475059557.212341,-0.017257,0.017252,0.012737,-1.324626,0.000976
6389.297493,141270,90,3,0.000000,-0.000081,0.000000,0.020938,-0.034060,0.034506,0.068565,765750859.338531,-0.019529,0.019465,0.012260,-1.323738,0.000976
10695.193350,141270,90,3,0.000000,-0.000126,0.000000,0.026546,-0.043170,0.043810,0.086980,5436633866.386554,-0.024675,0.024693,0.013568,-1.322684,0.000976
14227.450250,141270,90,3,0.000000,-0.000112,0.000000,0.029391,-0.047699,0.048311,0.096009,716571634.346574,-0.027497,0.027352,0.010826,-1.326957,0.000976
18623.915210,141270,90,3,0.000000,-0.000151,0.000000,0.033156,-0.053801,0.054507,0.108308,2611688159.785833,-0.030945,0.030910,0.011351,-1.327593,0.000976
24454.658590,141270,90,3,-0.000000,-0.000205,-0.000000,0.037314,-0.060529,0.061346,0.121875,-4776126429.017025,-0.034823,0.034779,0.012086,-1.327854,0.000976
42403.855560,141270,90,3,0.000000,-0.000220,0.000000,0.047100,-0.076476,0.077474,0.153951,16076692101.730196,-0.043908,0.043941,0.011570,-1.326353,0.000976
75787.544230,141270,90,3,-0.000000,-0.000318,-0.000000,0.058622,-0.094965,0.096295,0.191260,-1277220327.993951,-0.054921,0.054616,0.011759,-1.328888,0.000976
140828.152700,141270,90,3,-0.000000,-0.000267,-0.000000,0.074446,-0.120704,0.122307,0.243011,-2459130494.545167,-0.069512,0.069531,0.010718,-1.327707,0.000976
191297.249200,141270,90,3,-0.000000,-0.000253,-0.000000,0.083415,-0.135331,0.137014,0.272345,-5338557099.976387,-0.077788,0.077903,0.009436,-1.327169,0.000976
354999.067100,141270,90,3,-0.000000,-0.000427,-0.000000,0.105291,-0.170710,0.172997,0.343707,-53907509384.797028,-0.098233,0.098318,0.010157,-1.327224,0.000976
471892.071800,141270,90,3,0.000000,-0.000485,0.000000,0.116155,-0.188085,0.190875,0.378961,29735459240.630074,-0.108378,0.108435,0.012078,-1.327797,0.000976
649562.522900,141270,90,3,0.000000,-0.000525,0.000000,0.130878,-0.211850,0.214902,0.426752,33504908601.890747,-0.122258,0.122282,0.011943,-1.328711,0.000976
879834.803400,141270,90,3,0.000000,-0.000604,0.000000,0.147440,-0.238693,0.242102,0.480795,8881105216.769966,-0.137605,0.137732,0.011658,-1.328245,0.000976
1197138.716000,141270,90,3,-0.000000,-0.000619,-0.000000,0.166018,-0.268769,0.272580,0.541349,-24285850260.088406,-0.155179,0.154749,0.011450,-1.328555,0.000976
2443.520886,158750,90,3,-0.000000,-0.000076,-0.000000,0.011755,-0.019076,0.019347,0.038422,-1203728967.377750,-0.010980,0.010949,0.013914,-1.326492,0.000976
3138.580084,158750,90,3,0.000000,-0.000080,0.000000,0.013289,-0.021547,0.021889,0.043435,647981777.372635,-0.012409,0.012372,0.014842,-1.325848,0.000976
4034.844994,158740,90,3,-0.000000,-0.000056,-0.000000,0.015039,-0.024427,0.024777,0.049204,-169226197.998274,-0.014019,0.013997,0.013156,-1.324409,0.000976
5066.237173,158740,90,3,-0.000000,-0.000056,-0.000000,0.016688,-0.027080,0.027469,0.054550,-949369060.142740,-0.015605,0.015531,0.013059,-1.325863,0.000976
6581.491213,158740,90,3,-0.000000,-0.000066,-0.000000,0.018799,-0.030514,0.030951,0.061465,-320831390.967219,-0.017572,0.017494,0.013260,-1.325355,0.000976
8422.323180,158750,90,3,-0.000000,-0.000116,-0.000000,0.021078,-0.034216,0.034720,0.068936,-5395853338.549441,-0.019706,0.019645,0.013744,-1.324975,0.000976
11074.043710,158750,90,3,-0.000000,-0.000156,-0.000000,0.023917,-0.038826,0.039434,0.078261,-874671897.420147,-0.022331,0.022204,0.013840,-1.323879,0.000976
14409.977060,158750,90,3,-0.000000,-0.000118,-0.000000,0.026478,-0.042878,0.043498,0.086376,-5422789202.003711,-0.024831,0.024700,0.012588,-1.328939,0.000976
18867.211180,158750,90,3,-0.000000,-0.000108,-0.000000,0.029814,-0.048312,0.048953,0.097264,-15264655232.654217,-0.027961,0.027772,0.010939,-1.328731,0.000976
24666.729890,158750,90,3,-0.000000,-0.000115,-0.000000,0.033595,-0.054426,0.055170,0.109596,-781854134.356667,-0.031476,0.031294,0.011257,-1.328538,0.000976
32386.257070,158750,90,3,0.000000,-0.000127,0.000000,0.037753,-0.061260,0.062052,0.123312,7731819013.394080,-0.035266,0.035162,0.010662,-1.326476,0.000976
42684.661570,158750,90,3,-0.000000,-0.000134,-0.000000,0.042398,-0.068725,0.069670,0.138395,-1240457324.396427,-0.039600,0.039512,0.011016,-1.327545,0.000976
55327.055950,158740,90,3,-0.000000,-0.000266,-0.000000,0.047643,-0.077184,0.078324,0.155508,-12196707805.238712,-0.044576,0.044360,0.011888,-1.327414,0.000976
73669.999570,158740,90,3,-0.000000,-0.000252,-0.000000,0.052777,-0.085370,0.086615,0.171986,-1286745538.156442,-0.049520,0.049248,0.011417,-1.329700,0.000976
133467.585900,158740,90,3,-0.000000,-0.000322,-0.000000,0.066992,-0.108443,0.109951,0.218394,-2858348008.428171,-0.062689,0.062526,0.010357,-1.328663,0.000976
180211.523600,158750,90,3,0.000000,-0.000155,0.000000,0.075005,-0.121497,0.123084,0.244580,5486111817.872188,-0.070174,0.069940,0.009160,-1.328186,0.000976
242275.121000,158740,90,3,-0.000000,-0.000414,-0.000000,0.084312,-0.136499,0.138406,0.274905,-5395979571.251757,-0.078897,0.078484,0.010306,-1.327992,0.000976
328087.377400,158750,90,3,0.000000,-0.000272,0.000000,0.094765,-0.153377,0.155548,0.308925,9703879856.069490,-0.088561,0.088306,0.010027,-1.328224,0.000976
433295.313200,158740,90,3,0.000000,-0.000335,0.000000,0.104567,-0.169039,0.171742,0.340782,15296572780.816629,-0.097965,0.097245,0.012360,-1.328318,0.000976
597130.567400,158740,90,3,0.000000,-0.000221,0.000000,0.117842,-0.190448,0.193352,0.383800,120670539288.931549,-0.110345,0.109780,0.011642,-1.329499,0.000976
807753.833500,158750,90,3,-0.000000,-0.000698,-0.000000,0.132617,-0.214179,0.217625,0.431803,-8487459927.475287,-0.124024,0.123646,0.012755,-1.329801,0.000976
1494556.587000,158750,90,3,-0.000000,-0.000429,-0.000000,0.168153,-0.271724,0.275824,0.547548,-9062647794.192625,-0.157467,0.156997,0.012073,-1.329508,0.000976
2523.873037,177900,90,3,-0.000000,-0.000056,-0.000000,0.010437,-0.016928,0.017189,0.034117,-118745925.520460,-0.009752,0.009720,0.014360,-1.325590,0.000976
3223.450937,177900,90,3,0.000000,-0.000077,0.000000,0.011772,-0.019081,0.019402,0.038484,2410908934.066625,-0.010995,0.010954,0.016107,-1.325091,0.000976
4103.531969,177900,90,3,-0.000000,-0.000078,-0.000000,0.013310,-0.021608,0.021947,0.043555,-1048396814.509769,-0.012391,0.012401,0.014837,-1.323736,0.000976
5168.882483,177900,90,3,0.000000,-0.000075,0.000000,0.014749,-0.023924,0.024296,0.048220,302062655.346327,-0.013772,0.013732,0.013802,-1.324579,0.000976
6678.027082,177900,90,3,-0.000000,-0.000089,-0.000000,0.016673,-0.027056,0.027477,0.054533,-167388297.128907,-0.015522,0.015531,0.013760,-1.324340,0.000976
11154.883230,177900,90,3,0.000000,-0.000116,0.000000,0.021219,-0.034428,0.035019,0.069447,388003633.192730,-0.019761,0.019720,0.014843,-1.322822,0.000976
14243.484040,177900,90,3,-0.000000,-0.000061,-0.000000,0.023384,-0.037886,0.038429,0.076315,-886841762.946234,-0.021882,0.021823,0.011884,-1.327722,0.000976
18529.972240,177900,90,3,0.000000,-0.000064,0.000000,0.026368,-0.042723,0.043328,0.086051,871006146.576982,-0.024620,0.024605,0.011722,-1.327842,0.000976
24133.379200,177900,90,3,0.000000,-0.000109,0.000000,0.029705,-0.048117,0.048822,0.096939,3379729427.528541,-0.027717,0.027639,0.011895,-1.327453,0.000976
31764.170630,177900,90,3,-0.000000,-0.000116,-0.000000,0.033453,-0.054273,0.055024,0.109297,-2635039136.592607,-0.031243,0.031137,0.010395,-1.325444,0.000976
53923.736550,177900,90,3,-0.000000,-0.000124,-0.000000,0.042154,-0.068295,0.069328,0.137623,-2684891134646129.000000,-0.039372,0.039241,0.011647,-1.326500,0.000976
165927.462100,177900,90,3,-0.000000,-0.000256,-0.000000,0.066448,-0.107570,0.109112,0.216682,-5670262376.584906,-0.062084,0.061909,0.009598,-1.327212,0.000976
222390.893100,177900,90,3,-0.000000,-0.000211,-0.000000,0.074626,-0.120792,0.122570,0.243362,-25472636250.607616,-0.069735,0.069538,0.010352,-1.327178,0.000976
299109.082600,177900,90,3,0.000000,-0.000155,0.000000,0.083770,-0.135559,0.137579,0.273138,14296574192.845297,-0.078258,0.078042,0.010653,-1.327221,0.000976
391555.282900,177900,90,3,-0.000000,-0.000460,-0.000000,0.092619,-0.149602,0.152103,0.301705,-3512650791.958519,-0.086672,0.086380,0.012751,-1.328801,0.000976
533719.643000,177900,90,3,0.000000,-0.000361,0.000000,0.104246,-0.168391,0.171096,0.339487,7624802797.444413,-0.097434,0.097293,0.011704,-1.328926,0.000976
977373.973800,177900,90,3,0.000000,-0.000652,0.000000,0.132173,-0.213525,0.216930,0.430455,3980745129.294106,-0.123631,0.123335,0.012229,-1.328352,0.000976
1329875.852000,177900,90,3,0.000000,-0.000574,0.000000,0.148792,-0.240497,0.244184,0.484681,16929213574.385685,-0.138864,0.138908,0.011130,-1.328030,0.000976
4358.378271,199190,90,3,0.000000,-0.000070,0.000000,0.011936,-0.019368,0.019690,0.039057,436504830.786673,-0.011115,0.011118,0.014508,-1.323502,0.000976
7019.227297,199190,90,3,0.000000,-0.000081,0.000000,0.014912,-0.024202,0.024579,0.048780,848334769.772453,-0.013883,0.013883,0.013245,-1.324104,0.000976
8819.517230,199190,90,3,0.000000,-0.000094,0.000000,0.016647,-0.026994,0.027440,0.054434,655628688.378371,-0.015507,0.015505,0.013589,-1.324494,0.000976
19051.259930,199190,90,3,0.000000,-0.000037,0.000000,0.023578,-0.038187,0.038737,0.076925,305613021.837088,-0.022019,0.021958,0.010616,-1.327794,0.000976
24484.057150,199190,90,3,-0.000000,-0.000063,-0.000000,0.026499,-0.042942,0.043543,0.086485,-695780967.024793,-0.024760,0.024707,0.011001,-1.327509,0.000976
53504.745370,199190,90,3,0.000000,-0.000073,0.000000,0.037578,-0.060863,0.061795,0.122658,652203614.636618,-0.035104,0.034974,0.011380,-1.327042,0.000976
90077.486210,199190,90,3,-0.000000,-0.000119,-0.000000,0.047060,-0.076076,0.077255,0.153332,-803152144.790780,-0.043984,0.043822,0.010735,-1.328530,0.000976
158042.956000,199190,90,3,-0.000000,-0.000098,-0.000000,0.059367,-0.096050,0.097480,0.193531,-868451894.151056,-0.055501,0.055312,0.009154,-1.327861,0.000976
209575.280500,199190,90,3,0.000000,-0.000097,0.000000,0.066671,-0.107837,0.109515,0.217352,3792842465.201602,-0.062336,0.062102,0.010072,-1.327343,0.000976
279993.704500,199190,90,3,0.000000,-0.000224,0.000000,0.074809,-0.120935,0.122865,0.243800,10943412488.057037,-0.069960,0.069652,0.010660,-1.327903,0.000976
364868.686500,199190,90,3,-0.000000,-0.000506,-0.000000,0.082854,-0.133653,0.136101,0.269754,-10605363174.659195,-0.077567,0.077249,0.012960,-1.328738,0.000976
493906.750700,199190,90,3,-0.000000,-0.000332,-0.000000,0.093211,-0.150477,0.152955,0.303432,-3384729748077209.500000,-0.087252,0.086853,0.010809,-1.329111,0.000976
656185.533700,199190,90,3,0.000000,-0.000619,0.000000,0.104971,-0.169293,0.172409,0.341702,7677930223.605928,-0.098107,0.097761,0.013251,-1.329040,0.000976
889857.176800,199190,90,3,0.000000,-0.000618,0.000000,0.118161,-0.190725,0.193991,0.384716,3024932624.250432,-0.110250,0.110094,0.011913,-1.328296,0.000976
1202757.065000,199190,90,3,-0.000000,-0.000701,-0.000000,0.132936,-0.214598,0.218279,0.432877,-4125033566.276242,-0.123988,0.123931,0.011766,-1.327925,0.000976
2703.669878,224200,90,3,-0.000000,-0.000056,-0.000000,0.008291,-0.013434,0.013650,0.027084,-424491323.048240,-0.007742,0.007735,0.013530,-1.327378,0.000976
3413.323454,224200,90,3,-0.000000,-0.000062,-0.000000,0.009368,-0.015165,0.015436,0.030601,-228404674.148793,-0.008740,0.008727,0.015485,-1.326947,0.000976
4403.038048,224200,90,3,0.000000,-0.000072,0.000000,0.010595,-0.017179,0.017465,0.034644,319106478.120968,-0.009864,0.009874,0.013983,-1.325228,0.000976
5474.966018,224200,90,3,-0.000000,-0.000080,-0.000000,0.011735,-0.019008,0.019317,0.038326,-130620856.655520,-0.010935,0.010946,0.013840,-1.327414,0.000976
7111.575381,224200,90,3,-0.000000,-0.000092,-0.000000,0.013268,-0.021490,0.021855,0.043345,-183605890.058068,-0.012350,0.012385,0.013711,-1.326380,0.000976
8909.009048,224200,90,3,0.000000,-0.000086,0.000000,0.014850,-0.024057,0.024467,0.048523,286919228.734030,-0.013822,0.013857,0.013762,-1.326263,0.000976
11594.279380,224200,90,3,-0.000000,-0.000104,-0.000000,0.016870,-0.027339,0.027813,0.055153,-1570411857.806227,-0.015696,0.015685,0.013908,-1.325224,0.000976
14668.768010,224200,90,3,0.000000,-0.000097,0.000000,0.018567,-0.030034,0.030505,0.060539,250164756.433616,-0.017337,0.017351,0.011790,-1.329534,0.000976
19011.250300,224210,90,3,0.000000,-0.000072,0.000000,0.020962,-0.033919,0.034436,0.068356,1192518124.195249,-0.019608,0.019557,0.010862,-1.329110,0.000976
24200.625910,224200,90,3,0.000000,-0.000045,0.000000,0.023605,-0.038206,0.038757,0.076963,268570498.375651,-0.022028,0.022001,0.009881,-1.328787,0.000976
31346.817500,224200,90,3,-0.000000,-0.000072,-0.000000,0.026517,-0.042973,0.043589,0.086562,-2088732090.988452,-0.024757,0.024707,0.010180,-1.327264,0.000976
52458.412050,224200,90,3,0.000000,-0.000100,0.000000,0.033486,-0.054157,0.055033,0.109190,699784553.363323,-0.031269,0.031232,0.011020,-1.328646,0.000976
67451.056430,224200,90,3,-0.000000,-0.000102,-0.000000,0.037091,-0.059897,0.060866,0.120763,-926380463.495851,-0.034709,0.034598,0.010942,-1.330491,0.000976
149938.404900,224200,90,3,-0.000000,-0.000088,-0.000000,0.052693,-0.085164,0.086474,0.171638,-10791670098.170906,-0.049183,0.049148,0.009156,-1.329051,0.000976
198509.367200,224200,90,3,0.000000,-0.000167,0.000000,0.059247,-0.095728,0.097230,0.192958,6740980214.338975,-0.055377,0.055241,0.009489,-1.329307,0.000976
263891.815000,224200,90,3,-0.000000,-0.000162,-0.000000,0.066542,-0.107454,0.109219,0.216672,-34069511327.822231,-0.062160,0.062097,0.009874,-1.329095,0.000976
458643.743800,224200,90,3,-0.000000,-0.000396,-0.000000,0.082880,-0.133617,0.135961,0.269578,-5304307982.457402,-0.077468,0.077458,0.011026,-1.330423,0.000976
607815.539700,224200,90,3,0.000000,-0.000237,0.000000,0.093132,-0.150075,0.152834,0.302909,95366522018.497742,-0.087085,0.086812,0.012051,-1.330299,0.000976
1093378.794000,224200,90,3,-0.000000,-0.000314,-0.000000,0.118162,-0.190522,0.193834,0.384357,-15124884503.949791,-0.110198,0.110391,0.010895,-1.329764,0.000976
2820.228861,251240,90,3,0.000000,-0.000033,0.000000,0.007432,-0.012035,0.012221,0.024256,262433193.934212,-0.006942,0.006913,0.012528,-1.328190,0.000976
3594.001580,251250,90,3,0.000000,-0.000039,0.000000,0.008400,-0.013588,0.013817,0.027404,143363051.272979,-0.007843,0.007816,0.013962,-1.328348,0.000976
5702.110603,251240,90,3,0.000000,-0.000057,0.000000,0.010568,-0.017086,0.017389,0.034475,2705346721.764826,-0.009881,0.009842,0.014062,-1.327533,0.000976
7325.406277,251240,90,3,0.000000,-0.000068,0.000000,0.011925,-0.019292,0.019629,0.038921,581498955.084595,-0.011141,0.011097,0.013671,-1.326855,0.000976
12038.459880,251240,90,3,0.000000,-0.000080,0.000000,0.015146,-0.024509,0.024946,0.049455,408155014.302559,-0.014118,0.014119,0.013747,-1.326110,0.000976
15166.325060,251240,90,3,0.000000,-0.000034,0.000000,0.016669,-0.026945,0.027337,0.054282,387939024.531333,-0.015612,0.015568,0.010202,-1.330475,0.000976
25019.092800,251240,90,3,-0.000000,-0.000031,-0.000000,0.021182,-0.034246,0.034736,0.068982,-401676015.867654,-0.019842,0.019794,0.009248,-1.329942,0.000976
52907.940860,251240,90,3,-0.000000,-0.000038,-0.000000,0.030095,-0.048617,0.049413,0.098030,-684833385.507467,-0.028112,0.028055,0.010208,-1.329142,0.000976
67588.037090,251240,90,3,-0.000000,-0.000110,-0.000000,0.033260,-0.053630,0.054502,0.108131,-2619825725.743927,-0.031148,0.031052,0.010094,-1.331769,0.000976
88204.379560,251240,90,3,-0.000000,-0.000088,-0.000000,0.037562,-0.060538,0.061572,0.122109,-961598729.089343,-0.035211,0.035083,0.010194,-1.331422,0.000976
147177.998900,251240,90,3,0.000000,-0.000116,0.000000,0.047278,-0.076319,0.077496,0.153815,1512899484.831641,-0.044230,0.043995,0.008492,-1.329635,0.000976
193977.760400,251240,90,3,-0.000000,-0.000040,-0.000000,0.053231,-0.085862,0.087264,0.173126,-1758355392.080644,-0.049727,0.049545,0.008763,-1.329796,0.000976
255717.272400,251240,90,3,-0.000000,-0.000039,-0.000000,0.059725,-0.096335,0.097866,0.194201,-61158372130.721016,-0.055777,0.055610,0.008675,-1.330045,0.000976
329093.545500,251240,90,3,0.000000,-0.000304,0.000000,0.066123,-0.106365,0.108407,0.214771,22570095640.897873,-0.061884,0.061569,0.011739,-1.331493,0.000976
440531.052000,251240,90,3,0.000000,-0.000276,0.000000,0.074411,-0.119753,0.121983,0.241736,4010385514.702372,-0.069554,0.069322,0.011322,-1.330847,0.000976
768890.761500,251240,90,3,-0.000000,-0.000522,-0.000000,0.094383,-0.151855,0.154695,0.306549,-24162258213.018806,-0.088353,0.087913,0.011660,-1.330880,0.000976
4791.304450,282480,90,3,0.000000,-0.000050,0.000000,0.008493,-0.013732,0.013984,0.027716,122488621.534431,-0.007927,0.007893,0.013975,-1.325545,0.000976
5899.644482,282480,90,3,0.000000,-0.000048,0.000000,0.009384,-0.015179,0.015426,0.030606,154979463.878371,-0.008784,0.008712,0.013169,-1.326696,0.000976
7597.666391,282480,90,3,-0.000000,-0.000045,-0.000000,0.010610,-0.017165,0.017451,0.034617,-221729463.970997,-0.009917,0.009863,0.012601,-1.325702,0.000976
12333.074530,282480,90,3,-0.000000,-0.000062,-0.000000,0.013474,-0.021793,0.022183,0.043976,-226193639.833655,-0.012558,0.012530,0.013494,-1.324942,0.000976
15594.631650,282480,90,3,0.000000,-0.000017,0.000000,0.014852,-0.023980,0.024359,0.048339,160085260.627041,-0.013889,0.013822,0.009918,-1.329518,0.000976
19955.221920,282480,90,3,-0.000000,-0.000034,-0.000000,0.016759,-0.027061,0.027482,0.054543,-8580640559.582111,-0.015668,0.015607,0.009586,-1.329031,0.000976
25440.239970,282480,90,3,-0.000000,-0.000032,-0.000000,0.018854,-0.030447,0.030920,0.061367,-351033286.779074,-0.017639,0.017564,0.009834,-1.329164,0.000976
32759.034280,282480,90,3,-0.000000,-0.000015,-0.000000,0.021228,-0.034323,0.034843,0.069166,-21737341222.568756,-0.019860,0.019748,0.008834,-1.327099,0.000976
41458.748730,282480,90,3,0.000000,-0.000034,0.000000,0.023857,-0.038531,0.039150,0.077681,1017902519.901632,-0.022313,0.022198,0.009296,-1.327675,0.000976
53270.283340,282480,90,3,-0.000000,-0.000104,-0.000000,0.026762,-0.043202,0.043917,0.087119,-6851062936.755830,-0.025005,0.024848,0.009686,-1.327896,0.000976
67841.204870,282480,90,3,-0.000000,-0.000084,-0.000000,0.029669,-0.047767,0.048649,0.096416,-1320924560.632054,-0.027761,0.027614,0.011067,-1.329406,0.000976
88119.314930,282480,90,3,-0.000000,-0.000015,-0.000000,0.033436,-0.053871,0.054744,0.108616,-951080693.976511,-0.031271,0.031173,0.008359,-1.330331,0.000976
113704.424800,282480,90,3,0.000000,-0.000092,0.000000,0.037598,-0.060600,0.061605,0.122206,699999198.596811,-0.035173,0.034914,0.008279,-1.329168,0.000976
247614.331000,282480,90,3,0.000000,-0.000063,0.000000,0.053163,-0.085629,0.087109,0.172738,2268286363.531417,-0.049783,0.049408,0.009014,-1.328941,0.000976
317592.293500,282480,90,3,0.000000,-0.000243,0.000000,0.058848,-0.094551,0.096443,0.190994,15065104507.281851,-0.055176,0.054662,0.011460,-1.330289,0.000976
554538.546400,282480,90,3,-0.000000,-0.000310,-0.000000,0.074685,-0.119974,0.122320,0.242295,-1778555565.031906,-0.069918,0.069399,0.011236,-1.330545,0.000976
730349.095400,282480,90,3,0.000000,-0.000382,0.000000,0.084025,-0.135023,0.137596,0.272619,21510633163.437580,-0.078549,0.078094,0.010561,-1.330212,0.000976
966650.861800,282480,90,3,0.000000,-0.000396,0.000000,0.094567,-0.152021,0.154844,0.306865,2548329394.355509,-0.088390,0.087975,0.010397,-1.330006,0.000976
3849.815800,316460,90,3,0.000000,-0.000021,0.000000,0.006662,-0.010762,0.010960,0.021723,194904147.312370,-0.006221,0.006173,0.013908,-1.325924,0.000976
4918.928172,316460,90,3,-0.000000,-0.000018,-0.000000,0.007538,-0.012202,0.012404,0.024606,-93001951.432474,-0.007032,0.007008,0.012104,-1.324237,0.000976
6098.828040,316460,90,3,0.000000,-0.000037,0.000000,0.008363,-0.013518,0.013750,0.027268,225365042.992095,-0.007813,0.007773,0.012657,-1.325913,0.000976
7850.997367,316460,90,3,-0.000000,-0.000028,-0.000000,0.009474,-0.015308,0.015589,0.030897,-303166135.536086,-0.008835,0.008800,0.013037,-1.324919,0.000976
12669.438710,316460,90,3,0.000000,-0.000028,0.000000,0.011997,-0.019390,0.019750,0.039140,125355394.018751,-0.011202,0.011151,0.012290,-1.324298,0.000976
15814.292180,316460,90,3,-0.000000,-0.000049,-0.000000,0.013211,-0.021324,0.021669,0.042993,-2705672497.158782,-0.012370,0.012288,0.009634,-1.328200,0.000976
20317.415300,316460,90,3,0.000000,-0.000058,0.000000,0.014889,-0.024033,0.024426,0.048460,217803274.535703,-0.013927,0.013854,0.009727,-1.327446,0.000976
25951.976130,316460,90,3,0.000000,-0.000041,0.000000,0.016795,-0.027113,0.027540,0.054653,301711837.696683,-0.015705,0.015593,0.008556,-1.328053,0.000976
41673.753350,316460,90,3,-0.000000,-0.000060,-0.000000,0.021192,-0.034210,0.034780,0.068990,-1276521787.836866,-0.019811,0.019668,0.009079,-1.326729,0.000976
53402.776280,316460,90,3,0.000000,-0.000074,0.000000,0.023760,-0.038354,0.038987,0.077341,442359658.492740,-0.022236,0.022032,0.009109,-1.326915,0.000976
112528.009400,316460,90,3,0.000000,-0.000077,0.000000,0.033452,-0.053871,0.054829,0.108700,1317505976.322278,-0.031298,0.031069,0.008622,-1.327878,0.000976
145226.508600,316460,90,3,-0.000000,-0.000092,-0.000000,0.037497,-0.060375,0.061444,0.121820,-5485293143.020846,-0.035096,0.034803,0.008501,-1.327802,0.000976
